image_id,path,sha256,history_tag,resize_factor,pillow
00156a1f7f97c5c1,data/images/canonical/00156a1f7f97c5c1.png,dc52700bc71e24163c4f8c674c36c759891c9a4433de9176f702456974a5f3dd,final_transform,0.5,11.1.0
001f874a3b61c718,data/images/canonical/001f874a3b61c718.png,d2bc683b53dd8e90d4fbf2822d6b9abde89687e628967423c1a1a7a0fa6af3de,known_prior_history,0.594,11.1.0
00461038172f09a9,data/images/canonical/00461038172f09a9.png,cb5051d0949de53379b8e4170a2290f5adc72b11a8cb451c1306b5907f95910e,known_prior_history,0.6827,11.1.0
0049ba775b321e88,data/images/canonical/0049ba775b321e88.png,5aaa5f820f09f03e6e7ef432644f22ea84a004417c43f83ee1b24d5f23770e30,final_transform,2.0,11.1.0
004d911a3f3641af,data/images/canonical/004d911a3f3641af.png,151f63d4032edf92d724e35b38f907d842624feb26fa1d7347089349eb6be7c8,known_prior_history,0.6827,11.1.0
0057d0da879c7b36,data/images/canonical/0057d0da879c7b36.png,ec6ed4c662686898b941cfdfb7d02e38197f5c91637dde58ebed24543b8c90ac,final_transform,2.0,11.1.0
0073336ce4b995ed,data/images/canonical/0073336ce4b995ed.png,00b8ee9026722d45a3786620af90f40bde9204a189301ac728e6e2cba11e8faf,known_prior_history,0.6827,11.1.0
0073c60f85164580,data/images/canonical/0073c60f85164580.png,5e5eceeffec6c27bbf22752c790443d959c515a870756cf2cc14d4e48da3ac7d,final_transform,2.0,11.1.0
0077ff5a28829706,data/images/canonical/0077ff5a28829706.png,5c375d16875bcc111f877ab666cb7dbbb252bb2c1cb1710763e5fa11d9ace6d3,final_transform,0.5,11.1.0
009cc0c9acab1357,data/images/canonical/009cc0c9acab1357.png,20f7651bf16547e044b32b74dd4b51dc898977bdf30f222a1ac92ecb292ca878,known_prior_history,0.64,11.1.0
00d230d59224bffc,data/images/canonical/00d230d59224bffc.png,f08e13db881a78b09345a8540812b312e9f583c061e595863771708a3be03d8b,final_transform,1.0,11.1.0
00ff2af6ef869789,data/images/canonical/00ff2af6ef869789.png,66a07855a4cb28dec1fc7c439407c5d8539e0a118841d84a7fb31d45ee54d6df,final_transform,1.0,11.1.0
014bcb54dc457384,data/images/canonical/014bcb54dc457384.png,7e536466d1e1c3aebb88a00c505b14787352a738ea8b4801336ea3f7ea33a191,final_transform,0.5,11.1.0
014e5d99ca67b48e,data/images/canonical/014e5d99ca67b48e.png,10d00b96235b7137494850d8a7b165f7a3581828d46691f884bcff1878c36ce0,final_transform,0.5,11.1.0
015c3da0ced43600,data/images/canonical/015c3da0ced43600.png,154482d68937a47e14722ee4fcb67e1d878b5b2430b89752b5790936046e3fa0,known_prior_history,0.6416,11.1.0
01636fb98adde75d,data/images/canonical/01636fb98adde75d.png,75586780d48e3dd1e9de89c33ff8ef6c82ceff9572ab4ca54481b8347b943f5d,known_prior_history,0.6465,11.1.0
0167f1b94a8db39d,data/images/canonical/0167f1b94a8db39d.png,0733089de2c57d18d1e045da88f325dd1569bf24b4218750b23bef29e11d6890,known_prior_history,0.6827,11.1.0
018742f9486e554c,data/images/canonical/018742f9486e554c.png,652be4551d90eb56e356b9ea85df5fc39cc5befb30d75039bbf8ff1998a611a2,final_transform,0.5,11.1.0
01a690cb3ec1ea62,data/images/canonical/01a690cb3ec1ea62.png,3889bdd07857400eac9840422bed67a5b4763c046d160f12b810ebf864f9872d,final_transform,0.5,11.1.0
01ae0a6d9af77fb9,data/images/canonical/01ae0a6d9af77fb9.png,9c6b2388e264cf8f1ff6c28807d8b5357bc6eb07fc78532ae70e44da8417c3ee,known_prior_history,0.6827,11.1.0
01b204fbc2a3c382,data/images/canonical/01b204fbc2a3c382.png,40235fcb6200e01e5cca3b23fea1bb84f9993330611d00398e2110b65928b270,known_prior_history,0.6827,11.1.0
01c3ac314c56e8fe,data/images/canonical/01c3ac314c56e8fe.png,30f79d7d79b7a367b6387196ffe7318236293a1b4141777a366f1c9a062628e4,known_prior_history,0.69,11.1.0
01c8e174b82fa6e5,data/images/canonical/01c8e174b82fa6e5.png,4febbf3c4e376de27dbc02e2273928ca2db7a51984c1597651b88063648cdd5b,final_transform,2.0,11.1.0
01c9ef11bf0a079e,data/images/canonical/01c9ef11bf0a079e.png,3be8a71bb7d8042ddff3c82a627e6da40e9a7f7535f973aac18359b2db42d5ed,known_prior_history,0.5727,11.1.0
01cb8b8d61309809,data/images/canonical/01cb8b8d61309809.png,8a0299a35aa1930899a65cc6371f07a5ba80515e94276d2f7025897f9e2a3c8a,final_transform,2.0,11.1.0
01f09014f87961cd,data/images/canonical/01f09014f87961cd.png,50d1ba4bba7a14b67e31da6b04c019e9f63b4254a6297f91f795484b9e51f775,known_prior_history,0.483,11.1.0
01fe6ab3b07d1cfd,data/images/canonical/01fe6ab3b07d1cfd.png,a6de2d0782ea221638c1eb37a6d0a18d2cb8a4d8147225ad59c3ae222fd57c0d,final_transform,0.5,11.1.0
01ff773b2bc9d873,data/images/canonical/01ff773b2bc9d873.png,6a7a37ba2b989741c8e40df6e056417b99a3b5d41879a419422b188da60a0ed6,final_transform,2.0,11.1.0
02008892adb83745,data/images/canonical/02008892adb83745.png,7ac5b17d128c0f999d6560f01cca0f8f6047717186847a2f8b20af1f45ebf4af,known_prior_history,0.4267,11.1.0
0220d58985878f73,data/images/canonical/0220d58985878f73.png,954c17cbdc6fb3f65ae3896b1924546100e6fac99cfc115ff2470dc31c267c0b,final_transform,0.5,11.1.0
02245040430ad79b,data/images/canonical/02245040430ad79b.png,c29dbe5e72778a107f38347726aba4a5c19e611d38591e89c054cce0a5947f12,known_prior_history,0.7711,11.1.0
02391bc20e0cf14a,data/images/canonical/02391bc20e0cf14a.png,34079327768fb9ab7bab8505216bcd50019d0dc4142d7f6cfdab917886580eb7,known_prior_history,0.6827,11.1.0
02587bfdad7447dd,data/images/canonical/02587bfdad7447dd.png,7b9205954972dbbbdc4fe35e4830ac2bf03cd18ef193dd6c3fac7fd8c5ec15fc,known_prior_history,0.9481,11.1.0
026051fffa06af17,data/images/canonical/026051fffa06af17.png,f83cfc9dd51a8725350b44362a45ac238ce7bef6fad8e7229dd0e9040c4fe807,final_transform,0.5,11.1.0
027ecdcc937c8340,data/images/canonical/027ecdcc937c8340.png,2bf96071ab5d69dd321ada80c01a7be9dc4e3785a0d2fa64d2474c61cff7a06c,known_prior_history,0.6827,11.1.0
02a1c58148147cfd,data/images/canonical/02a1c58148147cfd.png,2abfa7d142b4411796eaaa399ce98fe0ccf52336a18ec0e8de4c40b24f956e36,known_prior_history,0.6667,11.1.0
02cbc1454bb059bf,data/images/canonical/02cbc1454bb059bf.png,9d19db6f00eec4053bb7a96af233094bb57cb777c45283719f0b1bea3832509b,final_transform,2.0,11.1.0
02dbda13175fdf7e,data/images/canonical/02dbda13175fdf7e.png,955f65bf1762306c8c7de8c27ba331c60b68bb49f641b23480b1c0016f55198b,known_prior_history,1.2929,11.1.0
02ed8de2d5f342ce,data/images/canonical/02ed8de2d5f342ce.png,acbbff80ecb876b66e2d36b871a627966ad12a8a8113b1b7618fcca132550827,known_prior_history,0.8678,11.1.0
02f9f249a96dd4f5,data/images/canonical/02f9f249a96dd4f5.png,6bd246158b69fef27c9c26c0e894d87b305a005fff270ee4bc3c73140c5f2b2c,final_transform,1.0,11.1.0
02fea6d6d721e004,data/images/canonical/02fea6d6d721e004.png,09da953f629b264f0abfa1e9da4a1a989b5d43a21dad6f9afeeec2019749d9a2,final_transform,0.5,11.1.0
030aeeb63fae8a49,data/images/canonical/030aeeb63fae8a49.png,5d21a5e4a2f01cc58eb0803bcdca163b0420405d0b4ce0892c6897def5bde5af,known_prior_history,0.512,11.1.0
031a0e4f50faea37,data/images/canonical/031a0e4f50faea37.png,271ecd4df0ae8af2e90feda7b07c44d75d2027629d1b0bead71ed61495801dc1,final_transform,2.0,11.1.0
033255a489cbf162,data/images/canonical/033255a489cbf162.png,d6fba1496f32ff1f14266ca4f1fccc9d426f0b45cbd2e994a381a95e417f22b0,final_transform,1.0,11.1.0
035b67b9659a0fae,data/images/canonical/035b67b9659a0fae.png,f64dd527a64db6e0d572ebadb36a2800a69f8e3b390d4198151a20c49fa66f47,known_prior_history,0.69,11.1.0
03603d73023935d4,data/images/canonical/03603d73023935d4.png,d4f2f806eab1d4a893ab343ae03e78580bba2b581a41ddb48f6aca4309b2eed3,known_prior_history,0.6827,11.1.0
037c2fed819878d0,data/images/canonical/037c2fed819878d0.png,02a12bc61a6f0672d62b2f0776cf45d78d70451c6f10d8f7a85db685479dee64,known_prior_history,0.5553,11.1.0
039c9d2588f3af93,data/images/canonical/039c9d2588f3af93.png,1332c6a915f9b2ac90274ab9f048db83f8bc2ceb620b4dd69f7fe891eb175896,known_prior_history,0.5333,11.1.0
03a2636d1da21b7f,data/images/canonical/03a2636d1da21b7f.png,6d91982845fe9f17f1e80b1c305ce93dea4f98cadc1a5f259cccb744139549bc,final_transform,0.5,11.1.0
03a91b3df0f691d1,data/images/canonical/03a91b3df0f691d1.png,7b2c5182fee414ab20956f21c5def78f970a342c9c036085b34813d48a8c5be8,known_prior_history,0.6827,11.1.0
03beef3622438e52,data/images/canonical/03beef3622438e52.png,eee3a9fb1635bc21609d7ceada34e25dc5edab03d4ca09f786667c14f01fd5be,known_prior_history,0.5689,11.1.0
03c812fe71c8a6c9,data/images/canonical/03c812fe71c8a6c9.png,7e036a63d6c0cc40762e21e535f375863c45debb22825dea25a2c8277888204d,known_prior_history,0.6497,11.1.0
03dbecaed22589b6,data/images/canonical/03dbecaed22589b6.png,89995ea3a92ca4f6059cf3464dc3c7f3110194fbc8c2fa795d49d10cb28418c5,known_prior_history,0.7665,11.1.0
03df5a1420f96adb,data/images/canonical/03df5a1420f96adb.png,c857474fe6975ba14ac02c0b07a3850084d9d89741e9d91e5ec1099ef72094c9,known_prior_history,0.6827,11.1.0
03f010efbbee153d,data/images/canonical/03f010efbbee153d.png,25892cb1385ccf8d9d627403e484bf2ebc3438292641dc7c3e536666bebe83e9,final_transform,1.0,11.1.0
03f27c14cb70fa78,data/images/canonical/03f27c14cb70fa78.png,36991a26b2824113da43b882835e0ddb62f6284d6f1b9e4ea4be8fe89f0b009d,known_prior_history,1.113,11.1.0
03f72d3e757c228b,data/images/canonical/03f72d3e757c228b.png,de24fb42ee6ffde05a74c0308ec1796314ef7a5c0f91a6f411e315e61f5615d9,known_prior_history,0.6827,11.1.0
0429d53d32de723e,data/images/canonical/0429d53d32de723e.png,5282ba9999698f0d2348cfb566b57400848ca90a60a117cef8e1e6ddcce7120a,known_prior_history,0.6827,11.1.0
043f2086db6a8f0a,data/images/canonical/043f2086db6a8f0a.png,7b57a82dd71c5fe07516a1a17d8106d41bbe03f204b48a530e2ae29fbbcab141,final_transform,1.0,11.1.0
04413b0589a18db3,data/images/canonical/04413b0589a18db3.png,c075dc4dd10070e2ce61958c6d607b3270b03bf03285f2d025dcbfb4994ec407,final_transform,1.0,11.1.0
044b463f22df35e8,data/images/canonical/044b463f22df35e8.png,a44e1aa51b242deee893ff2c036c496230dc68ae50d2df15eac5e805582dcf73,known_prior_history,1.0199,11.1.0
045324f46e6d6afe,data/images/canonical/045324f46e6d6afe.png,041be2297e69206fd94ac84e24328f433c9c31f6b18c35e3a5417e4e1c1a9142,final_transform,1.0,11.1.0
04a2de6808db0454,data/images/canonical/04a2de6808db0454.png,13c5e262ceca469950288f36f5a22016e6b4463e9f73ed42cb0d85dec9ffce69,known_prior_history,0.6649,11.1.0
04a4441cdcca297f,data/images/canonical/04a4441cdcca297f.png,3f47159c5bdb5c4ebf0e8041edda7e20e8ff7e822678a33c72683e2fe5d30001,final_transform,0.5,11.1.0
04c4fd2dd01debcc,data/images/canonical/04c4fd2dd01debcc.png,6b58d1311f9daa79ab1af0867a008a31c07da11dcaec69003b1e9dde3abefcdd,final_transform,2.0,11.1.0
04c8ea53155a02d6,data/images/canonical/04c8ea53155a02d6.png,aa15097f11618c694517b9e26ee60c3f6eff496344fa4606e287537b692073dd,known_prior_history,0.7642,11.1.0
04fe44a7ce369ad1,data/images/canonical/04fe44a7ce369ad1.png,c632cc57f4e854a6d2a3b49f782a701edf59d3abb216e16310398da2fb9d540c,known_prior_history,0.6827,11.1.0
05102f00f2de00aa,data/images/canonical/05102f00f2de00aa.png,a3134d3f84937e0c4d34cdbefa0126736198fc649d2f8eb7277fe60e27a46b4a,known_prior_history,0.7356,11.1.0
051f2b98c932e67e,data/images/canonical/051f2b98c932e67e.png,2e263033ddeb31827c448e3c6ead0c4599e43badaa9213db326af335ac7a91a7,known_prior_history,0.6772,11.1.0
05319aad8a59f2b5,data/images/canonical/05319aad8a59f2b5.png,710acad5704903730181f0c8613d3a2558ef8500fd941295949472bb4651e610,known_prior_history,0.6827,11.1.0
054dd3181c5c99d8,data/images/canonical/054dd3181c5c99d8.png,985cb1ab7a9fff21314cd836cabb81d62dc56bc962e438d6d57d612f2839758c,known_prior_history,0.6827,11.1.0
054ee1f9a68ff504,data/images/canonical/054ee1f9a68ff504.png,fe7fe588ae5146945abb4bf732d2194dc1a3becb35cbab537833bb168a7c2ced,known_prior_history,0.8533,11.1.0
05591f2198153482,data/images/canonical/05591f2198153482.png,796a81b302fd71b044544856810b1419e8aa04bd04a964dc716ba88f8871f146,known_prior_history,0.8562,11.1.0
05889f64c1f5a178,data/images/canonical/05889f64c1f5a178.png,be67ffd2f496bb6edb7434e40bc1fb972d0351ec8e3167c0768e6e9d2985aebe,known_prior_history,0.6827,11.1.0
05b1f9b8fca23474,data/images/canonical/05b1f9b8fca23474.png,bd4df8fa0dd84c02651863611f03df4527a05dde3a1f98446ab56e1d3c9210ed,known_prior_history,0.6827,11.1.0
05d26520245799e7,data/images/canonical/05d26520245799e7.png,8e3b4fd9c9bf4c1ba175e59cc2ea2a7b725faa44d7b3145c6c45ce94877cb826,final_transform,0.5,11.1.0
05e9790302f04190,data/images/canonical/05e9790302f04190.png,70c9e5aea1201d508811d29c87de0b0b78ee7a1c2a9fa9bf2ad16ecc1df6a808,final_transform,1.0,11.1.0
05f8f6a40d212277,data/images/canonical/05f8f6a40d212277.png,9f90e5de18b45d48cfa27aeceddee050e352a82d5f54e9cb0a5d13dc369b7d93,known_prior_history,0.6827,11.1.0
06063f89b6ef7835,data/images/canonical/06063f89b6ef7835.png,96c2e6986fdb101019c1d6fd4fd40b0160d22627556350caf1ad4775a31f6bfe,final_transform,0.5,11.1.0
060f7a66f1ec35de,data/images/canonical/060f7a66f1ec35de.png,f0f6b7033aa9a38f8f57361a257e1481b0eaecfa4a55848454d524fea75aaf0a,final_transform,0.5,11.1.0
061189e9419bccb4,data/images/canonical/061189e9419bccb4.png,7999862701c280afb3400728429fd45980bbfa62249e3441c6ba10b4b38fe497,final_transform,2.0,11.1.0
065f14991aafa27b,data/images/canonical/065f14991aafa27b.png,47cd47e1420d8ad756c71e702028c0ee1da76b12611f8dc17ddb241d8c40f362,known_prior_history,0.6827,11.1.0
067f165ad376751a,data/images/canonical/067f165ad376751a.png,132e268918571a5e8d8b62eb6b9fb67822a681ad96145b5860fb5d5cbe451591,final_transform,2.0,11.1.0
0684c35d2e7f59e8,data/images/canonical/0684c35d2e7f59e8.png,4c11f15448701f51bfeff36143a78b4f8bec3f92b70016fcf243c7575ef35e0c,known_prior_history,0.6827,11.1.0
06c94adb15de8e4c,data/images/canonical/06c94adb15de8e4c.png,b6a96de575702da147d34ad6a19228801b0eba971bf7c0db3e4b531c9112e938,known_prior_history,0.6465,11.1.0
06e080d9a96446ab,data/images/canonical/06e080d9a96446ab.png,4b2a2245ce4d1279aae48b4210dab6d70576ed9081bbc03f8645162bf681d734,known_prior_history,0.7688,11.1.0
06f22984fc7bafe6,data/images/canonical/06f22984fc7bafe6.png,f50f42be07ddd29e8bf55ef28e5d0e3f334837bbcad330259da5487f7ddd5243,known_prior_history,0.6827,11.1.0
06facfb60372af25,data/images/canonical/06facfb60372af25.png,4221f3b40a4228b03c5cf14a006ad2c73b71ed02b839a30ed5c8fceea2297c6e,final_transform,1.0,11.1.0
070d4a5ed69146bc,data/images/canonical/070d4a5ed69146bc.png,336ac11f0ee418b6116d2b48d57f2f4edc364b6b828209940bf7af96769437da,known_prior_history,0.6827,11.1.0
07143f7838ae6b1c,data/images/canonical/07143f7838ae6b1c.png,e1683e208831cbc4156a00c1e343f9b70eb55744183a61fec9f40e97fa2dcc10,final_transform,2.0,11.1.0
0725d946ae7d9194,data/images/canonical/0725d946ae7d9194.png,7eb18bf07858f0d8dae76453e380950986c61c3f07eb13bdbf1348f3429cc756,known_prior_history,0.6827,11.1.0
072a21dff8ab70e6,data/images/canonical/072a21dff8ab70e6.png,3c464390d3b09c65eaf617a2e0bede28577c8b5de5e5ae05e9fc1a5097354198,final_transform,0.5,11.1.0
072a21e7f570b360,data/images/canonical/072a21e7f570b360.png,ac51ee3c2305e73096e6d60b5ba25649625069b7b218846dcead67a3fd4c46d9,known_prior_history,0.512,11.1.0
073aaf9b14888982,data/images/canonical/073aaf9b14888982.png,deede1f16e7f7daf82bda2772d78b1c7a49f85fffc21f68e4b588de4a4467c7f,known_prior_history,0.7711,11.1.0
07665378c7d355a2,data/images/canonical/07665378c7d355a2.png,43ae17955a56cb4b3f56bddc908a660538c9d7101f4e817c7bc9d53cc20412d2,final_transform,0.5,11.1.0
0767c6ccef126e90,data/images/canonical/0767c6ccef126e90.png,341f196a868668a087c72ab22a08ed29938a37f27372cdd1d716dc7bb58956ac,known_prior_history,0.6827,11.1.0
0780c8ea5ef6c300,data/images/canonical/0780c8ea5ef6c300.png,551f93295467b89ed6ad1ecb8d2436fe2f83b10b2c158a530eeed922fd0223a5,known_prior_history,0.5029,11.1.0
078f5fc19a19202f,data/images/canonical/078f5fc19a19202f.png,17766b9353ec4537ba874faf51f08229f6d187030a58ca8f75d1968aa0a8bfbf,known_prior_history,0.6827,11.1.0
079d7e3e784e2d1a,data/images/canonical/079d7e3e784e2d1a.png,f749c6d8cfcc80ce7795c95c1d4a9fed99b4c36c6675306171cb39c2778304f1,final_transform,1.0,11.1.0
079fde48ae9a4ade,data/images/canonical/079fde48ae9a4ade.png,69c36b3bffa628cbe65d3a084f685addb7fc9779e274907c529f5f893f1ff332,final_transform,0.5,11.1.0
07f44f0a29c07651,data/images/canonical/07f44f0a29c07651.png,8cdb794be99a33c4232bb6bab23cd90b89145fedc41dcc0366945de6216892a9,known_prior_history,0.7758,11.1.0
080bc422f7b2ec86,data/images/canonical/080bc422f7b2ec86.png,9266d57fc722524f8cf60318e00fa262d178a7461cfcca54e21bfa717776e585,known_prior_history,0.6827,11.1.0
0813145a8abb4501,data/images/canonical/0813145a8abb4501.png,efb466f90dd8b70c822e7cad97683a82b57fa5ec689047957379ab5c38c564e9,final_transform,1.0,11.1.0
086d319e1fe8b4e3,data/images/canonical/086d319e1fe8b4e3.png,73ddbf90475ffa66b8ae5ce08fed11421e21d5c5fc1d1a7c200550ae651e8c2f,final_transform,2.0,11.1.0
086f2cfab0eba637,data/images/canonical/086f2cfab0eba637.png,6b1041af034a8b6b1afb8f98179d075df65f818b52da6fb53322416a3a077697,final_transform,0.5,11.1.0
0871e0e5bafdfd7b,data/images/canonical/0871e0e5bafdfd7b.png,50356f13a0392d3075338a1ac2b415ff38854e34e001216a1900616f4c5a8c4d,final_transform,1.0,11.1.0
0887962b64eadb86,data/images/canonical/0887962b64eadb86.png,0faf41bcc88ffcfadac3c721076252e6244e48c97425c190c863d523729c91e9,final_transform,1.0,11.1.0
08917a15314dcb5e,data/images/canonical/08917a15314dcb5e.png,f053102f88a1ec1b9b553d78c871663755bf48f1ebd1c0efe55aa3351ed84c86,final_transform,1.0,11.1.0
0895f860cad531b0,data/images/canonical/0895f860cad531b0.png,d78f2f780a90244c3ce97165e0b563260937a8a46cd058e020a64b8aa8554cb6,known_prior_history,0.512,11.1.0
08b71b6a2864cc4b,data/images/canonical/08b71b6a2864cc4b.png,d624f71a9df7c0e81875cba934924200dc97024760543a382e39c05b0b19d0e3,final_transform,0.5,11.1.0
08bd54f2914d6626,data/images/canonical/08bd54f2914d6626.png,259ae3b796a5700cd9af7b2203782a8e49b4de3c50ef29fb25ded44dbaa68553,known_prior_history,0.6214,11.1.0
08c8c4a1e58093d2,data/images/canonical/08c8c4a1e58093d2.png,7dc96bb950dff93d453116f954dcbebc147b5c5da225e50b7d8b6fa5f15ac83c,known_prior_history,0.6827,11.1.0
08ef5e97d186fb44,data/images/canonical/08ef5e97d186fb44.png,10db0056fe0bef65c96c55c989aeff6b049b5434e25f98df7f51a919d10b08e1,known_prior_history,0.7901,11.1.0
0928bed973d3c5ab,data/images/canonical/0928bed973d3c5ab.png,2b4aed675cd0ee51ccaca3fcb53cd389685b9f9322eed8e8058f56a972648408,final_transform,1.0,11.1.0
092b8d1dbcad4d56,data/images/canonical/092b8d1dbcad4d56.png,2735984623342159a1b8f49216ab16f24e059446bf053cc9be4999e3a1a7d6ea,known_prior_history,0.7688,11.1.0
09464f930d7fb3fe,data/images/canonical/09464f930d7fb3fe.png,2278529b814d7c6c02edc12633c457b44e84bc7f6dec30e5a87a542285b15e00,final_transform,1.0,11.1.0
095726fbe301fc9e,data/images/canonical/095726fbe301fc9e.png,cf41384a6eab00ff6ed63850656678621ee3e3fcc7fcece0b6208a04fddb796b,final_transform,0.5,11.1.0
09751a146610b4c4,data/images/canonical/09751a146610b4c4.png,16e92b0b28eaa198f9fa1d1f62677650d5af3ea80ed375f255f1a9fa31964966,final_transform,2.0,11.1.0
097b0225b6f9cee2,data/images/canonical/097b0225b6f9cee2.png,b2332fdf56f918caa3c134a24e476bac3c9162fd939f7b24d1bf7ad9ffd4bba4,final_transform,1.0,11.1.0
09855b5fddb3e2bc,data/images/canonical/09855b5fddb3e2bc.png,38fd5b9db0df728c3e461c7091f0f1b33f56a10c11d1abd9ec1640c876a06ae7,final_transform,2.0,11.1.0
09be75da2865b3d7,data/images/canonical/09be75da2865b3d7.png,4bc99f90f5f2f4e3f194f85beb9de1e72772aaf5605bad457dfedb8b8c390742,known_prior_history,0.7711,11.1.0
09c1968a647ca6dc,data/images/canonical/09c1968a647ca6dc.png,6d9739cfa7721077d90cbe08ec86301856b7afad77c293076c6c88ec7d94446f,final_transform,2.0,11.1.0
09ce2908b5baa73d,data/images/canonical/09ce2908b5baa73d.png,eb5216309b49147d873cd9c1df7e31cce21886d76af3a09a958e7bc81b662503,final_transform,1.0,11.1.0
09d02321de78d181,data/images/canonical/09d02321de78d181.png,9bca009b440742fef8639616b2c6c9376e8ff3fe99e6f41bb3be1a33da546471,final_transform,0.5,11.1.0
09db34b5ff3ad3c2,data/images/canonical/09db34b5ff3ad3c2.png,3f5e232143d5d4f57ee2d3cc56a76768fcd311c6cf54532ec8dc64b6f769251a,final_transform,2.0,11.1.0
09e9579af0b044ae,data/images/canonical/09e9579af0b044ae.png,7eac5053d8623575edce4f483ae5c7e249c89d7f8d92a1d380ed50002fcb89c1,known_prior_history,0.6827,11.1.0
09fdde36eb205895,data/images/canonical/09fdde36eb205895.png,32d63c03bd69add996348c834f44ddc734d92ec143df599366db7c3aa13653d2,final_transform,2.0,11.1.0
0a132f8aabfe1fcd,data/images/canonical/0a132f8aabfe1fcd.png,45d12b3b7d198a9b1ffc2ebc52edfc97524d1573886f0057a478cb6be58fadc6,known_prior_history,0.6827,11.1.0
0a35f3ad2a032ac4,data/images/canonical/0a35f3ad2a032ac4.png,4d87dd5f9747e88b4997aeba22baff8f6ca6571ffe6ac836e94b4428e6367ec4,known_prior_history,0.6827,11.1.0
0a55b05b1bc1402a,data/images/canonical/0a55b05b1bc1402a.png,c612e5a0486544554e8e756ff8fb2d61f55c428727b3f4ce26d889211aa3e216,final_transform,1.0,11.1.0
0a567157bf5653c1,data/images/canonical/0a567157bf5653c1.png,2effeb700f847f36f30ba9f5dfaf5d3952343e2fd2db8a9ae535fefeb67bbbca,final_transform,0.5,11.1.0
0a6aa37ad53ec3f0,data/images/canonical/0a6aa37ad53ec3f0.png,99cb68cec81de56d15fa66f245372a3899093a76983ec87ddffca90eff05bd16,known_prior_history,0.6827,11.1.0
0a7247ac1821d70f,data/images/canonical/0a7247ac1821d70f.png,ea7da033bfb549b5f3062c8a6cbb0794604b7e44f184a770042381cc233fb6ee,final_transform,0.5,11.1.0
0a77440f4d69ff98,data/images/canonical/0a77440f4d69ff98.png,3cb40609bfbb55c8c9ad7fef7c2fef63260d8e2d725f2176dee5a50b2484c689,final_transform,2.0,11.1.0
0a86b58e4003fcb5,data/images/canonical/0a86b58e4003fcb5.png,56511ef8e1164eb5eb460297cf45de0dffc48e0f0f7ee25608f1486ae42641cf,final_transform,0.5,11.1.0
0a8abdece43cea2f,data/images/canonical/0a8abdece43cea2f.png,5f3909fb4fa5bd777167425ce937ef038cd828dec4032d2d1bdc50c4c850b779,final_transform,1.0,11.1.0
0aad09e3eec3381f,data/images/canonical/0aad09e3eec3381f.png,d603de1423ba70c42269352e92da097954f912db0684001ebcbef554fdb1ae0d,final_transform,0.5,11.1.0
0abd1ef26cbbda97,data/images/canonical/0abd1ef26cbbda97.png,d1a9f931c6e1ca459b53dcae61c5fe2ded857a9e69f928fa6c327e925e8c2bb9,known_prior_history,0.6827,11.1.0
0adcd19c6c9d690f,data/images/canonical/0adcd19c6c9d690f.png,452afd3433630d4df1ec5820dd1ed370f720f07eb0864ce3834b32fff9e22fdd,final_transform,2.0,11.1.0
0aebe101eba9d9e0,data/images/canonical/0aebe101eba9d9e0.png,827c66579983ba2c83e92c58e015fb280080ffa5062c6479f8e50add15a8c93a,known_prior_history,0.7688,11.1.0
0b06ad35bff1da74,data/images/canonical/0b06ad35bff1da74.png,7c409db59de0c55cc5f23edb72870bab9c5853689ca5960f6029a874cbf9e4f3,final_transform,0.5,11.1.0
0b0bd3c3a79d076a,data/images/canonical/0b0bd3c3a79d076a.png,650036dcc18c9fa00edc41c6b5c3a50820a00892f7bc41b1148f6253d8339d3a,final_transform,0.5,11.1.0
0b15199b8584dc85,data/images/canonical/0b15199b8584dc85.png,0ba522f909503650603ed5d9dd2a459748abbd13a34ad20cf1c1280fdf43b458,final_transform,2.0,11.1.0
0b2bde6ef63b603e,data/images/canonical/0b2bde6ef63b603e.png,6e6be46528f800ba37d9384349147175f99b3a78607012b46e038ff0ab85cbd2,final_transform,2.0,11.1.0
0b3fbbf69f9e6a72,data/images/canonical/0b3fbbf69f9e6a72.png,035b650ed4c90c44df40144c2540b4d6b8cf004de9190af29e43caf6de10e234,final_transform,0.5,11.1.0
0b44a0e0d5f3569d,data/images/canonical/0b44a0e0d5f3569d.png,a91ad26941b9e2ca7bb558fa3bd87cd0ee3d8249eec92b884c04b014b8566d39,final_transform,2.0,11.1.0
0b511d8d4f234277,data/images/canonical/0b511d8d4f234277.png,b6dfb97405550b39c3d4eee269f28df4861c8b3348386e45e28ac7e95f3cb842,known_prior_history,0.6827,11.1.0
0b7cca5fa8b1a316,data/images/canonical/0b7cca5fa8b1a316.png,d02489643100e0715f6ac4902bace9691930ec218d7b99643a76245f218010cc,final_transform,2.0,11.1.0
0b81fddd607d4977,data/images/canonical/0b81fddd607d4977.png,2aea9f9787ccd2a7dc1fb42d13e8969b24033c7caf71a48e14e2726e34cf93f6,final_transform,1.0,11.1.0
0b8705aa39b2662e,data/images/canonical/0b8705aa39b2662e.png,788358f82c6eff84a00ace671ecc06a04e16946395cf8a3afe505f22aaf6a8bf,known_prior_history,0.6827,11.1.0
0badf73e4445a5cf,data/images/canonical/0badf73e4445a5cf.png,241e60e6ff2105f3528e4fad97e60aeede56c69982315e94a20380f9cb2e0acb,final_transform,2.0,11.1.0
0bd9b99e8b206203,data/images/canonical/0bd9b99e8b206203.png,e375b3f21b1a36358577eb601a96d223c44aeefe55160988972da4bfd8773fcc,known_prior_history,0.6827,11.1.0
0c2611790997cbd7,data/images/canonical/0c2611790997cbd7.png,7f911d346f8f1289ba9959603bb8b9d99d9486ed55eb768ba0b4331f6b396b9e,known_prior_history,0.6827,11.1.0
0c65f8c82de11bb7,data/images/canonical/0c65f8c82de11bb7.png,2661de9795faf4956341e55f9b0c4f0fbb4abaf04e96439c6a9a3a934bc5a7bb,known_prior_history,0.512,11.1.0
0c8e504d6d985b51,data/images/canonical/0c8e504d6d985b51.png,3e1ba86858d816fdc4e171678ef5753e1b09e9e74987420305b9b7b0e552cb13,known_prior_history,0.6827,11.1.0
0c994bd08e25621a,data/images/canonical/0c994bd08e25621a.png,21810dfa42dcf17fa7d4e831175cd9809b42345fefbd70a1ce12b7a4494dc8d5,final_transform,0.5,11.1.0
0ca84f0766bf52b4,data/images/canonical/0ca84f0766bf52b4.png,69a01a5c510457f49401a7114d7633de593ebbdff1c682842261693678db7e40,known_prior_history,0.512,11.1.0
0cd4f2f9c0e9a105,data/images/canonical/0cd4f2f9c0e9a105.png,becd131bc753e2e6b1e9fe9a7776b685efa357a8a0095f385ace536a49dfbaec,known_prior_history,0.6827,11.1.0
0cd51977fb19b81b,data/images/canonical/0cd51977fb19b81b.png,48cf3d796e805e8ec1462cbd78b54043f8a7710f194cf9e0cdbdd3b3c13e71a4,known_prior_history,0.6827,11.1.0
0cd9cf07d311134d,data/images/canonical/0cd9cf07d311134d.png,5f5786e69ec08d1dc49d0d8110060d174dabd3b10563a648026cfd8b7165d7d7,known_prior_history,0.6827,11.1.0
0cf64060c7b9195d,data/images/canonical/0cf64060c7b9195d.png,137568560d14c5cc733ce9fecabc2047c627601d634b3a49bc4b834b45cfd545,known_prior_history,0.6827,11.1.0
0d23d654be444abc,data/images/canonical/0d23d654be444abc.png,7e2747f326b7320df5059438ee4b267061a0469f6d7c5af5676fd42d1c22c29c,final_transform,0.5,11.1.0
0d67359502fd171e,data/images/canonical/0d67359502fd171e.png,b0c045c83b8e8c03a5747643506a2a363822647e59973d2c987ce010c729564a,known_prior_history,0.6827,11.1.0
0d7e1dcd4ac78821,data/images/canonical/0d7e1dcd4ac78821.png,17d23bc081d461ad83949ca8a3029ff5b58f9b91a7c72625ae6133c025ea3aad,final_transform,1.0,11.1.0
0d8acf9aabd18008,data/images/canonical/0d8acf9aabd18008.png,e94d6446f1ab0148b283939eaa9cd2e666836d49fe6aa8e79775a50b0f9e4c4f,final_transform,1.0,11.1.0
0da17017f8aac076,data/images/canonical/0da17017f8aac076.png,ef4768b68d6dbb852754a7ec70c0a429d5cc5ce746c0c4f4b1f5dd8b04f416d0,known_prior_history,0.6827,11.1.0
0dd0356c89038954,data/images/canonical/0dd0356c89038954.png,d02d7da3afe209d110fc5cf87bad91dc930cf2523e9a2eeeb17b9a28039e9da0,final_transform,1.0,11.1.0
0e1ff59dd3232a8a,data/images/canonical/0e1ff59dd3232a8a.png,686ca57abc9c0d29e991001eacc60b2e9babc619370050e848dee06f17cc8ccb,known_prior_history,0.512,11.1.0
0e35cd2109119125,data/images/canonical/0e35cd2109119125.png,b9b11a18283af553369485257f5599c9ce84c5b4129cac6231bc4af144ffc7cf,final_transform,2.0,11.1.0
0e38b0599094756d,data/images/canonical/0e38b0599094756d.png,3259aa1e6ea810896de3cd00913ff59a90424f5491c44a1ca8406703fb703c9e,known_prior_history,0.7711,11.1.0
0e3b6a5a77f7a2ce,data/images/canonical/0e3b6a5a77f7a2ce.png,e6476954ba4135aad6155cab31ce54d37567f170b1f8e8708afea7c70b1a9ee9,known_prior_history,0.7111,11.1.0
0e654dc3129d9aca,data/images/canonical/0e654dc3129d9aca.png,64f17f3c48937909936c12194b260ebc8e7cf570c6d8804d0f2cddea4e8fa41d,final_transform,2.0,11.1.0
0e87832a1d3c279c,data/images/canonical/0e87832a1d3c279c.png,ab67caf59fe81604654849b8012676b2d60357af55a4dab3b2359ddfd84d737b,known_prior_history,0.6827,11.1.0
0e90d84719827f36,data/images/canonical/0e90d84719827f36.png,dbd2538dca87761440143a18cc16b913214bbbc4b671a3780dcb30a5a9ff69c9,final_transform,0.5,11.1.0
0e95627e044f263b,data/images/canonical/0e95627e044f263b.png,d91cdd078b009b16e944ec5d4233b72f09694dec37edf90feb2013c354896dbe,final_transform,0.5,11.1.0
0e965f79b628fd99,data/images/canonical/0e965f79b628fd99.png,bea03608bfbfe023139c46da284d597f5d315d89a4369688cbe5f8124b93969c,known_prior_history,0.6827,11.1.0
0eb0eb8a2b9ab249,data/images/canonical/0eb0eb8a2b9ab249.png,c2bff912cae7f74f0216764d6b4c35cbec9ea42d86a9fb6b99a72bd830ec5fad,final_transform,1.0,11.1.0
0f1da8720340f629,data/images/canonical/0f1da8720340f629.png,5ed5ca71a304406e3017b002d6fa42f5bbab707ddf503458b5d51ea4271fc9cf,final_transform,0.5,11.1.0
0f2275845fc11c3f,data/images/canonical/0f2275845fc11c3f.png,9769ec635328b62ae671187e44d352196decd5baaadfa2aee665a306c7d952a3,known_prior_history,0.6827,11.1.0
0f4cfe08bd4f06f4,data/images/canonical/0f4cfe08bd4f06f4.png,4c924a8c4913f091a7562b0daf02a9df29a3ab6e0c53cd7acded63d0062b3e65,final_transform,0.5,11.1.0
0f5e721bbc037940,data/images/canonical/0f5e721bbc037940.png,8f75fa526df3af6c7f21df175012b636a23604eba63aa3374f65a361047537c6,final_transform,0.5,11.1.0
0f7ca5321bf5936f,data/images/canonical/0f7ca5321bf5936f.png,da3c18ec4d5e1f8c5a52f00dca52a16aeebc181c31f9659966d80d7fcb9c626b,known_prior_history,0.6827,11.1.0
0f7d33f07c42a005,data/images/canonical/0f7d33f07c42a005.png,bdd651b77ee2993805e3ae0111c647e85d3a1d5a8a83f65992271e0dd5f7127d,final_transform,2.0,11.1.0
0f82c2339d5f5019,data/images/canonical/0f82c2339d5f5019.png,80d5896386dc8ce83ac2e55399f7d21a31a4800727685c508e080f7c6c4ae6f3,known_prior_history,1.3617,11.1.0
0f8a67bed8b0f749,data/images/canonical/0f8a67bed8b0f749.png,595b2eac171ab18982a37b87c274953c519a5472c1e70add46e3f0f20d73a943,final_transform,2.0,11.1.0
0f9d6a61ef9bd62a,data/images/canonical/0f9d6a61ef9bd62a.png,1ec68319a3d78ea7cef676ba5c214a635b56fc7b3db0422970d58d52fec6ec8c,known_prior_history,0.6827,11.1.0
0f9e51847bce15c8,data/images/canonical/0f9e51847bce15c8.png,d785cf0f9f8f47bd8713b82c39cbd56728449a983482751f95e64f24404a0ee4,known_prior_history,0.5805,11.1.0
0fbbb7020c2f83cd,data/images/canonical/0fbbb7020c2f83cd.png,74b363407dde2113f9802f953860081ca1741a896fc25e0df0ee9067a2add8fb,final_transform,1.0,11.1.0
0fc9700c543d96db,data/images/canonical/0fc9700c543d96db.png,e8869338f5ea1f98c59d96558065f351472b5e27e541ea7afc004562c764ab6d,known_prior_history,0.5214,11.1.0
0fcd51dd51c3bfae,data/images/canonical/0fcd51dd51c3bfae.png,9eb852017252db49351dec5bbb87417bca67b0c4cbf57c237103cc7b2a4020d8,known_prior_history,0.6827,11.1.0
0ff80a457597f110,data/images/canonical/0ff80a457597f110.png,57f9a32ee3103b40aa165710a895276f7a14d7451d196a1cad3adfd86add8041,final_transform,0.5,11.1.0
103c1f64d73ee8f4,data/images/canonical/103c1f64d73ee8f4.png,d95d8cb4fa523c82b236ec90dce44d3fdb951cfa6ebdf749ae70d36036117900,known_prior_history,0.6827,11.1.0
1046d75a57ad84f8,data/images/canonical/1046d75a57ad84f8.png,f67ee430d2e21219c9d43f0b1c7569e20268930b9420eb6df0ca023b1c0bd6ca,known_prior_history,0.7877,11.1.0
105cde710d9070e0,data/images/canonical/105cde710d9070e0.png,2f69b316619c16ac14ee58c8d4b7e326eb54c34364b31f4989e1d49e7c115423,known_prior_history,0.6827,11.1.0
106325927263b079,data/images/canonical/106325927263b079.png,2ea459c11dad7e68872a3254bfedb6fac03091736dcbe3d01da6068c16410001,known_prior_history,0.7711,11.1.0
109136d48e01d6c6,data/images/canonical/109136d48e01d6c6.png,c6e9971e6e7f21695ec2bb2e65b5c592f6f3b9d1aea4f5bdb4d24cca4c0461bb,final_transform,1.0,11.1.0
10d8a31a0e9f88b5,data/images/canonical/10d8a31a0e9f88b5.png,33fde5bbb73f2c73e119dc1de6e5fe2b125107dffafedf324ccaf33becdbefc5,final_transform,1.0,11.1.0
10dbf564e458cb1b,data/images/canonical/10dbf564e458cb1b.png,d32e382022ab6840dd237841fc5c8d2f97b39565044280f629600205046c2c79,final_transform,1.0,11.1.0
10eb37a5940a301e,data/images/canonical/10eb37a5940a301e.png,07190cb073c7eeec75ef16948d47aaa7e2b6baa02a77fb53eac3a139c1f78bb0,final_transform,0.5,11.1.0
10f866efd84511ad,data/images/canonical/10f866efd84511ad.png,b96c10e530d496236fb7b367bf2d31d7509eeccaf2534d9c92666479c0db1484,known_prior_history,0.8,11.1.0
11068dfacf776b2b,data/images/canonical/11068dfacf776b2b.png,81eafcd4ca3ce0cfd0e742b9bc418ef37bf92a6616681b1a3d87b46545a3dc3d,known_prior_history,0.7211,11.1.0
110922288368ec4f,data/images/canonical/110922288368ec4f.png,43e6c079d3de0645cf9892b65365ae19b8f12a8a8443f4eda7c8a57e5149c59b,known_prior_history,0.6827,11.1.0
11260e69d4a5ee5f,data/images/canonical/11260e69d4a5ee5f.png,c807f52761dd21b87f3e4cc954cebd53d557f29b6e1c790ae35795f23bb5be88,known_prior_history,0.6827,11.1.0
11385ba17305f78a,data/images/canonical/11385ba17305f78a.png,c931c4dded00d1fbd5b9c8a50c0e5a85eae3b9e3029a3f31f0967a26998d5a86,known_prior_history,0.6827,11.1.0
11421cfb0e8ff05c,data/images/canonical/11421cfb0e8ff05c.png,d1a56810022b4c44730859fdb0548c24009d8ffffc8c1514111652bb32622dab,final_transform,1.0,11.1.0
116610877c72f564,data/images/canonical/116610877c72f564.png,0127ddb1e539e6f849618ef641ef626ed5dcdaf31cf18e7f2a72eb3c9ffc0318,final_transform,0.5,11.1.0
117610f81583f087,data/images/canonical/117610f81583f087.png,83848fc76dc61441fe7ae5abe9603a5067a5c1e6904e448fa85de67af4dd52ca,final_transform,2.0,11.1.0
118a8708defa5ddc,data/images/canonical/118a8708defa5ddc.png,7f0a0391825458f89de915ccf31c546afe47a3f35a76685f146f9bfc46f59e5b,known_prior_history,0.6352,11.1.0
11a704fadb9f3b3b,data/images/canonical/11a704fadb9f3b3b.png,5a7d33444613ee2aa0e1fed67a0689e8c468b1132ec4107a946477a27c7aa684,final_transform,2.0,11.1.0
11adf8841ad9ce5f,data/images/canonical/11adf8841ad9ce5f.png,24216bf8621fdbfc03f3d004bb51023b422a292a8b5d5e6b0633e2bb8c2d161a,known_prior_history,0.6827,11.1.0
11b2b5077ad20aa1,data/images/canonical/11b2b5077ad20aa1.png,886ce96d1b9a6f71885d92476140752a5d6fd0dbe0ce9ad0ebe91e37265e8254,known_prior_history,0.7171,11.1.0
11c011d101962962,data/images/canonical/11c011d101962962.png,b8ee82c79c80e0159779ff732061089590fe0529dc96ae4b62255538bbfcb7a2,final_transform,1.0,11.1.0
11cd9a6302144e23,data/images/canonical/11cd9a6302144e23.png,b3ba1591a91da865bee332b3af74ed7def18b2baa81842c259423adf02c68dd4,known_prior_history,0.7619,11.1.0
11da72ee5851ec1c,data/images/canonical/11da72ee5851ec1c.png,145edb0051e59932540aba47637d75aabd06fcdcdf651b1965be5bc4a778a032,known_prior_history,0.6632,11.1.0
11e0fda43d1a41b6,data/images/canonical/11e0fda43d1a41b6.png,77789744e34620fc651bfe6b650d04af9455929306b1edee5d2edb7a0f5710a2,known_prior_history,0.6827,11.1.0
11f07969678bf2be,data/images/canonical/11f07969678bf2be.png,6ef93e21e562140a9d68ede27b898488d167958e2bf68a8419896bcc9571f7e5,known_prior_history,0.6827,11.1.0
120258ca41215ed5,data/images/canonical/120258ca41215ed5.png,33f746367daa1fcf297491174b9c76bbf7034e200edc7a4d931a9d0135a4066d,final_transform,2.0,11.1.0
121bdfe0b63f52a5,data/images/canonical/121bdfe0b63f52a5.png,85ebf6fe4db4e37444d08b7f199627aebbb792c42f9bc033449c2ca85e45b648,final_transform,1.0,11.1.0
121d91ad0eb0a106,data/images/canonical/121d91ad0eb0a106.png,1a66324e7ba2e459a790b5b002edc395db050a30c793e1b76549af06331183a0,final_transform,0.5,11.1.0
1223eb9d9ff2b508,data/images/canonical/1223eb9d9ff2b508.png,79c76a833850c90af33de741f81d53118aeba33897cf856c505468a5afaeaab7,final_transform,2.0,11.1.0
1225c42e0b5c6969,data/images/canonical/1225c42e0b5c6969.png,86cccb8b57c120e7d66b66c9973f4a0a9f2a6827dc62d8d3672e6e29779f5fe6,final_transform,2.0,11.1.0
12379b1105397d2a,data/images/canonical/12379b1105397d2a.png,dd8b9c076b533bae25009e8ee4a83f53eb34d8dfd01d3fe1a418f25932ecbe9b,known_prior_history,0.6321,11.1.0
124c55fd2fb6958a,data/images/canonical/124c55fd2fb6958a.png,fded64dd96ea79c1a0e1b7861e0f2209be8f06bca0be96f2ac6e29db29b7546b,known_prior_history,0.6827,11.1.0
125e716f59018194,data/images/canonical/125e716f59018194.png,2638e1c47a9bc82dc36db50fa292e8914456e0b0be9c513b7f7429383aba27ae,final_transform,0.5,11.1.0
126c985640390139,data/images/canonical/126c985640390139.png,e6fededb217575fcc12b0e59d1074f603ac9555bee973ab2fc5b5c87819943ac,known_prior_history,0.6827,11.1.0
126e93991acb4e1d,data/images/canonical/126e93991acb4e1d.png,e34796549eb319c95499220a2428d504a46da8869cfb7fb6e9005e13addb6cdf,final_transform,2.0,11.1.0
1297d184ac19676e,data/images/canonical/1297d184ac19676e.png,e354a25ed42f81a71b9b4c2a14dcb721e5a732814d2f1e66d89f89a605eb5efc,known_prior_history,0.6827,11.1.0
129c70476b2f8d2d,data/images/canonical/129c70476b2f8d2d.png,723a104cd1d8cde7d7377073102ca4555a45f0e35cba1db9ba0da5a61b38aaf5,final_transform,1.0,11.1.0
12c6149910b71734,data/images/canonical/12c6149910b71734.png,035ca1f427b14efd28a6acd2a36e3c13c8effb7928ce47621fed123ed51181b5,final_transform,2.0,11.1.0
12dcd7c6041330a6,data/images/canonical/12dcd7c6041330a6.png,e6a6fa0077d91150cd7df2cc0530df401d307a40fbf09ab22071baa5f39059c9,final_transform,1.0,11.1.0
130d742bbb1e6e67,data/images/canonical/130d742bbb1e6e67.png,f3871d2fd1468fcac0caeb33412e5e10eca01398663cbb0a6acd9e73fd2fbb02,final_transform,2.0,11.1.0
137eee92e8c797fa,data/images/canonical/137eee92e8c797fa.png,de163e5f235ea9ac21b8b6b5c043f23abd331391d6ba6c046165e10606255506,known_prior_history,0.7399,11.1.0
13998fe746c6082d,data/images/canonical/13998fe746c6082d.png,a1991fc2c6b34145ec9cce7b08dc23ad6e43bd5bd6dc9f94bbc4511090c68037,final_transform,0.5,11.1.0
13d32d64571c6cec,data/images/canonical/13d32d64571c6cec.png,67a321074534f80d942c7cf34feb99938e88b4e24976cc2b12fb74a2dd3996dc,final_transform,1.0,11.1.0
13d6741cc82ef734,data/images/canonical/13d6741cc82ef734.png,6a757aada8dadd537fa099ef7745439275e0ebeded98786660f35ad49b9c5d75,final_transform,1.0,11.1.0
13dd748a433bb698,data/images/canonical/13dd748a433bb698.png,cb3347aac2051d5fc53c516965b794aff7347b6f38e17d38165e583b4d0b74ee,known_prior_history,0.6827,11.1.0
13e0af8aa7d61946,data/images/canonical/13e0af8aa7d61946.png,6b0625655cab173991efd566de6d52ea9747731228ff381e4d95a2e70cafd0b3,known_prior_history,0.6321,11.1.0
13f16e484ab8f723,data/images/canonical/13f16e484ab8f723.png,adc0a65479b330c3e65d488e7e683df032ebdef7b5d4ca7dde927fcbfb9e2c1b,known_prior_history,0.6827,11.1.0
13f68126bf76a6db,data/images/canonical/13f68126bf76a6db.png,708942f83471900a336e029cca26ba54800340798eb315775c0e1261cb394dd7,final_transform,2.0,11.1.0
1411741e286a8d3f,data/images/canonical/1411741e286a8d3f.png,ceabe8ff45282141af0fd7ff6b0086a973d7ccf8af2c4549b36ead0a4fba45e9,final_transform,0.5,11.1.0
14249188b7c92746,data/images/canonical/14249188b7c92746.png,8753ee9d87a1add4aff899ea7b66c643339a1112b6a6f470933988bc5e00c7d6,known_prior_history,0.6827,11.1.0
1427bda2a3527aca,data/images/canonical/1427bda2a3527aca.png,0e333f726a10e76635955848b02cebc6820804d6271de57945ae4bc96113f8b2,final_transform,2.0,11.1.0
1428bb20f43218f5,data/images/canonical/1428bb20f43218f5.png,b0c3131c3b72cd054c8e8790424b4b28a6af7c7f3a2ca8650d226f6e76abc913,known_prior_history,0.6938,11.1.0
142fdcc70be66afd,data/images/canonical/142fdcc70be66afd.png,dbd02dbc95b05034a94cb16e7049fde96adb8a1dff88470a93c36494013b1dee,final_transform,0.5,11.1.0
143a9870786c4e0b,data/images/canonical/143a9870786c4e0b.png,42b305aa8c9136a8b520d5ea92e70a76424f712c7001ebf74ac7560b4ada2ee4,final_transform,1.0,11.1.0
1442e90bdad79731,data/images/canonical/1442e90bdad79731.png,d0468df2b6a2aeb22941ceb5445d48696a38f4500169fce5a25feee830dfbfa5,final_transform,1.0,11.1.0
14468b281ab4aa5b,data/images/canonical/14468b281ab4aa5b.png,8a71f13a302f303da4d84088fc68b84c33ac4a5214a4b93220b2d7c9e2e7de3e,final_transform,2.0,11.1.0
145533f24943f4ed,data/images/canonical/145533f24943f4ed.png,7d97de360049b6b23acfad89f278d3725b5a4f8d87e182161321dbd1e3b3b84b,known_prior_history,0.6615,11.1.0
1462f2253736ecc9,data/images/canonical/1462f2253736ecc9.png,e1deee169c17647799bea91e2a84e850699ca5a8dd278ca29ef7c3bef312ef56,final_transform,0.5,11.1.0
1467fead34327d36,data/images/canonical/1467fead34327d36.png,1ec51d3508fc2b816bb2dc384dea2dcff27fa31ff5765807f9f397856d7bd49e,final_transform,0.5,11.1.0
146dd6016adc58eb,data/images/canonical/146dd6016adc58eb.png,d94fe8c2085213a2d12dd7d9f0df8d0f4e98804efe72578376b46de25382d544,final_transform,2.0,11.1.0
14800e9437e9708d,data/images/canonical/14800e9437e9708d.png,823ee1420bb0c3e752aa56fa1fdff422fd065c79842ecde0c728bbf6e6fed101,known_prior_history,0.5203,11.1.0
14881a222583e17f,data/images/canonical/14881a222583e17f.png,2a1092adf2e1d23161f7e4d94b8920fb5af8999b9c400b893bc85b4582be1be6,final_transform,1.0,11.1.0
148f89b4e9cf1882,data/images/canonical/148f89b4e9cf1882.png,db150ad21db54a24ad29a3aa9f358ef99643ad7427f4368d4db658b51c602130,known_prior_history,0.6845,11.1.0
14a542d7f4924eec,data/images/canonical/14a542d7f4924eec.png,126d383e95b79fe0d7c7340ad9218184636b1850b1fa40f4175cdc6fd93ae5f8,known_prior_history,0.6531,11.1.0
14f74e84d5322053,data/images/canonical/14f74e84d5322053.png,8a538e4e650b933010f8f833c9f77b5078029dc11471cddebe9364c458c1a9fd,final_transform,1.0,11.1.0
14f843fa2b4c89c9,data/images/canonical/14f843fa2b4c89c9.png,c9ffd818101897eca9c3f4409179affc14783c627a3375bb9988aff605276a49,known_prior_history,0.513,11.1.0
154bb3d002d3fc3e,data/images/canonical/154bb3d002d3fc3e.png,57753aa5f4c7c366599a9807b1ddaefc9cf24fe4ec073e61ff93c92ab1822c16,known_prior_history,0.1793,11.1.0
154f51bf6b0b1280,data/images/canonical/154f51bf6b0b1280.png,c53d6af75cb50565debdf3f8770b2a863384d5023f8ed423e22c8a634fdfe539,final_transform,1.0,11.1.0
1576ef21cc150162,data/images/canonical/1576ef21cc150162.png,59040e3a7268b385efb10d7e72d36a602957a056095770a109b3ee623c5565b1,known_prior_history,0.6827,11.1.0
1597083d4d1f1a56,data/images/canonical/1597083d4d1f1a56.png,8f6d8ddaf7cfa6f8625c199ed036d9e459c589cdcaaf5fd1df69886645bac2d3,final_transform,2.0,11.1.0
15b1df488d9c640e,data/images/canonical/15b1df488d9c640e.png,a2f9c20ce81641ac7ffb8270c6ee7e513770af8ee9cc47c959a0408087c9941c,final_transform,2.0,11.1.0
15be70d228ec98fe,data/images/canonical/15be70d228ec98fe.png,697f87d193e537dcd8b13c55dd74f9da28554167cbbde1cc871d7c99399092ba,known_prior_history,0.4,11.1.0
15c50cae831bc8cb,data/images/canonical/15c50cae831bc8cb.png,4b00e582710ce6b32a6c73b18781bb596dfff716a99a81d8bf21754e1b431447,known_prior_history,0.7232,11.1.0
15cba204ed5bbce7,data/images/canonical/15cba204ed5bbce7.png,1782010ad6e9d425378a10f82f62371c576e829af8a5934ebbad2ea42679424d,final_transform,2.0,11.1.0
15cda4a3cbcb553e,data/images/canonical/15cda4a3cbcb553e.png,76b8eca20e7967ff8a022bfb0afd4ef2b0113c9e1712f51223d0e20771d1f0de,final_transform,1.0,11.1.0
15f38ffd1174da13,data/images/canonical/15f38ffd1174da13.png,ee1be45e6ba3d9ada1d633ec8fb3a1896fca819a79a7ff922061028d3c3893c1,known_prior_history,0.6827,11.1.0
1625509c7f5d5b04,data/images/canonical/1625509c7f5d5b04.png,d02ef4fcc920e4e818ed4eb1dc27805224c69da0be4a45e3f373c1d5d9e75428,final_transform,0.5,11.1.0
1645eeda04674c13,data/images/canonical/1645eeda04674c13.png,76b1378babb38efe14d5f670983adaecd5e84b60f67c35e1c7b90949bea8adc3,final_transform,1.0,11.1.0
16671c31d321aded,data/images/canonical/16671c31d321aded.png,e47a6db599712a72f71df6565c2e3e864b7f7414c7934aa1880c366fe5885333,known_prior_history,0.6827,11.1.0
1695a633a4afa336,data/images/canonical/1695a633a4afa336.png,c80fac20da76422904f9e50ddf882d10e1a2a579fe101b5737e12e7879a5ff23,final_transform,1.0,11.1.0
169e290fc0f55657,data/images/canonical/169e290fc0f55657.png,808fd75ce68f2589ddff50f8dcb896b53ee49f4f402fa1da93475c85bdbe6934,final_transform,1.0,11.1.0
16a85d8a97f85a85,data/images/canonical/16a85d8a97f85a85.png,8e12a67d997534f9c585f75dd1d7d2d58664d0b71d6dc49eaa765ffc74493691,final_transform,2.0,11.1.0
16d062698b8ae2f8,data/images/canonical/16d062698b8ae2f8.png,8fe1f2f4a0807cec33b61596d02f22fc556b52958d2307d3d2950bfe1dd39ccd,known_prior_history,0.8533,11.1.0
16eee954bb28d96b,data/images/canonical/16eee954bb28d96b.png,afe1e54aada45568363b1e79f153d2217818019ae16f946988b6ddecf1efc923,final_transform,1.0,11.1.0
16fa25a4c6a8ea00,data/images/canonical/16fa25a4c6a8ea00.png,49b52ad158d23f32def8b30de03b2b70471c79e524b3bea01a4e4763957f299f,final_transform,0.5,11.1.0
172f55816f63d3cc,data/images/canonical/172f55816f63d3cc.png,d055ca06b9cb2b77d9fbc6af9622caf16ad2f75f8ed3b3d3e2547f65c861d71a,known_prior_history,0.6772,11.1.0
17450f2809901250,data/images/canonical/17450f2809901250.png,d4e37a72026680622e188a80770c4f5b02d0e843b0ee68c47221ad02c4c0f3a4,known_prior_history,0.6827,11.1.0
176a765b6ca1bc75,data/images/canonical/176a765b6ca1bc75.png,4b48803ea268ce2606f295a9cd2833a57d3ef57219f8a13d07d38d1c225ee8ae,final_transform,2.0,11.1.0
178c88f6c0bdbed5,data/images/canonical/178c88f6c0bdbed5.png,3853e757a51005f60ee97dac3873bed7f404731e1891ebd008dc25711cbfd4ea,final_transform,1.0,11.1.0
178c95d9f09f4943,data/images/canonical/178c95d9f09f4943.png,e24ccc58387bdaed25d873c37965438e110dd74c3716f33d432db19c905c1a0a,known_prior_history,0.7314,11.1.0
178d03bae46e446c,data/images/canonical/178d03bae46e446c.png,1856669590d02ee7c74f65270a72385776807f6b391c79523e23a1144dcc5312,final_transform,2.0,11.1.0
1790914e62100561,data/images/canonical/1790914e62100561.png,c0a9b69b888420825fbec94cefc1f6fd3a56447b3846e5f332bcf677cfe60522,final_transform,2.0,11.1.0
17cecc73fba8b239,data/images/canonical/17cecc73fba8b239.png,14bf46de7c01940decbaa8c305bfcd5bdb4ef413919f20e8d4df21b443348404,final_transform,0.5,11.1.0
17fe82f6cff4e9ff,data/images/canonical/17fe82f6cff4e9ff.png,1f60dab4f9c72ff995b44eb11f03f6743384cfc1b200f1b4e721e7cbab14dd40,final_transform,1.0,11.1.0
180091ed91d68412,data/images/canonical/180091ed91d68412.png,28a047548dac99687c958aadb997b2d30eda41768bfcb9e23a8120e22c945da4,final_transform,1.0,11.1.0
1802fedabb3e1e19,data/images/canonical/1802fedabb3e1e19.png,91b7fd3092c7e6ec06fadd30377a1b204aa7e0a06fa4b9a5912645cf99628fc6,final_transform,1.0,11.1.0
182e178b30435aeb,data/images/canonical/182e178b30435aeb.png,3b61a9137b7f404fa94e0650ca433f12af85185c1c700fa0bfd5af164040c28e,final_transform,1.0,11.1.0
183a6d7728bfb26b,data/images/canonical/183a6d7728bfb26b.png,1dd5cd6a453d779ea177b27767ec81beb836a51e3ae4310b4588b77ddf183e95,final_transform,2.0,11.1.0
1853556cf302aca5,data/images/canonical/1853556cf302aca5.png,107f048177537939feb8f27268e08c3868a385a6d47fdf82768b124b56f7d974,known_prior_history,0.6827,11.1.0
1856c04b07b8bdb5,data/images/canonical/1856c04b07b8bdb5.png,0b20ca03586f75b2e3028f4efb0432cf456e10922a6fdb33e705a716e07a3ab1,final_transform,0.5,11.1.0
1858cfe9f96550f8,data/images/canonical/1858cfe9f96550f8.png,c91edf6e150198bdf462da89aa65948db0a2b91b01b22789af10fc375946d200,known_prior_history,0.5664,11.1.0
186c527a950a4648,data/images/canonical/186c527a950a4648.png,d0d181d574fc3e5f17760fc7f564b6530d2bb3dbe95f561f7749a42c75353554,known_prior_history,0.3885,11.1.0
18774a7db696898c,data/images/canonical/18774a7db696898c.png,884858eda0a8145319b698e1f055eb4867d298a1bc87e8ab957ead7cca3e53f8,known_prior_history,1.0667,11.1.0
18a60c24cf5cb2c1,data/images/canonical/18a60c24cf5cb2c1.png,a1e47e1578084c4b221987dfeaa48d72cf9d26e88ffefc088fd54339ceaac27e,final_transform,1.0,11.1.0
18a67db7c9ba2f8c,data/images/canonical/18a67db7c9ba2f8c.png,86cb87d1577c30eeada04beb3f49a9746fb71b93fe3a155faa99399766ce5942,known_prior_history,0.6827,11.1.0
18caed9f066de2d9,data/images/canonical/18caed9f066de2d9.png,f344ca897024d581eb2e396d24b587c29481cbc042e2ba7647364d9cb6d704dd,final_transform,2.0,11.1.0
18cb17b1c261ba08,data/images/canonical/18cb17b1c261ba08.png,88aee1c56548c9beefa2fac4b51730632cb361c2126421214530dcea29e0dedd,known_prior_history,0.6827,11.1.0
18d5b7b8731d5306,data/images/canonical/18d5b7b8731d5306.png,83ecc7d65f4264b9fe50e5d4ad1315e3c8ef8618c0396d76775ec18ae2572f0c,known_prior_history,0.7688,11.1.0
18e1f2f444ef3f23,data/images/canonical/18e1f2f444ef3f23.png,8e3ff11e15d6b9a2b41c76ec5fba844f831d7ce10f89e221a8f7c152048e0c9c,final_transform,1.0,11.1.0
1902c5283f800722,data/images/canonical/1902c5283f800722.png,5bc101c48f03d5f2620dea89a492a6582c1ea3b78d5108376419c3542a625d79,final_transform,0.5,11.1.0
19248f62cd110f17,data/images/canonical/19248f62cd110f17.png,ad8eab113e9e3912d016475ea9d5aada66d81c24208c4dcf107e70ea6a0bea77,known_prior_history,0.7688,11.1.0
1927911e78f8e2cf,data/images/canonical/1927911e78f8e2cf.png,0fef74a77ff730937b295b262cf000b0d671263ec41f3e53216ce0d3ff2403d3,final_transform,1.0,11.1.0
194c71210060fd47,data/images/canonical/194c71210060fd47.png,f64d14fe147da2db9ca3d3d577b4d374f0c97678f59f975f1dc0db5ea61a35ef,known_prior_history,0.9517,11.1.0
1950514944f74147,data/images/canonical/1950514944f74147.png,4350c50c6dcdad84b5c95f51bfcd23fe868427dd4ea63c15e05e5663fbb3ec90,final_transform,1.0,11.1.0
19681ab0f488b0ee,data/images/canonical/19681ab0f488b0ee.png,4cb37afc286a799c031d4de738df851877c866c1868baec31b31bbb540905450,known_prior_history,0.6199,11.1.0
196aef878c12675d,data/images/canonical/196aef878c12675d.png,b3be6c8cfd6db9b2766db20a43bcc6bbb91985e56b98e3c8a3cdf9c083429fe2,final_transform,0.5,11.1.0
1976a800be8524ed,data/images/canonical/1976a800be8524ed.png,eb0002fccc024c664c162034262f27257dd24b592ede774b02875daea7105410,final_transform,1.0,11.1.0
197f507ffcd8b31f,data/images/canonical/197f507ffcd8b31f.png,f10223bc104042afec80bc0e5aeec6cd7de9b3f1277d428d96592efb4b2bce6c,known_prior_history,0.5214,11.1.0
198ea1de74b35edd,data/images/canonical/198ea1de74b35edd.png,0f87863029f7732c31af305611c9464026c1a68a9edc9cc3135780e1c61a85f1,final_transform,1.0,11.1.0
19de9e9eb8375687,data/images/canonical/19de9e9eb8375687.png,6b006468b7f993fcefc0b369ab08501671fd75b421201cf3db36d4d2af9f1f88,known_prior_history,0.6368,11.1.0
19e89c2680ae01e9,data/images/canonical/19e89c2680ae01e9.png,a59d2bc05f26ff0d58eab5af71899cd65bc16e7b335c752f0d051a44a884db89,final_transform,1.0,11.1.0
1a1da986c91b1c61,data/images/canonical/1a1da986c91b1c61.png,38107de35cbb7bba14b9918aa7132252374bddc6efafe0d449c8b65243554df8,known_prior_history,0.6547,11.1.0
1a2953bf197ac5e9,data/images/canonical/1a2953bf197ac5e9.png,09be49e507651d03fc2a5ef5adc5729d904b55f68ff4090329e5ecccf2ad6bc3,known_prior_history,0.7314,11.1.0
1a2c8b30b56a63ce,data/images/canonical/1a2c8b30b56a63ce.png,3815e16d9f802a063a4cabac2777cf371caf53d67a0f712f519c7328c5266ad7,known_prior_history,0.6827,11.1.0
1a4adf58a1e74d08,data/images/canonical/1a4adf58a1e74d08.png,996d29846b660e71abbfceba00420d1d114b75095f3e2681e4dc05058afedf63,known_prior_history,0.2667,11.1.0
1a537690873ef899,data/images/canonical/1a537690873ef899.png,9d8ade66d68ad5acaa253b843f8a72e1381332ded094dd5d7cc0b4bfcf9915b6,known_prior_history,0.7688,11.1.0
1a5ccb9731222d43,data/images/canonical/1a5ccb9731222d43.png,8071e1611bdb8048b38205dbdd8fd4578401500222f3895ccf5bd29b4137607e,final_transform,1.0,11.1.0
1a69125b079b20ad,data/images/canonical/1a69125b079b20ad.png,8029b376193f238773d2c6bc1f1a5291156c9d5199cde2bf8d5ce07362882caa,final_transform,1.0,11.1.0
1a7022b2e8b6e0db,data/images/canonical/1a7022b2e8b6e0db.png,b8eee7042f42487bf1c88ed2728619b1244b6254e4c369304ef1cbafb769ca55,known_prior_history,0.6772,11.1.0
1a7b2807a4b5b53f,data/images/canonical/1a7b2807a4b5b53f.png,2e6c50c2431ecaabc610688fc6c3774c08c28dd91f72853bb95118b2c2b33686,final_transform,2.0,11.1.0
1a8c0e8dc39e751c,data/images/canonical/1a8c0e8dc39e751c.png,073bf7acb502c3780ca926f5fe15b8e037cfb65a2c0dc7c938d73f498b64fb71,final_transform,1.0,11.1.0
1a8eb95b26e76e81,data/images/canonical/1a8eb95b26e76e81.png,d182cdb89d62e8b5e12f20131588a341cdda87d520d6ac43fabbb67a81a440de,known_prior_history,0.5995,11.1.0
1ac1b254222df4ae,data/images/canonical/1ac1b254222df4ae.png,c101b1e87a1f252b6b216c2eb414a58b66c0883ad8174a29cb163396b32ef36d,final_transform,2.0,11.1.0
1ace22dd5c3b96ae,data/images/canonical/1ace22dd5c3b96ae.png,b4cd74ee8a094f0b3ebb9ca101129d1a36a2805e0a88943f7d8786a1a85cf20f,final_transform,2.0,11.1.0
1acf6b05db884552,data/images/canonical/1acf6b05db884552.png,027937da9c2d229245ae106c4549926a76dacfac3037be23e7e1f766ebf1af17,final_transform,2.0,11.1.0
1adf0349e9e88f10,data/images/canonical/1adf0349e9e88f10.png,678b3cf2c853b03a429ad9b626c756bdf4067e453f37d2c51378cef9775c1f6f,known_prior_history,0.6827,11.1.0
1b1594466b2ad151,data/images/canonical/1b1594466b2ad151.png,a9f84d9f8cecee726af938530b2582ffbd47ed28c2dd64f7cb3ab76fb7895f53,known_prior_history,0.7781,11.1.0
1b531a1593a8ab80,data/images/canonical/1b531a1593a8ab80.png,64e21b6575bf680396c85ff5c00a26fd843facfbf2fc15611f27eacd2c392793,known_prior_history,0.4803,11.1.0
1b68370299c35293,data/images/canonical/1b68370299c35293.png,32681f22b67067a491ecba39af2cbbb8ee391b13523c2d47d3c71364ab1ad544,final_transform,0.5,11.1.0
1b843170f6a55045,data/images/canonical/1b843170f6a55045.png,e4c75e913b2b867174918bc73d317e0c198bd2096910142e1797f112d2cb2995,final_transform,0.5,11.1.0
1b8e015a6bb2ba19,data/images/canonical/1b8e015a6bb2ba19.png,75272ccfbe55b1aaefb04bdcae18a392455623116b6ac39e4f689dba0f300c24,final_transform,2.0,11.1.0
1b934d1066c8373c,data/images/canonical/1b934d1066c8373c.png,00d284db0a7bea896190c5ea0a2f3511dd5115a826c669e9b25144026abe0194,final_transform,1.0,11.1.0
1b9a433e18bd1020,data/images/canonical/1b9a433e18bd1020.png,084a548963321a35a027f62a699ccfe9d1a79c86a16f10d91c7117357e7bce1e,known_prior_history,0.679,11.1.0
1baadf31ff524ab4,data/images/canonical/1baadf31ff524ab4.png,39742c4d677a6c322fa8c62c4d51738a153723e08f8ccc273017b7bd30f59f36,final_transform,2.0,11.1.0
1bbb2709c73e3620,data/images/canonical/1bbb2709c73e3620.png,37b7f976488a72e3d4361c890e9a0de11dfb722e8858ec0d6084b474ca99e700,final_transform,1.0,11.1.0
1be159a7e385ecdb,data/images/canonical/1be159a7e385ecdb.png,172d6dfdaffc86ff7f9744cb2e4a40b60958c1da3d03665300efadbbdffe3547,final_transform,2.0,11.1.0
1c1afcffa40fd288,data/images/canonical/1c1afcffa40fd288.png,cc7af2a9c6ce6abe111b624c5e5d7636b70838d8315ceef27820907a3f413c70,final_transform,2.0,11.1.0
1c1d76736e849b6b,data/images/canonical/1c1d76736e849b6b.png,1b7f7449510559baddc6be83755da8391b035c5e720e380d395e371baeb8ff33,final_transform,1.0,11.1.0
1c430510c06a47c8,data/images/canonical/1c430510c06a47c8.png,75ca3903e442857d00d92b0df01ea70bee7d9c1db076b30dc3a8f79aa862df5e,known_prior_history,0.6827,11.1.0
1c4d327049bb8193,data/images/canonical/1c4d327049bb8193.png,e078e76b85b00984fb3ab5194d084408309c6063cbb189e8be593ffd0fa110b9,final_transform,1.0,11.1.0
1c4f352a42ddaa4f,data/images/canonical/1c4f352a42ddaa4f.png,3d740cc77f35d19731dd9699c2e08f6990074887f3ce7d92d3c8338c277393f6,final_transform,1.0,11.1.0
1c73202e3199c596,data/images/canonical/1c73202e3199c596.png,a34a8d48305a3438ce3fd68627d0446c8406c830bc3aabe9eb05e4f34f6d531b,known_prior_history,0.5676,11.1.0
1c7e425a4ff5b072,data/images/canonical/1c7e425a4ff5b072.png,5feff7fc297078494117ce453f2eef8bad383d2188054a89922546f0ed1b6cc7,final_transform,0.5,11.1.0
1c7f5d88529b591d,data/images/canonical/1c7f5d88529b591d.png,d29f151d5672f0e5423d6ea6a5f931dab34227784ef9eee57d1b870c7d20b3d7,final_transform,2.0,11.1.0
1cba02507d33bc93,data/images/canonical/1cba02507d33bc93.png,d67a0589f7a9089ba8b246985c41ef7a0188d386522e3a2a1958c0982f84a662,final_transform,2.0,11.1.0
1cd813a48b640c16,data/images/canonical/1cd813a48b640c16.png,39ce445c534912d5a8663747ee6a53012b30be99a0fd089c04ca6319be850e85,final_transform,0.5,11.1.0
1cda69ddefae412f,data/images/canonical/1cda69ddefae412f.png,59c4ad6fdff808ad7cb6e83eb2452f8e887ead2fadba31527fc321c32b32046f,known_prior_history,0.7507,11.1.0
1ce2172a9762da99,data/images/canonical/1ce2172a9762da99.png,e59f418b77d2c4fc16e96704a9ea67a6037a0b62791cbda2ea4d3bd6811b4507,known_prior_history,0.6827,11.1.0
1cfd8f84cf79bf44,data/images/canonical/1cfd8f84cf79bf44.png,9b4d3a1dba21aacc86358633122da329de472ac9256c003eb48337406e34cad6,known_prior_history,0.9697,11.1.0
1d05f421aac75b2c,data/images/canonical/1d05f421aac75b2c.png,aa891f5602430ad1f04f0e41d4590b817f1947e95c396dcc3e039ade2b4e2b1f,final_transform,1.0,11.1.0
1d167a22e9d4980e,data/images/canonical/1d167a22e9d4980e.png,b3542a5deeee1865454001dc9f363f1ffc404ec03456e2c65336f68f093abe85,known_prior_history,0.7688,11.1.0
1d18cc17333d15b6,data/images/canonical/1d18cc17333d15b6.png,d22437add2827ee94af9529e485d9e9983505cf761ac976fa058b5a1e80647e9,final_transform,0.5,11.1.0
1d29a47f182fa17d,data/images/canonical/1d29a47f182fa17d.png,c63493548dd402fa0e312a60ade380718c82ba036abdbd8df6d7e5d22a29a512,final_transform,1.0,11.1.0
1d302b8ad308715f,data/images/canonical/1d302b8ad308715f.png,0dc8245d2a9330d95d3e0d69b9a4dbbdceb8fa49b344a1d2b15bd7d91873097c,final_transform,0.5,11.1.0
1d452fa14a284d6a,data/images/canonical/1d452fa14a284d6a.png,6ce67448d6f4f05471967e0004af69ddd58889d5d38b7303a830cd3b89366ae9,known_prior_history,0.6827,11.1.0
1d51e164d88cad9c,data/images/canonical/1d51e164d88cad9c.png,8abb3acc2916217c4967561f37f4f6ef81c42105670ae46b92b33ea4a8f8576f,known_prior_history,0.6384,11.1.0
1d5a8422f60ecb23,data/images/canonical/1d5a8422f60ecb23.png,fd5e6dc8a4f69e930a5225d34ca398ece2967d2e83deb0ac27e37689b433810f,final_transform,2.0,11.1.0
1d94bc71f09b7f23,data/images/canonical/1d94bc71f09b7f23.png,3006f58c2b3e89e8a088bb0772714d1932a5fdafadf017bd4aa4a901eeea6d57,known_prior_history,0.64,11.1.0
1d97cff30d98503e,data/images/canonical/1d97cff30d98503e.png,f16b3a24ece190370b0e6d040b97caa790455b7b1530fd82ed5d489501eb2c51,final_transform,0.5,11.1.0
1db13f96fdc16bf4,data/images/canonical/1db13f96fdc16bf4.png,a6dabd3e77f0866d2fb8dece6d97bdcfc0f487dd19b792a2c233d997b5dc326f,final_transform,1.0,11.1.0
1dbd25a6f67836ea,data/images/canonical/1dbd25a6f67836ea.png,5964cb510740be90f985971e91855bcd0e4af4db6da885ec49b769fa1034f568,known_prior_history,0.6684,11.1.0
1dd61ac6b5fc8724,data/images/canonical/1dd61ac6b5fc8724.png,0ffb3fc969b040750cbd895393718a12aadf062b11e153b79964ff882cc8aa7a,known_prior_history,0.6719,11.1.0
1ddbde5f9d2acc2a,data/images/canonical/1ddbde5f9d2acc2a.png,39213a601ed20e6677668f718c6705460ae95f3916bcd286995eaf8a4ec5268a,final_transform,0.5,11.1.0
1ddf4d23223ead05,data/images/canonical/1ddf4d23223ead05.png,bb8c9bb012fb03ebd3991cc9d36fc07b6d3fbc491a8f40979aca2b30e95f4d15,final_transform,0.5,11.1.0
1de1d04349b8997e,data/images/canonical/1de1d04349b8997e.png,eae02fe80c3d62f77ea3de77409d20c91bda570ec27d6c29d0ecd873a44d4d19,final_transform,1.0,11.1.0
1de56f218aa7e7e2,data/images/canonical/1de56f218aa7e7e2.png,1bbce1cdfc77c21f1adfd2517f0e61387d3128b06768bd6ce38bcc95d1c87d2b,known_prior_history,0.6827,11.1.0
1df7f40fbcf8e8c4,data/images/canonical/1df7f40fbcf8e8c4.png,77cb5de9c8ce95332c4c771d3083b9c19e898eb7244093dec94c5a5bb0e23427,known_prior_history,0.6827,11.1.0
1e190bd929c1dfce,data/images/canonical/1e190bd929c1dfce.png,9830a37f31f3c0cb6b00fe72825c8c9190a305f4f163554c50f2359132354075,known_prior_history,0.5378,11.1.0
1e2f137d43d0e24f,data/images/canonical/1e2f137d43d0e24f.png,5f00cc3ff8ae4490209839ab3b4294149a274e595d6539d92ba64a7da78e785b,final_transform,1.0,11.1.0
1e39c26854bd84bc,data/images/canonical/1e39c26854bd84bc.png,e9384a55bc2525bdb42941d479adc814b742f5423515a055398becf86df35f41,final_transform,0.5,11.1.0
1e555ea347c97457,data/images/canonical/1e555ea347c97457.png,5e31bb0897c596c059d95f617ca12ea20494656e84e6b9a51dc5ff91c571e8f2,known_prior_history,0.7665,11.1.0
1e64438ee8a993f7,data/images/canonical/1e64438ee8a993f7.png,deff387851a0d556812b4d1e1eaf6f0e79ed46c1e94af173c5a1e3083d68cb0f,known_prior_history,0.6827,11.1.0
1e651e7ea916c10a,data/images/canonical/1e651e7ea916c10a.png,b03f6b747e4a2234cf634e898fa784339b1e4992dffcfcea9703203613104c57,final_transform,1.0,11.1.0
1e92891e2553a601,data/images/canonical/1e92891e2553a601.png,de3c69ff47b30ec7feeb10c66bdf065eec812bc064c4b8fd9f46f3f3f842bcdf,final_transform,2.0,11.1.0
1e98ec99fdbc7b4b,data/images/canonical/1e98ec99fdbc7b4b.png,d72d2301cee32d402fd89e388bb25e47411a39afcb501a862ca5fb8f43cc73a0,final_transform,2.0,11.1.0
1eeb6c170419c2f4,data/images/canonical/1eeb6c170419c2f4.png,9fc04932664e17741664ae1ca660076567f03f62fd670d5527e364c6cce0fd8e,known_prior_history,0.4776,11.1.0
1f00af1743cae80c,data/images/canonical/1f00af1743cae80c.png,1fb15bbd505873b827323f513464456abea8e2810bb83e7379a3b8cd463f3334,known_prior_history,0.4083,11.1.0
1f0d29280820f3c4,data/images/canonical/1f0d29280820f3c4.png,641705dbc6670b1e4a56b22dfb8274382ba32514035fc2102bee056262256dfd,known_prior_history,0.6827,11.1.0
1f38d7f71f009250,data/images/canonical/1f38d7f71f009250.png,7acfb2f5a2e62b6f0d1d16d8cdcbcd81feb8012db62b99df9f55a4d8b868eee5,final_transform,0.5,11.1.0
1f44017280e90283,data/images/canonical/1f44017280e90283.png,27994fb3acec578f12812ac3b750ab319508a9e1ab4d04da3e8fad7f9d74abea,final_transform,1.0,11.1.0
1f55bd6456eb9ae7,data/images/canonical/1f55bd6456eb9ae7.png,8bd5108e96d0e90437983ccd34b051442b584991f68b3a7f81a6123893a05b51,final_transform,0.5,11.1.0
1f97ed70bc4a2eb9,data/images/canonical/1f97ed70bc4a2eb9.png,2b460d39fcd283990d7a260fe8caf53632bb7def02e09ea315bdbdb52d481489,final_transform,1.0,11.1.0
1faf545fb293c39a,data/images/canonical/1faf545fb293c39a.png,f0c9fe38fd6db4821ce183c271b185dd4bc80cfdbd35e60877bea48b076e05bd,final_transform,1.0,11.1.0
1fbca35de7ef0bc6,data/images/canonical/1fbca35de7ef0bc6.png,40316d695dc0353298cdda615eaa1e99d700a0a2eb27c87b8cd10343f842b523,final_transform,0.5,11.1.0
1fca6319ddc917dd,data/images/canonical/1fca6319ddc917dd.png,933347bd7fb3502e1162e812bc7e0a20a3a19ac8275b2902d426c880eb3c62b7,final_transform,1.0,11.1.0
1fe0be4db94b8c52,data/images/canonical/1fe0be4db94b8c52.png,39ac3c3fd69a0b5fe8f66152da14accf612b6d7c616334e08ba44d02961cb37c,final_transform,1.0,11.1.0
1ff61615383ddc68,data/images/canonical/1ff61615383ddc68.png,1626c4a916a9b604947d1833962981d5dec516a2aba86649a0d74bc831af02f0,final_transform,0.5,11.1.0
1ffbe72a30adca8e,data/images/canonical/1ffbe72a30adca8e.png,65fce3c8c70aa38444e0f0dadca1b5863eb1f0614f63ca4e5e275608bb274285,known_prior_history,0.7688,11.1.0
1ffc90db12678880,data/images/canonical/1ffc90db12678880.png,6ff5cb21469abc184fb24cc2a01910aef0bb88b16b4d2a0f590ca8ee16421f1c,known_prior_history,0.742,11.1.0
200133b5eeb28fb7,data/images/canonical/200133b5eeb28fb7.png,6b3d0d1016407fd7b463f17ff95d2d5635af11ca28643720c70e9b3c823b8250,known_prior_history,0.7293,11.1.0
2020cd1ae431b07e,data/images/canonical/2020cd1ae431b07e.png,4cfe40c804da570cb91a50951dc4c805cfb4143ab6e0c20dfb6243a19bdb8e68,final_transform,1.0,11.1.0
205fc52bd5fa8f05,data/images/canonical/205fc52bd5fa8f05.png,7cb1962927b34b147f960dfe022c54f88f48dcd7aeb8ad4b9655e4516c755a1f,final_transform,1.0,11.1.0
206606ba6a8fbc2c,data/images/canonical/206606ba6a8fbc2c.png,1ff53fc14e9a74618e044580e44c0a4c23e1c9b3f54784a219fe65b509ed3152,final_transform,1.0,11.1.0
20991cc1faa70bec,data/images/canonical/20991cc1faa70bec.png,25d1ad2ee0ea445cd8aec6df8f95f587adc420cb2347290aa916feb43c70484e,known_prior_history,0.127,11.1.0
209c13f87150e1da,data/images/canonical/209c13f87150e1da.png,bebf9ff9ae1b296ff6969a3826215992f13e79296ba9f39a7127135b0ab60c0a,known_prior_history,0.6384,11.1.0
20bfa2d463a308d9,data/images/canonical/20bfa2d463a308d9.png,27da711054889479580e8ce6502511c5c98bfa9a82e32bf61fce58b375394169,known_prior_history,0.5333,11.1.0
20c2517d49d3bf78,data/images/canonical/20c2517d49d3bf78.png,7642294decda8113d51d73e5a7c6a98f93f3e4c3c8541605c5488bce1b45f300,final_transform,2.0,11.1.0
20cf052b655e0ccf,data/images/canonical/20cf052b655e0ccf.png,ef9cdea370fdde189dcc42b718caa2d0298db4d79aa6d009c9478e77c88dd5bd,known_prior_history,0.64,11.1.0
20e0de14977bcca9,data/images/canonical/20e0de14977bcca9.png,0dd1097a24f4a021a01f29f6f397afa17dc486db7ac5e9a4d1670ea730db9bfc,known_prior_history,0.6827,11.1.0
20f9c54929546098,data/images/canonical/20f9c54929546098.png,ee3193279bdf4c870508b981e364d4afaedb94e487978f711356a06e7a447031,final_transform,0.5,11.1.0
210448f3d7140799,data/images/canonical/210448f3d7140799.png,bc42a4e9264bb3e5baef95b61d855928c1028862a73d1142d4b9319cc761c4fc,final_transform,1.0,11.1.0
210d5573405024c7,data/images/canonical/210d5573405024c7.png,ca6843b0a5a0bf9ea53daca3b94b7e690000e2557a7fc16c19d1b119322e8702,known_prior_history,0.3737,11.1.0
212bda7a0db8f6bc,data/images/canonical/212bda7a0db8f6bc.png,e82d5188f84262b5b8e89db838594a8b4f6b07f8663d027fccb486f5f73f8776,final_transform,0.5,11.1.0
214c3ec389fa1976,data/images/canonical/214c3ec389fa1976.png,1cede0186aa44152d8a83f4c194f597f9fc5ba7ffd926e4eb2d096dc31117ea4,known_prior_history,0.7688,11.1.0
21557a5930673e21,data/images/canonical/21557a5930673e21.png,c9fedbffa334bba5c942f3a916340a91cc00486a8b1349ecf60e5c471e41187d,final_transform,0.5,11.1.0
215d6d0a53a7debe,data/images/canonical/215d6d0a53a7debe.png,0c62518a2d78f9c4dcc69da4e9d2a16d2d4f2a587fd4f07df86ba04f688c13dc,final_transform,0.5,11.1.0
2169cd14a785e36f,data/images/canonical/2169cd14a785e36f.png,4aa7521d98d77d04189270bced8dbf83792e0c168d3fb9c37845bcf9fb734d5f,known_prior_history,0.6827,11.1.0
216a7ce551aa63c8,data/images/canonical/216a7ce551aa63c8.png,d09f16795d59defc069ed869f6ba265f601154acbce34ddb27b9e622762b4cd5,known_prior_history,0.6827,11.1.0
2185c53c575c39cf,data/images/canonical/2185c53c575c39cf.png,7ac10f97f4b4f4630914d59f4552448ccf527f040ea11cf42091790f0449e00f,final_transform,2.0,11.1.0
2192682f08771a2d,data/images/canonical/2192682f08771a2d.png,1e845b2978cb1a4167a81b9d184c1e4d9967daace8cc5b3345df20a1c91fdbc9,known_prior_history,0.6827,11.1.0
21983d30a995368d,data/images/canonical/21983d30a995368d.png,013cca6112e5f5a7d627a7ab084c2da3749128dce6eb84820cd928703b7864cc,known_prior_history,0.6199,11.1.0
219e82482400bd53,data/images/canonical/219e82482400bd53.png,8ba401533b6e9824b0b9c014239a45a9433c82cdd60ff5a99a442ff925d11447,final_transform,0.5,11.1.0
219f844a86a809da,data/images/canonical/219f844a86a809da.png,56fa5b1fdbba0f37d7c292623aa78a32087d2a55c24c697e43fdcf9df5443099,final_transform,1.0,11.1.0
21da044dd8565590,data/images/canonical/21da044dd8565590.png,aba0a30af69c7ff841d88812433bee35786d4413110fd4cfe75e3094a7b9afac,known_prior_history,0.6827,11.1.0
21eb9666161960ec,data/images/canonical/21eb9666161960ec.png,5b31a6c96f6221f9684dcd97bffda8d0f75c16a9600de4338cad5350d01efe67,final_transform,1.0,11.1.0
21f00fe8dac7108a,data/images/canonical/21f00fe8dac7108a.png,7b221df48f3fc18d68503223136763e50d1741067637692a3bdc569a7b30090c,known_prior_history,0.6975,11.1.0
21faecac41be3374,data/images/canonical/21faecac41be3374.png,681d961b54896e23fa096cbf3d57ad5e6489e424826b80b176eed5133c3901f6,final_transform,2.0,11.1.0
21fb1e2c230fe369,data/images/canonical/21fb1e2c230fe369.png,ae77f38f2723a9c155e7135ed985c87cd5d5daa982db87c34b0f79b725fec6d9,final_transform,2.0,11.1.0
21ff1ec07ee3d91a,data/images/canonical/21ff1ec07ee3d91a.png,ec4964f42ed0e3a537a805f2fc0a7ff26028bda6b4b5e10d40a467de5903b23b,known_prior_history,0.2061,11.1.0
22253ff9553b4e51,data/images/canonical/22253ff9553b4e51.png,6e60fd34074eb880457438b8dffb7bd04d6da9b4d4973be799033b05e7c585d1,known_prior_history,0.5151,11.1.0
2232c44c500aa9a1,data/images/canonical/2232c44c500aa9a1.png,adf25af3f53a681e5a21c5a40ce3f26feac1d8f341c29b82de06327f371d0842,known_prior_history,0.5141,11.1.0
225248344be66506,data/images/canonical/225248344be66506.png,556b40006fc60eaed6fd8612690e4b5ab0fd503a863ed9ca82e7706d8b795d99,known_prior_history,0.6827,11.1.0
22548d02fbe9c650,data/images/canonical/22548d02fbe9c650.png,c5c2c9b96f7bd5d232cd7671a5ad3ca7e9b681e66fab3f9777d4e724b7b060d1,known_prior_history,0.574,11.1.0
225c80af9c688266,data/images/canonical/225c80af9c688266.png,558319a55e8b8cc2b3ee1aca8de7b1b5e11700fb6311a2a2ae2ca5efd3b52d07,final_transform,0.5,11.1.0
2290d5313bb1e23c,data/images/canonical/2290d5313bb1e23c.png,90f181d82b7af85c69be71faeb7ce47d99571206540575bdbfa39dfff2db962c,final_transform,1.0,11.1.0
22a30395923ea500,data/images/canonical/22a30395923ea500.png,99df0f012a0e2c966806b2f0fa356d50249817c8b3ab9eee03443b18fcc80aef,final_transform,0.5,11.1.0
22e747e7e3d94d90,data/images/canonical/22e747e7e3d94d90.png,d28dfe94b25863904acbfbbc7fcd05e3361192d56ff3b763951a50ace30a0a85,final_transform,1.0,11.1.0
23019b6d0c8d3b78,data/images/canonical/23019b6d0c8d3b78.png,614b1df4947e0c397f8e373ce7091da33579d36bf4ca8d4e9aafe0dea9fa80df,known_prior_history,0.7665,11.1.0
2306705b1ba23049,data/images/canonical/2306705b1ba23049.png,643f2f39a5da18d8af7550112d9e3e574701b225d34c6f53ade185cac09f8ca5,final_transform,1.0,11.1.0
231079f3b3da47f4,data/images/canonical/231079f3b3da47f4.png,3514db08fd52a6827809fb7998e093892831e3ce28a84975edd434b002ea49fa,final_transform,1.0,11.1.0
2322fe1a3d5dc20e,data/images/canonical/2322fe1a3d5dc20e.png,85ba834050477cc88f65d9692f01b69a0ff130ca22b28a0f765cea93fa1b2ed9,known_prior_history,0.5151,11.1.0
2328e22dc7635af5,data/images/canonical/2328e22dc7635af5.png,a9d036ab4ba7d59f7cea000ff875997e333e2da5c7baf8650fef96ef7e124650,known_prior_history,0.6827,11.1.0
232c1c2142a7e29f,data/images/canonical/232c1c2142a7e29f.png,082cd765abc96b1a43686d1650ca8ec542d416220ad4d6a00f056a0689cf64e7,final_transform,1.0,11.1.0
232fa5bfc7502921,data/images/canonical/232fa5bfc7502921.png,704e7205bf255ed95cc3ee27f0493a2d51cf979a39e0f69263b97742b6795ea6,known_prior_history,0.6827,11.1.0
2367162c3ddb07be,data/images/canonical/2367162c3ddb07be.png,4e214bacb6d08ee8f77ac4949ded30a225ab39b6af1772c94c6bb93be18c91af,final_transform,0.5,11.1.0
23725419162202a2,data/images/canonical/23725419162202a2.png,571385170a982a61c5c9ff0f8c9b6f9c085001ccb3513dbb6b4fb965be83c706,final_transform,1.0,11.1.0
23769ac9f83c816e,data/images/canonical/23769ac9f83c816e.png,0bc4d9ea5950917e3d818bb4dbec6b303c500923de40288c5072ee6c8a6aad4f,known_prior_history,0.6827,11.1.0
2378893d795cfb94,data/images/canonical/2378893d795cfb94.png,ae914194bf8c97be7c7cd8a2de0b06947b0cc1506e2a37eb2e0bae5c97c2499e,known_prior_history,0.512,11.1.0
237bad4d19474516,data/images/canonical/237bad4d19474516.png,f246a093ec969ee4d4fb7b5aec7ad0abb6690036854ea2e12ed3c458fc8df6ae,known_prior_history,0.7111,11.1.0
23921720650194a4,data/images/canonical/23921720650194a4.png,8bdadb69cfa230b2e3189d217b96fef8547c58e3b7594cc7b3e951623ee8c23e,known_prior_history,0.7688,11.1.0
23c61e8b3033db0a,data/images/canonical/23c61e8b3033db0a.png,382d7998aada990b2cc3b98b4ea6acb5cb7995b3789c9d324f19771c5ad7c68f,known_prior_history,0.513,11.1.0
23dff1befce5f368,data/images/canonical/23dff1befce5f368.png,099c02ba30eef8bd1dff654079273106aa769a01fb38ba2f8baea47bc1efebc1,final_transform,0.5,11.1.0
24002eef590218b0,data/images/canonical/24002eef590218b0.png,de8c63c2c1482e98373c64850730c815aadc1bf0817dfe88b724803345cc9376,final_transform,2.0,11.1.0
245a2f6901800074,data/images/canonical/245a2f6901800074.png,10b937698ac9a24cfdbb020070a6c730c3437da01f52d45d73fd2c078b6779fb,known_prior_history,0.7688,11.1.0
246695442ce8c3de,data/images/canonical/246695442ce8c3de.png,0314cd6228fdb9b700d75a53ddb2fddf2003fbc8b7b7cceeaa3b869bd7a394bc,known_prior_history,0.6827,11.1.0
2480e60190916891,data/images/canonical/2480e60190916891.png,3ab1ef06af399f0e589d77e90d730c15810f9ccfd0a420cf6760ffdd9fcef195,final_transform,2.0,11.1.0
2493cacf0952bc49,data/images/canonical/2493cacf0952bc49.png,adc499265b9465f5904cae924b5ab3fc14cc477b1b316b546cbd4f0ea47eaca6,known_prior_history,0.6432,11.1.0
24b714482aca186a,data/images/canonical/24b714482aca186a.png,e0393d4cfc068431b749a7e36b8743046bcb6956f6db3a7f2feb78469d1ece92,final_transform,2.0,11.1.0
24bf11c231f2f70b,data/images/canonical/24bf11c231f2f70b.png,2136bbad352776b84a8e23a511534221d6b321d567ed6edd1c32041315ef3d1f,final_transform,2.0,11.1.0
24cb9c4cbb3b7c90,data/images/canonical/24cb9c4cbb3b7c90.png,2ec9960237fb866d1442b6d5d32b006394674e996c97990e5e0cc1d6f855b7c2,final_transform,2.0,11.1.0
24d70bd4659a9df6,data/images/canonical/24d70bd4659a9df6.png,3ed36180481edd25d5b4c85c225f1f9dc17180ac61cd9895903ffe1dfb0db1f3,known_prior_history,0.6827,11.1.0
24de9855a3480fd1,data/images/canonical/24de9855a3480fd1.png,7d7705893f4b2d1f73bac12ce5bfc2840c5528841f474a0381040f4d2aa07a50,final_transform,0.5,11.1.0
25220e853c358b33,data/images/canonical/25220e853c358b33.png,6277025c56faa32a90e0918e68dc0549a5fa555783647506082fb0561be7dc7c,final_transform,1.0,11.1.0
25328a7904749572,data/images/canonical/25328a7904749572.png,8837093768b6b5f7e4f00d84fbe69491519fee3fbc093aa2c16d6ba860098e83,final_transform,1.0,11.1.0
25420094e0aed152,data/images/canonical/25420094e0aed152.png,17abe95cd063d1154c04e2c870ca1d4e9bd7f08f161825932c7466d72f4240ad,known_prior_history,0.7642,11.1.0
254ec9946265e53c,data/images/canonical/254ec9946265e53c.png,3c4765ddffe18cf38e75ccd195d58ef47b9d71307d60dedea909beec17f6671f,final_transform,1.0,11.1.0
257892d56fb2abb0,data/images/canonical/257892d56fb2abb0.png,05ab2665bfb90d2c46c38f7e20cd0e69fdae861010a464ac32905d084d53541b,final_transform,0.5,11.1.0
25917adc01d8972c,data/images/canonical/25917adc01d8972c.png,16190cc38f25193817b81ebe03e6e25985205b9b003462a9b9ee837247b84fb3,known_prior_history,0.6827,11.1.0
25a5a26dbe7c9269,data/images/canonical/25a5a26dbe7c9269.png,bfdbca50c649359505749f52e360c16846075bd321971f62b1ccf55fd00845db,known_prior_history,0.6384,11.1.0
25aac53979474f51,data/images/canonical/25aac53979474f51.png,a7fe0bd37acff100be88e6b0b348d88b0aa9080a4d7d3a0336361f2e7ae60517,final_transform,0.5,11.1.0
25b9cb3c50da7876,data/images/canonical/25b9cb3c50da7876.png,67e9031ef0b1683574d14a1d3624efb2e4c80b3f8f7ab945c44652f17acc2f8d,known_prior_history,0.5214,11.1.0
25e3c66915f76efd,data/images/canonical/25e3c66915f76efd.png,073c9e6c6b4c8a911387da91ec4c98268fc5080e13b4f344cbdeb5139314aa97,known_prior_history,0.6827,11.1.0
25e5c4bb553b90d2,data/images/canonical/25e5c4bb553b90d2.png,8be4b2a627be01b790388b7f92168c1996b4b1f6a65898e60a7fc5e9f8af2896,known_prior_history,0.5872,11.1.0
25ff047cb6c66178,data/images/canonical/25ff047cb6c66178.png,ef1f8946809f6b0823d3e7dc5a88afae455773f39c114ecc1a212bb5ebdcb325,final_transform,2.0,11.1.0
260dcfd71ccb1311,data/images/canonical/260dcfd71ccb1311.png,b108a076ca6cd7af47b5e832901e960cda03345441cf6865fa5a5f6af43e8686,final_transform,0.5,11.1.0
262e6f1211d81c83,data/images/canonical/262e6f1211d81c83.png,43837be6296bfbdfac3989f86da0ed1524c21ef8f3d2fea8e605423914fc5458,final_transform,2.0,11.1.0
263b2c02fd4a5311,data/images/canonical/263b2c02fd4a5311.png,857e487a1208b17ebbb890865d5ded1f217fee7a3e2b8d8d6d94777e71142def,known_prior_history,0.5193,11.1.0
26437ef947a21249,data/images/canonical/26437ef947a21249.png,c5e893bda4a4ee6215a701706936ad2ceb8d617ba71913899c99c11b2a0c3318,known_prior_history,0.6416,11.1.0
2649aa429918fdb5,data/images/canonical/2649aa429918fdb5.png,736256f0d1b113deed006519baf73fd60e2ed4faacf1069a063ebb3fb8d09f7e,final_transform,2.0,11.1.0
26623a191bc7bb47,data/images/canonical/26623a191bc7bb47.png,0cc9bd0426a2927d7db53be674b57084e957abed220d04504ec1c0e9828b5863,final_transform,0.5,11.1.0
266f52ad811aa3f8,data/images/canonical/266f52ad811aa3f8.png,e568b3118f220f22fd13a56e2e5fa7bf0ce46d0c98a6948bd5027adbecf78ee7,final_transform,0.5,11.1.0
2675932690971782,data/images/canonical/2675932690971782.png,d9739952bf9ab2f27dee6599d78cf363664571a4514e3a3e76f14891fddbf7c3,final_transform,0.5,11.1.0
267e30d9f577fecc,data/images/canonical/267e30d9f577fecc.png,5500cf1a4bbd2fdde1f2e3525fd8916b03d1dae1e1dd9cbf1b6e9c971a68c4c4,known_prior_history,0.6827,11.1.0
269ab9fdba972746,data/images/canonical/269ab9fdba972746.png,a013cf85b37362d09860595d184ef1c3f7fdb75ff365fc6f691a65dc772f75a5,known_prior_history,0.5858,11.1.0
26b62fd8e08bcb55,data/images/canonical/26b62fd8e08bcb55.png,fc5e748526c5a9d1810c72ca5d0229bb18b8d53f67d327794d3c155ef525be85,final_transform,0.5,11.1.0
26c0342082030f5a,data/images/canonical/26c0342082030f5a.png,96d202d4af67ea7c0ab5e7f84378079cedfabe41aff0b55e7f5c246f613fd7f0,known_prior_history,0.6827,11.1.0
26cdc11711978896,data/images/canonical/26cdc11711978896.png,3fd8c99b9812a5d897cd910d308606ac9c41e2b736264bc58a9ae52165e78f3d,known_prior_history,0.5344,11.1.0
26ce85b34d5684f9,data/images/canonical/26ce85b34d5684f9.png,b4229ba2100c50d81af51da35a500fe4d2963b9743d6181dab88f5620cc2ad0c,final_transform,0.5,11.1.0
2710ece419d0b6ab,data/images/canonical/2710ece419d0b6ab.png,23b3c399e2d89259d5cbbb1d090c3b549d5318b31ea7f8c9da22727eef9545f6,known_prior_history,0.2199,11.1.0
2718b4aead55bb47,data/images/canonical/2718b4aead55bb47.png,4e34d0ca43aa743c7786c304eb740d80b9924141ae74096a985364f5487698bd,final_transform,1.0,11.1.0
2732af4da4190dec,data/images/canonical/2732af4da4190dec.png,1d9a93082d87e3eef4aa1f1ef9459382e9b68b540ae627913c5e1181befcbb34,known_prior_history,0.6827,11.1.0
27434e8793fd83a3,data/images/canonical/27434e8793fd83a3.png,2c1d1793a1ecb8eeb67cb4fd4af1d1f7ea15fced32f55d87e6557a8200ddbb9e,final_transform,1.0,11.1.0
276047101d0b5045,data/images/canonical/276047101d0b5045.png,164d5b81ecffa6c965c63a662d6e4fe499fd8fd27d757ac197c3ccf275817708,final_transform,0.5,11.1.0
2760552384521854,data/images/canonical/2760552384521854.png,554a0726fbd2d071ba842889f3632f2c90aab08b748a51985dc983e747424129,known_prior_history,0.6827,11.1.0
27aff527383a7b33,data/images/canonical/27aff527383a7b33.png,5e6fd51bd17d0b15c25586f8c6fcbec55c646251172c4d8a09163d601f787386,known_prior_history,0.7171,11.1.0
27cb2aeb96e02324,data/images/canonical/27cb2aeb96e02324.png,be300186404372d7df94f00d73bf2224494877135d968c118a286baa72408d27,known_prior_history,0.5356,11.1.0
27db572077f48ee7,data/images/canonical/27db572077f48ee7.png,fce28ef17180cc07ca4b670f0e6c04d22cf74fc234a1068e5124a36ee9cdd69b,final_transform,2.0,11.1.0
27dd47521a94a532,data/images/canonical/27dd47521a94a532.png,68590bb367fc562bd318334a322252d57a24a7d707bc9e329c995ed53230fff1,final_transform,0.5,11.1.0
27e1b679540d2dd2,data/images/canonical/27e1b679540d2dd2.png,b7c8aa277521b61229c5a951d2ce6a0ff462698ccaa03b6d3a7dfe754ed209fe,final_transform,0.5,11.1.0
2816ef9fa73333ff,data/images/canonical/2816ef9fa73333ff.png,90c7d0aa984d477d14e1a5d71b3b3fd980615645ed1631e178335ef61088402a,final_transform,0.5,11.1.0
283a283cc40e136c,data/images/canonical/283a283cc40e136c.png,9111b7ff04bdffe1e47bc76e2a26fa95ca8557ad23ea2352e82616ea4f45e00e,known_prior_history,0.6827,11.1.0
28484f524f21d08b,data/images/canonical/28484f524f21d08b.png,305c11476fd77a4e8c5de1a462ead2374c9097336e5598d0a1f53100a8237aae,known_prior_history,0.6827,11.1.0
284e6c780bcaf8a4,data/images/canonical/284e6c780bcaf8a4.png,bf2d0aac72c6e3156a53f69e55ed76da06dd4de84f4601db0ef0381bbeb98952,known_prior_history,0.7464,11.1.0
2855afc83ab9ed85,data/images/canonical/2855afc83ab9ed85.png,c6523df1f715fa6e17ca07d7c01acd147efaace33fe6204890ff0eb7b6d3f329,final_transform,0.5,11.1.0
2879b2a1ba506919,data/images/canonical/2879b2a1ba506919.png,4fa3548e2bbac828f64bd27e8f7798743457c390b1bb1ba1c34f62fcaee8e67f,final_transform,1.0,11.1.0
2886ee16c074b4a0,data/images/canonical/2886ee16c074b4a0.png,d51a4421153320721d4b753a2f6817095b527afd8c669fb0bf6a0cd4d6a7f7ee,known_prior_history,0.7273,11.1.0
28998884ca02b0ff,data/images/canonical/28998884ca02b0ff.png,2adcc6ed4af9ae7b1c0174c26d33c7a8496835465b986e68a875fe6faccae6ee,known_prior_history,0.4655,11.1.0
28ad6e8d9f0deebd,data/images/canonical/28ad6e8d9f0deebd.png,a696afd95270fd6e1873d57d49ca961ce7baba1a4d8965f13ac72aa02110223c,final_transform,2.0,11.1.0
28e1ec4cf35b1ecf,data/images/canonical/28e1ec4cf35b1ecf.png,1e617f83bf622dd7987228525e30347feef0ed67ab6c0c39d3b14623445a46e5,final_transform,1.0,11.1.0
28e822a371abb15e,data/images/canonical/28e822a371abb15e.png,280b4f5482130d867a6644facb732d342d322738db7be1c15e1ccfab56970910,final_transform,2.0,11.1.0
2916c3a0475300eb,data/images/canonical/2916c3a0475300eb.png,961fd2588094b5b7373806318158336b4dd826a45d67b1cc8f77399ff7e34a8b,known_prior_history,0.7688,11.1.0
2928726745dbc64c,data/images/canonical/2928726745dbc64c.png,683eec31a2f6fc144f37ac8f02bbc3cc0170ece19f49ebef0df97c1104c9750a,final_transform,2.0,11.1.0
2937e72ccfe6bf1a,data/images/canonical/2937e72ccfe6bf1a.png,c85a86fbc498d90766aaae31797478ffcbc9a8ce97dc96385b2fb6a4a58d75e7,final_transform,1.0,11.1.0
294b354b09ee29b3,data/images/canonical/294b354b09ee29b3.png,4776d697e04525e50a9ec984a157eeba9bfe9c53016267510a1b2fc6d27e0292,final_transform,0.5,11.1.0
294b74621ac9e64c,data/images/canonical/294b74621ac9e64c.png,7c7e4bacf0a477d30e538e1b2438b81d23cce6a509c13fea1943aeae4bf10ca1,final_transform,2.0,11.1.0
2962a3e02183c8c2,data/images/canonical/2962a3e02183c8c2.png,e8a097d22682f49cdf8f87386dc9d67e0d7f5034a7a846ce78c23969c2a4025d,known_prior_history,0.6827,11.1.0
29b899df67ba938c,data/images/canonical/29b899df67ba938c.png,6b33b509da4ca91d77904ef0554b6d88582a22665bcdee1f1ce7567e41cd20be,known_prior_history,0.6827,11.1.0
29e519a677477e24,data/images/canonical/29e519a677477e24.png,6cf7e3b804af17f1b69f11b533bfef4060184ea1dbf5280513ce1744db66b455,final_transform,1.0,11.1.0
2a220676b1847be4,data/images/canonical/2a220676b1847be4.png,0cc5dc445a7243925c609dfae86f9c0f230e336972050ad70accfc639b3db405,final_transform,0.5,11.1.0
2a39697050bc9a2d,data/images/canonical/2a39697050bc9a2d.png,c9e08d08a14047c0b1b27a322844e4a257b3cdfe4e50f5e901d9645f1d67ea6e,final_transform,0.5,11.1.0
2a67a82a3abf3f53,data/images/canonical/2a67a82a3abf3f53.png,2514f89e48c79a2f41521bcf2c5b59aed9688005e907b30b3055f30ff0941dfb,final_transform,2.0,11.1.0
2a6d4b92b5d24504,data/images/canonical/2a6d4b92b5d24504.png,4658700c002e3a5a6a416d487e5b780005d337c003e1b46d7dc7a650cee0e9cf,known_prior_history,1.0079,11.1.0
2a7f3be63f8c3a2f,data/images/canonical/2a7f3be63f8c3a2f.png,366af2d90a5c563c2c4de0363c9b2c87b55360f17dbdde1e129c6ce238e1803a,known_prior_history,0.6827,11.1.0
2a8f9fa4fb4b2350,data/images/canonical/2a8f9fa4fb4b2350.png,0e1c35a9da79b190039e9bc2eaf1ae4a47e776d77bb7c325252ed97c74c5fce5,final_transform,2.0,11.1.0
2aa4c40cd0a16a74,data/images/canonical/2aa4c40cd0a16a74.png,8c270ccaf0e3b5ae40ff1f754a4d71997dd10284afbb4f7f60a89511cbdd7a78,known_prior_history,0.6827,11.1.0
2ab9e6ea05c96d85,data/images/canonical/2ab9e6ea05c96d85.png,c415d8022f622288f49736cae173223ee4026cb6943baafac7835b5b71f3cca1,final_transform,2.0,11.1.0
2ade42321b10a82a,data/images/canonical/2ade42321b10a82a.png,4c1739593a9c657ed3204e5d352d0532a13a91684dd8ad0983b1d11ce6409ecb,known_prior_history,0.7151,11.1.0
2af143e3e9ee7e45,data/images/canonical/2af143e3e9ee7e45.png,0daa26f7a1fbba18a0431a99af5b902065162db1c23afd4fc4ba2ee971c3572a,known_prior_history,0.6827,11.1.0
2b15b5974be7f96a,data/images/canonical/2b15b5974be7f96a.png,bb32494292b9a7036535e6f3191831c99b8a4b63958ba2cf8f09d8af8fb300a2,final_transform,0.5,11.1.0
2b1bcf1bbfca0060,data/images/canonical/2b1bcf1bbfca0060.png,112497e1a39a22395c08012cb9e0bc60aa240f81ead8874a864320bb042643d1,final_transform,1.0,11.1.0
2b1e97295489a403,data/images/canonical/2b1e97295489a403.png,94b98d759ce61d2452b117ec55bce9dd43db172599f1f2ee0ba3222b9ebf441b,known_prior_history,0.6827,11.1.0
2b270c4d79690b85,data/images/canonical/2b270c4d79690b85.png,ab01d25bfc3ba198bb46becd45e0fd253ecf48e84bada654365aa6406b4ef118,final_transform,1.0,11.1.0
2b4be0c781825051,data/images/canonical/2b4be0c781825051.png,46e45a4c8f4e7b655e878ed372a7168c091546baeaefd9e8e2ace7ee569a12e0,final_transform,0.5,11.1.0
2b5b92b0847d08d5,data/images/canonical/2b5b92b0847d08d5.png,15e983489e55426aa8dbfc6eaa4dc9842d4d4d88f55732249a5f4aa5a99b80a9,final_transform,1.0,11.1.0
2be2eddfcdaff85c,data/images/canonical/2be2eddfcdaff85c.png,de3a335f4870be1222832b7515b692989cb2d5219acb26a18ca8545953081b42,known_prior_history,0.6827,11.1.0
2bfdce47c5d2220c,data/images/canonical/2bfdce47c5d2220c.png,e155375171a8becbe2e85be238da2cef3ec2056ccd0d42692ce827f52fe70f43,final_transform,1.0,11.1.0
2c1062bce7a45c27,data/images/canonical/2c1062bce7a45c27.png,3f404dcdc1ad705d9722ff2683fb8055386a82a6dc731513106c746437ba35aa,known_prior_history,0.5494,11.1.0
2c22b7b4894d5e3f,data/images/canonical/2c22b7b4894d5e3f.png,c53b649c1bf1e35dbf051b59bade5d6be03b00fda1a489e23edd74e41df11f96,final_transform,1.0,11.1.0
2c4c680485b20280,data/images/canonical/2c4c680485b20280.png,457b06bb6c7fb2479604f0f9989d9fa71d255a8956216c1a121de886670b6b60,final_transform,2.0,11.1.0
2c5b9262e6028af1,data/images/canonical/2c5b9262e6028af1.png,84fd845a210d029d8deee420e2969714e4fc3a6359464959643bc391bfc03315,known_prior_history,0.6827,11.1.0
2c80d77591bd9c60,data/images/canonical/2c80d77591bd9c60.png,fab21a30d008887b89ba11c28cdc8fc246ff5cb115feac052a9c5876e818d71d,final_transform,2.0,11.1.0
2c9f43e140713d82,data/images/canonical/2c9f43e140713d82.png,78039e35d7b95516c9b22a24822aa893d423a358490cbf750183c7556fcbd59e,known_prior_history,0.6827,11.1.0
2cc354e3900bfa4b,data/images/canonical/2cc354e3900bfa4b.png,a6b11fb2cbf308cd6b66d444b038ad78dd409b3379eee8d2196a4413d19388b0,final_transform,0.5,11.1.0
2cc3bd759cd18dcd,data/images/canonical/2cc3bd759cd18dcd.png,c8d0431d9e193f03d0a25d7278397bbf442525b9eb961c29e06736831d4a0a45,known_prior_history,0.6827,11.1.0
2ce9dcf339aaf23d,data/images/canonical/2ce9dcf339aaf23d.png,1190f87e446c90a3124f72889284c90b07fecb070d3938c759c03653ea0928a2,known_prior_history,0.7619,11.1.0
2ced7fe350c01ce2,data/images/canonical/2ced7fe350c01ce2.png,b14e8edcf93ea5613c30115402c2e8263dc96e6ca5b4a4dea6b0b388339221a5,known_prior_history,0.64,11.1.0
2d034ee4a6f125a2,data/images/canonical/2d034ee4a6f125a2.png,f40cea054302cc9da028e547b7917b6ac21a149e929e277e24c44e6d858934c2,final_transform,1.0,11.1.0
2d4b83ad19ca7456,data/images/canonical/2d4b83ad19ca7456.png,548156c39e375bd281ca4b48dd5f075d48564294d7adb88eca16ad8e5625de34,final_transform,1.0,11.1.0
2d4ef83969e2637e,data/images/canonical/2d4ef83969e2637e.png,7fda985d50149d75c99716d8db78ca157b2982bcbf24fa2a6d5cc721ed2b9b22,known_prior_history,0.6827,11.1.0
2d588b553e650313,data/images/canonical/2d588b553e650313.png,8a759bb6957918821699fd576cddfad2f6c8840de2e01229a9ad9a63d33eaab2,known_prior_history,0.64,11.1.0
2d6990cbd11e1280,data/images/canonical/2d6990cbd11e1280.png,ef268e53861dacecd23381e6131e58498c69252ed473445adfd0414a72ea3cd8,known_prior_history,0.5602,11.1.0
2d6f6eb5fe88a7e5,data/images/canonical/2d6f6eb5fe88a7e5.png,60d82197465415f3f282f537d0b6727dea9caa5baa8573ba8e7d7849c102e60e,final_transform,2.0,11.1.0
2daf066eb035d9d8,data/images/canonical/2daf066eb035d9d8.png,06ab6a2c2992664861a021f7b1eccb733857061274529b0b46a7629e8831b3ef,final_transform,0.5,11.1.0
2db640976003c5e1,data/images/canonical/2db640976003c5e1.png,186bbf5c2c47916dc3f07c0ef6320921680b5635f63aa9cc061aaa2655aa9d95,known_prior_history,0.6827,11.1.0
2de0f8bfb0a8743a,data/images/canonical/2de0f8bfb0a8743a.png,e27689a1327ae631f0ce256b2845b5512cfb177634c63222d191dd85317f572a,known_prior_history,0.6827,11.1.0
2e1c146883ca23e3,data/images/canonical/2e1c146883ca23e3.png,33d88e09454f640a0b8b56e3109b75dac3ff4ac7fec3f1faeaa3b00b9fb6f751,known_prior_history,0.446,11.1.0
2e47fb0a5c33b227,data/images/canonical/2e47fb0a5c33b227.png,12bc00d5726ac37cc18b3c1b47ecfbaf6181501c28e25d5b1914ef123764d2b5,final_transform,0.5,11.1.0
2e6a75418523851b,data/images/canonical/2e6a75418523851b.png,78d29a43708d711867c4d799a043deac64e28b1f8e811b7ea5a8497a12fb95a9,final_transform,1.0,11.1.0
2e76632eac0bbbd8,data/images/canonical/2e76632eac0bbbd8.png,8040fa28b98726886ec1631e38ba53cf625bb91f3aa51ad58e1e0b03012177d6,known_prior_history,0.6827,11.1.0
2ea29343aacdf7a6,data/images/canonical/2ea29343aacdf7a6.png,79707da86ce44e7fa95eca96354d3dda4fd1a3fa565ee37068b6c059e9484ace,known_prior_history,0.7781,11.1.0
2eb1e7ca557aa260,data/images/canonical/2eb1e7ca557aa260.png,beebe8c8da31dd678c1755c4672763bd36a02e7cd3cdaf1a9d8974ae9aa658ff,final_transform,2.0,11.1.0
2eb1f830d633192c,data/images/canonical/2eb1f830d633192c.png,22e0d65f363353c42b822af09103fdc549b8636d52f1b20e4e61f6599e1cec53,final_transform,2.0,11.1.0
2ebbbef1684e9fc8,data/images/canonical/2ebbbef1684e9fc8.png,976491b1bd7e148cbc92a18ae1cd3986074ba65eb50f91bde0d53029d7043e4c,known_prior_history,0.7211,11.1.0
2ecf843346b8d097,data/images/canonical/2ecf843346b8d097.png,9b608c7ee89ff5cbac842b66b0f0afc3b47ecbd124271ca3727be1c138c02bf7,final_transform,2.0,11.1.0
2ed6238f902c4b68,data/images/canonical/2ed6238f902c4b68.png,4965c6e1705aabf60b2e2c2b3811b68638770da75e5df38c2c7e840044d59029,known_prior_history,0.5792,11.1.0
2f180f7eb6861bad,data/images/canonical/2f180f7eb6861bad.png,be0abe690269c97a4c14cabdd5d1ddc5e5b4ddaf84c9b665f4b1f048c3e80bd6,final_transform,2.0,11.1.0
2f2db9044ef07a31,data/images/canonical/2f2db9044ef07a31.png,467684be35b08c1e1cee99e24cefa74f738fb4d2e3b1adf6e195b483fa5acc45,known_prior_history,0.7665,11.1.0
2f6b74bc834d4a9b,data/images/canonical/2f6b74bc834d4a9b.png,a52de578da75b1c5e80dd19d484e5cea98689f3b60ceace871affe7ced9f8d69,known_prior_history,0.7642,11.1.0
2f78c210b2713c69,data/images/canonical/2f78c210b2713c69.png,bf59bd1658b6d8eeeee6d05207ed6e6ce932772459a0e3954dbd680b30cfbe1c,final_transform,0.5,11.1.0
2f7b0b43e7815e19,data/images/canonical/2f7b0b43e7815e19.png,8e12d1994dd75d7b0e0f9bdb8809a7e8eb82b51ddf44b055d82cc4697a24a756,known_prior_history,0.7665,11.1.0
2fb1780e5badb52a,data/images/canonical/2fb1780e5badb52a.png,037973c129a26f4951d010c399a3d7e5ecdd0d74c082107bdf2f671f58a827f6,known_prior_history,0.6827,11.1.0
2fb288313865bf8f,data/images/canonical/2fb288313865bf8f.png,e6a283257027590b325c2a7f0003b32048231a1adf276a509b57678a39eb82ef,known_prior_history,0.6827,11.1.0
2fdee4ff2f15a7fc,data/images/canonical/2fdee4ff2f15a7fc.png,0f6caf9786012b8d718e030afcdc06144f8d08c0d218e42b56defb32753810d7,known_prior_history,0.7619,11.1.0
2ffd33de9920b7a6,data/images/canonical/2ffd33de9920b7a6.png,f1670a4da94a13dd4ceb2b8d2e5e6e3c5e44d10793ef373e11706aeb0b15c921,final_transform,2.0,11.1.0
3000f6ab02065b41,data/images/canonical/3000f6ab02065b41.png,aa42410a46fd5cd84dcedc4cf790de6b6c38c629ec934a625ba45c33f665c9c9,known_prior_history,0.6581,11.1.0
3002192e81fd6518,data/images/canonical/3002192e81fd6518.png,71b4cb09e87c134d6a8563d659dae67db089bf3db88066e3447319099e73cce1,known_prior_history,0.6827,11.1.0
3024d7bf74cef630,data/images/canonical/3024d7bf74cef630.png,410a9b795e66ea06026f2c051d75e20b2717201b2eba71f1e0ed14f632347d28,final_transform,2.0,11.1.0
302f17ca977c31e0,data/images/canonical/302f17ca977c31e0.png,d309b6513d4d4c50a99560f77c9e52b66601b7bd51282a0cb98d94c0912998b9,known_prior_history,0.6827,11.1.0
30836f65e230883d,data/images/canonical/30836f65e230883d.png,d812981537aa3c44a68aed66b3259b3967f5013c6b36159f618a9180327ea089,final_transform,0.5,11.1.0
308ae39530f32dcd,data/images/canonical/308ae39530f32dcd.png,e53930b92c5ed18d2bb60dfd862661ad6f1a6c8f8904c81836d62fcf8b522429,final_transform,1.0,11.1.0
308f6b837aca3f7e,data/images/canonical/308f6b837aca3f7e.png,e2cb0007a6e286a1238fa54f708b653327ed8e95c965835274b2b9dfc85840b0,known_prior_history,0.6827,11.1.0
30b7f7b29f564a93,data/images/canonical/30b7f7b29f564a93.png,670fef6b36f18ffdbb1f5b16b15ed610483957b7524fb7ddf077d76b4312062a,known_prior_history,0.7688,11.1.0
30e6b2244ab272d9,data/images/canonical/30e6b2244ab272d9.png,7c767913be5e3401f6727c37e0332475e9b00c191847ee04fe77ecb69c8b4f20,final_transform,1.0,11.1.0
30f09da1ea6acf66,data/images/canonical/30f09da1ea6acf66.png,9fec7b7caa835aa48db66eec8daa063532b10d1baff7f2dc46773bbead0c5a1d,known_prior_history,0.5141,11.1.0
311ad76c28c65af4,data/images/canonical/311ad76c28c65af4.png,00a1835ae00400bbe691797157c6c58d12dcbc90831961995a1759c607787a9a,known_prior_history,0.6809,11.1.0
3135c081dfad2826,data/images/canonical/3135c081dfad2826.png,030f5ed10e5a832c447b3ee2f749ac30452c8e8ad07904ca1373aa12a97c255b,known_prior_history,0.5689,11.1.0
31383348a9bf36d0,data/images/canonical/31383348a9bf36d0.png,b91a6126307deba2b90c46ca1734f8c7d19564aad6c0a00ab0a1a06f6ded08d0,known_prior_history,0.7171,11.1.0
313ad2ac0ea59e15,data/images/canonical/313ad2ac0ea59e15.png,0c5abb83d79affad7aa33188890884a25e866c77c8ab57e5f9caed955574ded5,known_prior_history,0.6827,11.1.0
314a9707c050c752,data/images/canonical/314a9707c050c752.png,b2e8beddca52e672e9d29aef90dc6a85020058188f888e8adce1b3a90f3e375a,known_prior_history,0.6827,11.1.0
3160dd8e7c1b1f7c,data/images/canonical/3160dd8e7c1b1f7c.png,7e9f7fb9c71d22276cae2bb4434f7b9b4701ff81bd477bb166f1844c6c08a7a2,final_transform,1.0,11.1.0
31a8e2fd55bab5ba,data/images/canonical/31a8e2fd55bab5ba.png,ec73c2bdbf62b6b57916b3352c9c577fe23e700cec4cc795f7550140e0a3bab0,final_transform,1.0,11.1.0
31ce23c47c968e94,data/images/canonical/31ce23c47c968e94.png,9b2804d894dff04cb64090e70f691ac6bcd4bbcd3ea4161d10ea7b6a7296bab3,known_prior_history,0.6827,11.1.0
31d0618e4bcbcf59,data/images/canonical/31d0618e4bcbcf59.png,cd6ccb4f629a901aa34d75909467fbd11e07cf59c115178d81bc8dfa131d9da3,known_prior_history,0.6957,11.1.0
31e2b1d7160437b5,data/images/canonical/31e2b1d7160437b5.png,199621de157da1ba81340bb56176005ea2438b64df358f61a936049135a9839b,known_prior_history,0.6827,11.1.0
32210b309f742aee,data/images/canonical/32210b309f742aee.png,41fe4def3ec5589d616427c7d88878db5301990fc1562bf233c1a98310f54ef0,final_transform,0.5,11.1.0
32335573962eba3d,data/images/canonical/32335573962eba3d.png,6e169c14b64e943e248cfdcd868dde167712ea70ad40acfb6c8cc22c60a6ace2,final_transform,1.0,11.1.0
324d503cd8b83827,data/images/canonical/324d503cd8b83827.png,370e86059a9308909c2faf21351d3dfc65d7dc8fea9e6bfce7284e072e473d4f,known_prior_history,0.7314,11.1.0
3250c17503bc76fa,data/images/canonical/3250c17503bc76fa.png,7d03a7c57773b7544e7b2fe0904692786c6443ab8f0f6527da9a8e35977c574c,known_prior_history,0.6827,11.1.0
3259e6372b5b0016,data/images/canonical/3259e6372b5b0016.png,81f936da6230e01de54404ab2dfa2408d2281c8448220fff0da02a215e75e3f0,known_prior_history,0.6702,11.1.0
325ffb0ea206a754,data/images/canonical/325ffb0ea206a754.png,9a4294496587162f3f6029a0515ce1fdc779b3a8ae501dd5c3d7c3fdb25e8fed,known_prior_history,0.6305,11.1.0
32772f402a320b1c,data/images/canonical/32772f402a320b1c.png,218c0eec4d62b5faf482df831a783a1393a61f386c005ad7baa5046cc4ef072c,known_prior_history,0.6827,11.1.0
3277ed9ce30c8d10,data/images/canonical/3277ed9ce30c8d10.png,4c52b58cc58ca49f6d89ea521f229d60d116e427cbba6a72178b32a77f20019a,final_transform,2.0,11.1.0
32b960de7e7ee20d,data/images/canonical/32b960de7e7ee20d.png,e931beee122e72137a7e7efcfea474f61d11ee4486823d4ab342e80873eab517,known_prior_history,0.6827,11.1.0
32da600067988c0a,data/images/canonical/32da600067988c0a.png,540368f81827cc2f55b0a95cbb5695e06924ad90ac317ca2e16da3d3da5cd79d,known_prior_history,0.7665,11.1.0
331e110b9ebc9d2f,data/images/canonical/331e110b9ebc9d2f.png,a8d8456e400e67e1455d916ccc041a7af1bc7dd27bb06a08a203e615402bc159,final_transform,2.0,11.1.0
332d37c780d94552,data/images/canonical/332d37c780d94552.png,8fafc5c84474ab9db91234bec023964f3aecb866fe8abb1252e3bcf8c341384a,known_prior_history,0.6827,11.1.0
3334e6ec91498c74,data/images/canonical/3334e6ec91498c74.png,80195363a37ac3a5c2f7a3fcaaba594d34a1dcc58454194a8bfd820ea12eb421,known_prior_history,0.6827,11.1.0
334754c07245b0d6,data/images/canonical/334754c07245b0d6.png,1a1c6fb8582f5eb4fcb3c7abd9066d445949f7dc68e380c055f4c72ff4615cc8,known_prior_history,0.7688,11.1.0
334e22a44392825a,data/images/canonical/334e22a44392825a.png,9d578955c26fa96fe6c0b50eb2fd1a05d50c115909db9d235b0ddbc97ed2e610,final_transform,0.5,11.1.0
33520b1937f45f18,data/images/canonical/33520b1937f45f18.png,4e6424d3afc8554c374c9b2512cb797ebf15db877db7363496773e1f2b3eb54b,final_transform,2.0,11.1.0
335505b8521dca63,data/images/canonical/335505b8521dca63.png,c8dcb1e5cb9f632e8498810e3825b2111298481fa6f6e4a2c08485f83ace445d,final_transform,2.0,11.1.0
335d20f9f9f819f6,data/images/canonical/335d20f9f9f819f6.png,b39e9c52d2e473a735753fb416c8ad55a448b69e6e74ee89279eb6d0e01b3654,final_transform,2.0,11.1.0
336f0e9666c324ab,data/images/canonical/336f0e9666c324ab.png,cd2db721bf8bcd5c44dd025dd43fb33d9865790f142b72190714897b0ac65102,final_transform,1.0,11.1.0
337cbc48934f8435,data/images/canonical/337cbc48934f8435.png,29dcdc9bff9dca32387c22f80c80f3645e46639a420763e4e9c675380435c51c,known_prior_history,0.6827,11.1.0
3390e34b89059a3d,data/images/canonical/3390e34b89059a3d.png,3f53c11cd5dd0cf6372315dab76b890328caeb1bd968337d6ea8042d10c3e40f,final_transform,1.0,11.1.0
33a134474f31816b,data/images/canonical/33a134474f31816b.png,f7317822da9ef34f339622a0ab9fb1e0fe7f0e2ab160a5bbc69f027834c9ee2b,final_transform,0.5,11.1.0
33bde74ce9a3b463,data/images/canonical/33bde74ce9a3b463.png,c3749ecec6ba682a7bc94b5978927fa01b23d0fc92fab2fcc31c819dc69508b8,known_prior_history,0.7688,11.1.0
3411b5c36aa415a6,data/images/canonical/3411b5c36aa415a6.png,3cb217538b3329890a162b29d8386dcf220359a0d8a6ed18aec99af318a0774d,known_prior_history,0.5344,11.1.0
342ab17ec48a297a,data/images/canonical/342ab17ec48a297a.png,a8f607e853f56c336cf0a39075b7dc5628e9fa8584f7e48e4464b764200caa8e,final_transform,0.5,11.1.0
342e2f85820cd0dd,data/images/canonical/342e2f85820cd0dd.png,4647636b64a0af8ab114a2a2e4ca2d77ed6fcf0c5ceb0565365923415b8a38e0,known_prior_history,0.6229,11.1.0
343ad0fc0efa83c2,data/images/canonical/343ad0fc0efa83c2.png,7a5248f2d358f65cff8ef437a3a55524b23f9d44f1ae5668b8ac4dfd9c5e5e33,known_prior_history,0.6827,11.1.0
344133f05ecbdc5f,data/images/canonical/344133f05ecbdc5f.png,54de2521dd2c948cbddb5accf40b7b4173f9601f333884d274985f1216c36574,final_transform,2.0,11.1.0
34453963f528e6ca,data/images/canonical/34453963f528e6ca.png,c89a6d86463022f019e8ef2f0562ee1a73ba998c17d939b93a55be0943109840,final_transform,1.0,11.1.0
345c760a90d1de80,data/images/canonical/345c760a90d1de80.png,b9fe675338f586e3cbdf04a898fe7cf9ba37bf1057a3629bc36164d406643c44,known_prior_history,0.6827,11.1.0
34644595e5aba7ec,data/images/canonical/34644595e5aba7ec.png,3383eca11bf47dae721644e93679e81de36577271af0bd7616f280c838fd9d17,final_transform,2.0,11.1.0
34a59b2eac406d44,data/images/canonical/34a59b2eac406d44.png,85eb5cab72097e358aa17559da01bd56ae3937a4652e6d083da3a04d701f1457,known_prior_history,0.5805,11.1.0
34baa0eefb6625ed,data/images/canonical/34baa0eefb6625ed.png,3eed021ad78b98b7043b3dde20a57496471a78206d66d669e42fc8896c51c388,final_transform,2.0,11.1.0
34e45f5c8e790b3a,data/images/canonical/34e45f5c8e790b3a.png,99af35b1f22881723e4d1b96f4865b4669cf36735aae54f99d5f9c6c76403f11,final_transform,2.0,11.1.0
35115a2fd828f0db,data/images/canonical/35115a2fd828f0db.png,8c9ee31598cd6a74238d6f4ab8e7d88f86cf6a7c00ec6b3ad290777b2dfd9114,final_transform,2.0,11.1.0
351355779145a47f,data/images/canonical/351355779145a47f.png,bc3b703df79ecf1361351eabc8a80702e231db0e676d39a4a833ed6df0489577,known_prior_history,0.5447,11.1.0
3513c599b987ff1e,data/images/canonical/3513c599b987ff1e.png,d61c4219b4e48305305080374e05fc3750743d747c9d7d1f8cf3a5d61b32c360,known_prior_history,0.6547,11.1.0
3541a1506de87bd7,data/images/canonical/3541a1506de87bd7.png,0ba342b2a5db079106e8fa922fc15c26613cb5a76dc2f72595f8fd4c45935cd3,final_transform,2.0,11.1.0
3544ffe711e11100,data/images/canonical/3544ffe711e11100.png,503eec5b411ead3752df8df35eb329d71722477e262cd53e5ac4df89cbb9a8bf,known_prior_history,0.6095,11.1.0
3545b221e3f5fd62,data/images/canonical/3545b221e3f5fd62.png,62fbd901736be848a2865ba3de3301bb6d2a4837459a33cd3d9a76225d676242,final_transform,0.5,11.1.0
35643ceec542c69e,data/images/canonical/35643ceec542c69e.png,ed5aa465cb5c0b1ced5ae52b242410a00cbbfaa3b51e720e478fee544b454bbc,known_prior_history,0.8533,11.1.0
3593de4c9adad927,data/images/canonical/3593de4c9adad927.png,d39e1edb1dcd683cb9638e6e80e4d05b0d66a25dcbd325b25cd99a18dce968e0,known_prior_history,0.6632,11.1.0
35b8fb616042e78a,data/images/canonical/35b8fb616042e78a.png,add4a6a932fce82d1d8e13a7ebd416c3387fe7f7342945333368c157f8f38ab4,known_prior_history,0.512,11.1.0
35bcaff10fb84c97,data/images/canonical/35bcaff10fb84c97.png,417cb252e94b66dcd32a93e8c86c51ecc811e18c27471a3b9005c0ecca7488b6,known_prior_history,0.7111,11.1.0
35e8f826f9176ab2,data/images/canonical/35e8f826f9176ab2.png,f3748d9d029a86705e07106784c2b43cbf37806e1517bebc8fad8586cbf56df5,final_transform,2.0,11.1.0
35e90289b319fe93,data/images/canonical/35e90289b319fe93.png,90b0968594901ee82d69fddb411bc317c48394d51f636c1d9dace6704c34ae17,known_prior_history,0.6547,11.1.0
360ddf663c0ac30c,data/images/canonical/360ddf663c0ac30c.png,b4b67f203bee2dcca3267b03f7b132da339625fafbd04dc00aa0e59bc0588696,known_prior_history,0.6827,11.1.0
360f84b5a83c0e51,data/images/canonical/360f84b5a83c0e51.png,d3d2801e65de953cdd61b0d0acd2eb6c5f938933ff34599f779fff598bdcf71d,final_transform,0.5,11.1.0
362433fe6f61f9c7,data/images/canonical/362433fe6f61f9c7.png,3f7a9c88292cade881e04df05bebde05580f62c47a171de90c18cdb191a7d09d,final_transform,0.5,11.1.0
3627a01b350380d4,data/images/canonical/3627a01b350380d4.png,4bd463789d74c9f7184976d60933773ad0736ceec7af87b716410edfc2a75dff,known_prior_history,0.7442,11.1.0
363c74a741d84c0c,data/images/canonical/363c74a741d84c0c.png,566feb1fd15e2fa673ce0ec21a0f9d9698d058fb1340607c4be42da084759aab,final_transform,1.0,11.1.0
363f1f797fd1ca35,data/images/canonical/363f1f797fd1ca35.png,1adef670aec219773ffe0caaccc58cef55534e505bf478307556c23bb640fa44,final_transform,1.0,11.1.0
365f762165cb6f49,data/images/canonical/365f762165cb6f49.png,89dbf2b63892419f123760c8146c01a3e2e0a8b87b87c06702ae8feba67f2c2a,known_prior_history,0.6827,11.1.0
368aac34ff0a00d6,data/images/canonical/368aac34ff0a00d6.png,ee90f6c2e73b55565b254fb92a50c0817e5bc214ee9cac4df964eea4cd0d3458,known_prior_history,0.5203,11.1.0
3691e67119083624,data/images/canonical/3691e67119083624.png,0b36815ebf2d3f5979f63bd478a02f42cf2fa385e4ce45d9624108e708c5cc35,known_prior_history,0.6827,11.1.0
36a302d808db927d,data/images/canonical/36a302d808db927d.png,fb979b16b058a045f15c726895228dd63ecf1ec387f129f32c40c7b2e7ee9bea,known_prior_history,0.6184,11.1.0
36c513d933424c63,data/images/canonical/36c513d933424c63.png,95de09b07cc5b68b1e61eef2d75c48584ea28d6a29850a00ef6b673e91482f9e,known_prior_history,0.6827,11.1.0
370bc57f7c9b9230,data/images/canonical/370bc57f7c9b9230.png,08d72f144393e0e8b6b3f1a4476470ce4d2124e92694b123d935c3bfcbfab43b,final_transform,0.5,11.1.0
37128cac8516fad1,data/images/canonical/37128cac8516fad1.png,eb439b9022d754a25cb96f1dbae7c53bf7fe93f6b87a1f0e203a427f5b16cd22,known_prior_history,0.559,11.1.0
373edf8b4cc78e68,data/images/canonical/373edf8b4cc78e68.png,24f851ab6e2637038e8632985563c7f0c7063c179bda2d8aa98991f23d867f34,known_prior_history,0.2667,11.1.0
3744bf6a12d47124,data/images/canonical/3744bf6a12d47124.png,2ab37f1aa0fb01bb26fdac7b7eb2255f21e6692993c9b578ec4b9908ea59ddb0,known_prior_history,0.6009,11.1.0
37528fd2940faf18,data/images/canonical/37528fd2940faf18.png,72a4a54fbdef14760b31e4f85daf93e8023d5a6661ef48fe56607cc31bbd2c73,final_transform,0.5,11.1.0
376715fef3472047,data/images/canonical/376715fef3472047.png,b3c09a57b37c96eaba78f2cf8e345d14978080be3924995c05517a3e216d0d90,final_transform,2.0,11.1.0
37960ac90da90502,data/images/canonical/37960ac90da90502.png,087f4cc9d504e14b7f21e2f302a8aac34f5d3033c8c82ec8d82a12a63f0a14cd,known_prior_history,0.6827,11.1.0
37a971fa58c7b3bf,data/images/canonical/37a971fa58c7b3bf.png,3ed101dbd9b2669046fd25ca893feea89ae3aad0cd846e43f3fe9e1e29aafa21,final_transform,1.0,11.1.0
37b039518a0257fb,data/images/canonical/37b039518a0257fb.png,ad308eadd26944215cdd37b013948617e19d5841b0f5849b1fa8f2d8db186025,final_transform,2.0,11.1.0
37bde27eee081e5d,data/images/canonical/37bde27eee081e5d.png,0f4c866d55332cc0dd3c05e7ec72df0e58ed9b6cc59ea2866a534c8c3dc210b8,known_prior_history,0.6564,11.1.0
37c82b7913e4d42a,data/images/canonical/37c82b7913e4d42a.png,1f7cba7653325eecad37b8dbf410a16767a7d9443d97b71dec225ec94e33af51,final_transform,1.0,11.1.0
37d25cb978e4a42e,data/images/canonical/37d25cb978e4a42e.png,07f7ce425b181336d5eb388c95e1c9d6ff62f062ec7abcae2464ed923dfe5c82,known_prior_history,0.7111,11.1.0
37fe45033482ebcc,data/images/canonical/37fe45033482ebcc.png,7682125b93956d23813ee9b86422d6fd6238c9ab9557e49244d6b665166336e8,final_transform,0.5,11.1.0
3813e96654069c88,data/images/canonical/3813e96654069c88.png,97ed69acd224529300ece2798a599398768921a643ba7d92fde5cd164e58d179,final_transform,1.0,11.1.0
383580f781b1331d,data/images/canonical/383580f781b1331d.png,e4868cd709f44334ce54156dbb2c51492a83b2f8685b84a271e4ad74dc87f8fa,known_prior_history,0.7665,11.1.0
38743c7bcd534721,data/images/canonical/38743c7bcd534721.png,60f088c0dd0356359add19a562baadd650ec6c26db8fa35f3cc0cd81f14294dd,final_transform,0.5,11.1.0
387649fbd17f7a39,data/images/canonical/387649fbd17f7a39.png,6143fee756d74e28e8b5e6a514b703fae18fabafe62153e292799c8d0899a54a,final_transform,1.0,11.1.0
38adadd552a051ce,data/images/canonical/38adadd552a051ce.png,75a1e52986bc6541d90a6027894da7a72d9767a31c4c83559c3bb8a726e9c4d1,known_prior_history,0.5689,11.1.0
38b04199a6fecc38,data/images/canonical/38b04199a6fecc38.png,b3b39dc1dcac79d2ba8a7a8b47a0cce08c011be180438af475f52016562b55cc,known_prior_history,0.512,11.1.0
38c2f82590fd4a20,data/images/canonical/38c2f82590fd4a20.png,717679500f584369aa3c63cbdfe233b69e95c81df622ecc9e6a09bb71724c363,known_prior_history,0.513,11.1.0
38dd4dc1bf1ca64b,data/images/canonical/38dd4dc1bf1ca64b.png,bd48a1df128fe022012cbe66d447661e8f9eaef279a13920e2c15da295751103,final_transform,1.0,11.1.0
3919955e37f29299,data/images/canonical/3919955e37f29299.png,fc2179695a219ee72bcc06200e5787c0c67767bc08e86d2bb57a390f0aba2219,known_prior_history,0.64,11.1.0
3927d8f091712c1d,data/images/canonical/3927d8f091712c1d.png,3d509c517ce6a1598951dc746b7315f979bc643bc39e91de616b1c092bf14ec3,known_prior_history,0.6827,11.1.0
393e39b6a693e133,data/images/canonical/393e39b6a693e133.png,bd958c20573a5f08d269d7ca483fc0eb8b14804d65bd65a260b3c88e5f4618be,known_prior_history,1.1689,11.1.0
394f94679cb6beec,data/images/canonical/394f94679cb6beec.png,0572e40f8e1594b7bf3082861c77126d88f27969d96efc9e117fc4fd1c74b121,final_transform,2.0,11.1.0
395c665bb9570347,data/images/canonical/395c665bb9570347.png,5f85fb47b7c5860346fe7b79698c0bdb77130a24b806dbd8c39eeb74a6b3254d,known_prior_history,0.8366,11.1.0
39886bf3547bf9bd,data/images/canonical/39886bf3547bf9bd.png,7d9a4e23fa5e9a8e690b29ac9132267f22719f4013bec674f0b93a0e73c61999,known_prior_history,0.9343,11.1.0
39939ba6a5352254,data/images/canonical/39939ba6a5352254.png,aa4f0acaeb5db0f2f3fd918e2ba08c61b5fb90abc3e66bcf60933f8b34b2b58b,known_prior_history,0.6827,11.1.0
39edb20eeb4d69e0,data/images/canonical/39edb20eeb4d69e0.png,63a442b2b6f8f0f125753b70eae41814510f696fc20df7c2280423ac78f8958d,final_transform,0.5,11.1.0
3a150b8c86915aa2,data/images/canonical/3a150b8c86915aa2.png,c517a5dcea7a203d85a0c1ce9651994456fc30b214365a560b465c0ea15cb323,known_prior_history,0.5151,11.1.0
3a24659a31a98f7f,data/images/canonical/3a24659a31a98f7f.png,8bd9c52d3db2f02d490d7a31fa9986cc87521802acd8947a4ba9308b74583f86,final_transform,1.0,11.1.0
3a4d25cfc4c4ffdf,data/images/canonical/3a4d25cfc4c4ffdf.png,6d1eeebdcddde06a8a34645a20d6879cd7a26d70ef7890b8d89a83b5f5c313c1,final_transform,2.0,11.1.0
3a73fc6940dac608,data/images/canonical/3a73fc6940dac608.png,b9ebf98e9a7b35b44924ed6a6a5b8598571551f325e9540103a4793060c99d4f,known_prior_history,0.6229,11.1.0
3a83a5d272e82c9b,data/images/canonical/3a83a5d272e82c9b.png,abbebfa64b5ba09a271cb473295fd9b0555f5574dddcf9bff47dd911b06e14cb,known_prior_history,0.4803,11.1.0
3abd1a8b697acba8,data/images/canonical/3abd1a8b697acba8.png,7bc00c6878053bb786d15868c640ff03a7aa6f1cee774f6d68377b07121984a7,known_prior_history,0.6827,11.1.0
3ac0edae5272fa44,data/images/canonical/3ac0edae5272fa44.png,743b8b6afb0ccda8d3879c94e68f4069c0b56d31f0f8c734bb893e4d0a234d0c,known_prior_history,0.6827,11.1.0
3ad721cd436aa104,data/images/canonical/3ad721cd436aa104.png,1b93a79be219a0f9234ee795d7e8da5e654108a126440c32cba4a274e01fc410,final_transform,1.0,11.1.0
3aec4f4c5d4d7719,data/images/canonical/3aec4f4c5d4d7719.png,c8466b7d45c576fe8dd42027cb157f94348c56e6b9c6b223fee87a564b520f0a,final_transform,1.0,11.1.0
3af199a9c2bcddd6,data/images/canonical/3af199a9c2bcddd6.png,36c8fae95053e35f03bd83244dc1b4e0a7dc858af7c8e6b8a4ddcaf64854d509,known_prior_history,0.125,11.1.0
3b09fbde760fa49c,data/images/canonical/3b09fbde760fa49c.png,661d45947ff4d03da24ff5871c7ba38638e66234609a31fd2df6a85e25f758c2,final_transform,0.5,11.1.0
3b2d4e756b57b7bb,data/images/canonical/3b2d4e756b57b7bb.png,9ca68e0e0eedd6c1391a8b21ab8814942d5b04c4762720b31d9669ab8cf00ba2,final_transform,2.0,11.1.0
3b65165bd14e1da6,data/images/canonical/3b65165bd14e1da6.png,bf4869a519af0a51d599c7a2d958aedf64fbebf82bfdc6d28f3dde02a815ee0a,known_prior_history,0.6827,11.1.0
3b719730e52fdba8,data/images/canonical/3b719730e52fdba8.png,97b84877ae3fc0cc7ea9484b7be986f44c5638b8aec5bae3ea81f570a4fe9078,final_transform,0.5,11.1.0
3b774f4d06371650,data/images/canonical/3b774f4d06371650.png,38667b0bb9389f67ad87878b2db4d0fc411c8d7a54d3cb036ddfd7830e9d8de4,known_prior_history,0.6827,11.1.0
3b89bc763824c073,data/images/canonical/3b89bc763824c073.png,69b5f3b9b1a851a616a538ec82c7f75ac58447b7c2d54950518d0206efbf6adb,known_prior_history,0.7665,11.1.0
3ba5db2994a37ec7,data/images/canonical/3ba5db2994a37ec7.png,dd783257c07a05e8dc86e008d8c4d5727ec3549e77fa462cfefb53224056048a,known_prior_history,0.6827,11.1.0
3bb53eae28f3e8b8,data/images/canonical/3bb53eae28f3e8b8.png,b8cc164f51585edbbdcb7cbf6c7e84b6dcbdeb187d0348892b8167e9cf31cb2b,known_prior_history,0.6827,11.1.0
3bc5e0f2e8c70369,data/images/canonical/3bc5e0f2e8c70369.png,3094c74feb3ec1119c94d6c3ab1ba92c5c3ee522a119d3fece43c4974c9101f3,known_prior_history,0.7335,11.1.0
3bdc479c1b978049,data/images/canonical/3bdc479c1b978049.png,ae56d3341c1024df138a5fb8a7e708cada5d12f8e3935362df79cffb4cc61257,final_transform,1.0,11.1.0
3bf21602fcc89298,data/images/canonical/3bf21602fcc89298.png,9b8f452b99d9cb7b392837c3ab7347146286af4482af9a081bbc69ff760ce0c9,known_prior_history,0.7975,11.1.0
3bf30fe07e753dce,data/images/canonical/3bf30fe07e753dce.png,5114151322e22c3da249f01133f56180e3c3900dcf6c6e931993d6e2c7d16774,known_prior_history,0.6809,11.1.0
3bf36a120da9db59,data/images/canonical/3bf36a120da9db59.png,2482d1ab6a3a0ce2e1fc45f646195d88b0040b0bd46574a1428feae1a17b8cdd,known_prior_history,0.7688,11.1.0
3bf97cae7d6a5890,data/images/canonical/3bf97cae7d6a5890.png,d12854ebdb3b1711f747da510c63dad51fb1b4eccd71be772754335f0c6b18d9,final_transform,2.0,11.1.0
3bfdf63e0c6defeb,data/images/canonical/3bfdf63e0c6defeb.png,7084db861753639373357de4cce900c681d30bd300b98fe0eb112828aac1d7b3,known_prior_history,0.7665,11.1.0
3c14f54d95a7abd2,data/images/canonical/3c14f54d95a7abd2.png,f81ddd5d8b60df1146eaddacf5a6a59b0e11dd839c27840ab35cc5c199f39b6f,final_transform,1.0,11.1.0
3c15673e32123a49,data/images/canonical/3c15673e32123a49.png,887c156001f0462c2607fffa4e162dcf742c27c8299b5dbc81c01b00fad236b8,known_prior_history,0.6827,11.1.0
3c412b2edb15329f,data/images/canonical/3c412b2edb15329f.png,bfd7383cae68acf6099421cef85ad8b82c73d6ae060eecaf203d0fc8edba3b8d,final_transform,2.0,11.1.0
3c506539e5816563,data/images/canonical/3c506539e5816563.png,ad19f5ff0742d359e12e72af3cf77589b4cc09253b5adbd741e3d8125b6b43ba,final_transform,0.5,11.1.0
3c56c301f2893e1a,data/images/canonical/3c56c301f2893e1a.png,9cb4052596f40b6960217bc48d54297832b4d90c36cad7afe5e0239e5a2c1563,final_transform,1.0,11.1.0
3c7591694141ada8,data/images/canonical/3c7591694141ada8.png,367e37ece21233f1535b68282a7207e6a9aed398aca23549d2e7c8ef12392fa5,final_transform,0.5,11.1.0
3c85340e67b73f83,data/images/canonical/3c85340e67b73f83.png,6083ba29d59ddae451fea65e729b3ad8446194a622b993fa98152eb5a248ab8d,known_prior_history,0.6598,11.1.0
3cc5c63c87575e9b,data/images/canonical/3cc5c63c87575e9b.png,a2bf924b57dbf544d978124302969894795aaef0396fdf1e708b598bb8e85b6b,final_transform,2.0,11.1.0
3ce94d070bd24848,data/images/canonical/3ce94d070bd24848.png,b86645fe00bb8b32e9ac29d53d7177d51bc23d23d63e6dc47d45b4de27299534,final_transform,2.0,11.1.0
3d26e693a026aeca,data/images/canonical/3d26e693a026aeca.png,6cbf5bdfe20b5ecb307a4f68695cb6aaa5f121ea14f31afc704e6419792896f7,known_prior_history,0.7314,11.1.0
3d2a170ea83513c3,data/images/canonical/3d2a170ea83513c3.png,bdb991661b1a2cf4f6b74afcc8b7e8c563adb3e20873304a88a68dc21fb6da55,final_transform,0.5,11.1.0
3d4bf0aa2c19acd8,data/images/canonical/3d4bf0aa2c19acd8.png,42abbfbf0335d8d37baaefd08c6b890383cfc263041e20a70124fd1b987c9177,final_transform,2.0,11.1.0
3d56862fc8ccecc7,data/images/canonical/3d56862fc8ccecc7.png,721f63c15f29518892592bc90480f37435d28266577b100b3b9ba02e92eafeb1,known_prior_history,0.7688,11.1.0
3d74f0b142af5f78,data/images/canonical/3d74f0b142af5f78.png,a289a2638b351020c633c7e64d4d0889bdc2883a027db9cf0f71b849d536c927,final_transform,1.0,11.1.0
3d79e45ce1d96f34,data/images/canonical/3d79e45ce1d96f34.png,cdf6f0f4db9a951c8b2c75ef98ddf55da995a8322ecbba845944e074925f925a,known_prior_history,0.512,11.1.0
3d905fd78f545409,data/images/canonical/3d905fd78f545409.png,3183b8a114a67cd53df85a61cef06795a15613ab183629721421543e0f41c756,known_prior_history,0.512,11.1.0
3d97dcd46921b45d,data/images/canonical/3d97dcd46921b45d.png,b86e2f5e88bebe1f4811ea0ac1a5b4fc7f1b1aebce44d67fa3266513b677c106,final_transform,0.5,11.1.0
3da61d30cbc39725,data/images/canonical/3da61d30cbc39725.png,b5867d61ea149e4104aac00d8c3afa11dddc780420351aac5abfb30b075158e9,final_transform,1.0,11.1.0
3db4212d92b5c983,data/images/canonical/3db4212d92b5c983.png,725550bb7e9c50bac6ff7683596518312f133ec13e87ecddc606140b70a05e1f,known_prior_history,0.6432,11.1.0
3df3a66fa2c88c31,data/images/canonical/3df3a66fa2c88c31.png,19d6a5180fff84ff31ca422f00533af58ac3ecaa0ef4881e7995829b89699bd6,final_transform,1.0,11.1.0
3e0226bfdeaf85ea,data/images/canonical/3e0226bfdeaf85ea.png,aadde146081811e312dc47b9bcd54b930436b18d3f9add4230b28c7432fa5640,known_prior_history,0.6827,11.1.0
3e13cb031bd20f3d,data/images/canonical/3e13cb031bd20f3d.png,b4e4c17f4cffefd6ce0aae34bf97b6316730909f51f70175819fb7d1a4152b19,known_prior_history,0.7688,11.1.0
3e21bbc1917e5da8,data/images/canonical/3e21bbc1917e5da8.png,746aef4cb0b32eeced96e55e812bc9da9bc40bd4916c53b9d5183cbfe42961ea,final_transform,0.5,11.1.0
3e36a1900db938ee,data/images/canonical/3e36a1900db938ee.png,06d575150aaba8fb77a15832f35c896c2f94d21a1f2e59d4fb67d5df103d73f4,final_transform,0.5,11.1.0
3e4d5b80230d9801,data/images/canonical/3e4d5b80230d9801.png,85d88c41183ee778bffcd86dfe45e16cc39ce20d1b9e033d112d3d2f49223588,known_prior_history,0.5689,11.1.0
3e4e17d18897007a,data/images/canonical/3e4e17d18897007a.png,9e83582bc578af6755dda3b5b7abb3681103d23cac8375b6822dce28a626e758,final_transform,1.0,11.1.0
3e819a769cfc9ff4,data/images/canonical/3e819a769cfc9ff4.png,e57fb2b56601d7f1ab837bb7c42217c9b858abf328694881845407b877f11956,known_prior_history,0.6809,11.1.0
3e904dfab4a973a5,data/images/canonical/3e904dfab4a973a5.png,a19c1694d9686144fe317a6f3812b0ff4224135cf534a92a0f7e7e4b32b12270,known_prior_history,0.6827,11.1.0
3ea6ead5b185bcba,data/images/canonical/3ea6ead5b185bcba.png,2599faf1795adeb6e81c9172cfadcf3b5807f01ef1b1d3ea172fa782843def42,final_transform,0.5,11.1.0
3eabe703046c1b98,data/images/canonical/3eabe703046c1b98.png,c279a9c455398a46ec2e7e5cba939ddeb6519a15f281d2aadfb7bc48c81850ac,final_transform,2.0,11.1.0
3ed4a9184f531b97,data/images/canonical/3ed4a9184f531b97.png,963de9269d32bb93114b2d6cefcfa67d9dd70fd2e685161f57784dd9714b0761,known_prior_history,0.2667,11.1.0
3ef41084c43d8475,data/images/canonical/3ef41084c43d8475.png,c561a717f9dd49a423146b85bb4dab97c5195922154d8affd8b719273048a821,known_prior_history,0.6827,11.1.0
3f0cf1c9d82a31e8,data/images/canonical/3f0cf1c9d82a31e8.png,843d41fb5f2c8cafd8287d2e5a5022f3951f75561b3316ac151afb5b8c41dfdd,final_transform,1.0,11.1.0
3f2e1d02d57f7e66,data/images/canonical/3f2e1d02d57f7e66.png,6318d42d57eaea954a9a27a0fd837ebf281ec2c1d2c3fc626df1853dbbc43353,final_transform,2.0,11.1.0
3f683f520bd2f8c8,data/images/canonical/3f683f520bd2f8c8.png,f472abd392c049446b9326c3ca75dfccb574eed6e3e332ed586320ace54b4cfa,final_transform,0.5,11.1.0
3f8836054b3cf351,data/images/canonical/3f8836054b3cf351.png,17a0010e1517075b0f6c486a50c3e961063beaf1d5033824ade304f68d8e9ff7,known_prior_history,0.6416,11.1.0
3fdbdbc8165c582e,data/images/canonical/3fdbdbc8165c582e.png,47dc80fd8ab0913250d12589f97a19ca368b00a222235dbc58c3a0ae271c2e1f,final_transform,0.5,11.1.0
3fdd3a155dc552b7,data/images/canonical/3fdd3a155dc552b7.png,cbcee0f4468468aa673499a89674f519e35d817d4b87fd838063f77c32d0cb12,known_prior_history,0.3699,11.1.0
3fef155152d6d60a,data/images/canonical/3fef155152d6d60a.png,0d3e442177d321ef13da335ffabed9e289c8aa9291dfc432776df36c3ebff675,final_transform,2.0,11.1.0
4009eab74f76b907,data/images/canonical/4009eab74f76b907.png,f301907fda46e4ff6e04f601f9f372ac78b9e3d81262d09cf5c3aeffd64ad308,final_transform,0.5,11.1.0
400b324b29059b94,data/images/canonical/400b324b29059b94.png,717402be23fa3909f15d6bafadc74331bbf8b09973526beec5e420aa5eb45b6d,final_transform,2.0,11.1.0
40196e98687d6f67,data/images/canonical/40196e98687d6f67.png,090ec5a09fce29771d0926c5332b8d6053210b130479ec4518d2d93cc3ba4179,final_transform,1.0,11.1.0
401b1daef6b81941,data/images/canonical/401b1daef6b81941.png,362c80515223e0e4995cfb74ea47b87b33efc3d40514b7c561529342006fa3dc,known_prior_history,0.5664,11.1.0
401d28bbbcbdf57a,data/images/canonical/401d28bbbcbdf57a.png,32798f3d5a3b548931fc22ff550dbe3420fe9e0ca85581ecfdda39a84b8f9c1f,known_prior_history,0.6827,11.1.0
403bf1ae3f6cb5a9,data/images/canonical/403bf1ae3f6cb5a9.png,2f65121f650c8ceeb71494d3ff73ef2a4b338c1a169e21b5a021415e02583ee3,known_prior_history,0.6827,11.1.0
404a0e596f4efae1,data/images/canonical/404a0e596f4efae1.png,6102a0c5ab6e23c1f2ecfe187892bd1cc55e0f62777535113a133f40ad531fc6,final_transform,2.0,11.1.0
404e0a0f1a3d0ea9,data/images/canonical/404e0a0f1a3d0ea9.png,006b0a5ae48c87348cefdbb7062adf022f097a9c244462024fe0c325a5ff75ab,final_transform,1.0,11.1.0
40857a6143ec075a,data/images/canonical/40857a6143ec075a.png,be16b6c43f4e31a58a3f0a63f33c9b06e834c296eb9be117572e4e9e61e31799,final_transform,0.5,11.1.0
40a66a0b15909d8c,data/images/canonical/40a66a0b15909d8c.png,849a00132cc0c334014b682ab24f0f24b6313ab948dd6aefaf7f82bf5ea88de6,known_prior_history,0.7688,11.1.0
40bf85917aa35ae6,data/images/canonical/40bf85917aa35ae6.png,5ee3d0edf97fb4714dab2cdb7e7c9d7d3ad45ed8bd735cfe1f277e8795c5c6a2,known_prior_history,0.6827,11.1.0
40c13b244282d829,data/images/canonical/40c13b244282d829.png,6fe6fe9a2d7c00cd9451ec4510a88c97de8b341a6c78544a531e66a32b3eeda1,known_prior_history,0.6827,11.1.0
40c96007c15c51c3,data/images/canonical/40c96007c15c51c3.png,c0ce2721ccd221d2f7fd86601af7f28762795a85a05526f90c5b9b06820b203e,known_prior_history,0.6827,11.1.0
415c391ada2c38d4,data/images/canonical/415c391ada2c38d4.png,f1046ad065fe8d9cae3187c4c85b7fe4b46257f59300d0979080e4e9fa41ba4b,final_transform,1.0,11.1.0
41694fb0ae087ede,data/images/canonical/41694fb0ae087ede.png,6839869fcb710bba9595caca78d53f5e3c03d5f785a1ea2f0730cb9b470d4e21,final_transform,0.5,11.1.0
417d1bbbde299afc,data/images/canonical/417d1bbbde299afc.png,4a46fd2d6b262aba69d47a1293b0cd813d71c7ff0c46fcc5ec04e1afa31f3a0e,known_prior_history,0.512,11.1.0
419f4aa42cecd50f,data/images/canonical/419f4aa42cecd50f.png,cc3fb746c22cdd345bc81bb5c1cfbf3c0ec9628d05aa05c9a533de9155908f86,final_transform,1.0,11.1.0
41a1a6058a80c377,data/images/canonical/41a1a6058a80c377.png,6bed13361cc73688090ff3676c4861fd957774c1d38d57776a0ce55fff671fe7,known_prior_history,0.6827,11.1.0
41b1e310a0d73394,data/images/canonical/41b1e310a0d73394.png,fba3af114480cbd959b4440208e39f1a113713b55a118db99c8048d68433b95b,final_transform,0.5,11.1.0
41b3d231000c9531,data/images/canonical/41b3d231000c9531.png,4c3231156230723ba20e3a2dac600acf0caeaeb9cf26a61e96b265d1fe678ae4,final_transform,1.0,11.1.0
41c680264de6700c,data/images/canonical/41c680264de6700c.png,927576dda721903da5f3f294408729e2bce3dc75a4cfd7bac0d90fe14b0cca18,known_prior_history,0.6632,11.1.0
41d11997d59661f9,data/images/canonical/41d11997d59661f9.png,97f522d5b415440a22df7d617a5be89aadbf4907415c002d14b7369d1dd24472,known_prior_history,0.7688,11.1.0
41d5d795677e576e,data/images/canonical/41d5d795677e576e.png,062557a2ee02d2d4eb58d85eb9cd851514040f59a772f5699353cd471b5f6012,known_prior_history,0.7442,11.1.0
41e2bf8ce93d5136,data/images/canonical/41e2bf8ce93d5136.png,abae4e6f1e0fc3f6bd1fb3240bf83c8746e476a35f3cf8acb3c6cfc07e60728c,final_transform,0.5,11.1.0
41e71626a92667fb,data/images/canonical/41e71626a92667fb.png,7d96b39d12bfff2ce26c34069e8994824af191d72e5a4039a69612409a5c3ee2,final_transform,2.0,11.1.0
41ebd53319e1c553,data/images/canonical/41ebd53319e1c553.png,fb031dd9870592f0b051b5aff6960286034b6098468f1156b2a9f7a9c10fef8e,known_prior_history,0.64,11.1.0
41f5b1de6638412b,data/images/canonical/41f5b1de6638412b.png,7f9f428f24e1d3f8345674a0d13ed800cbc776c87a6e84f219c5b34dd0c0a700,final_transform,2.0,11.1.0
42000e3b2040c981,data/images/canonical/42000e3b2040c981.png,e40dd3a2cb93c9c70123b2fbdb7faad86c1ca34fd046630819a8d3819de8a550,known_prior_history,0.5727,11.1.0
420bf6df28a530a3,data/images/canonical/420bf6df28a530a3.png,858a665d53101a14e3b00cd1ec6946c7967f79983b0e4a76a6c03d3e419e5d77,final_transform,0.5,11.1.0
423edc5330b10eb7,data/images/canonical/423edc5330b10eb7.png,2cf28a50ce0aabc3503478d3423ae6f44f394898cd040676f4f4b064b8f76fd4,known_prior_history,0.7033,11.1.0
42753986f6341bbe,data/images/canonical/42753986f6341bbe.png,0657147d755ac3e03b2a247ae339254702da8c028c5f4031b844e98a1d90b8d9,known_prior_history,0.6827,11.1.0
428b0f2dec68f435,data/images/canonical/428b0f2dec68f435.png,e7739dccf8940aaac43174021993031316335d40be97e0deccfd27e1a931248e,final_transform,0.5,11.1.0
42ec4e9c46c85240,data/images/canonical/42ec4e9c46c85240.png,3ec8a03b3b583b1790feabb11800076c67a093467a5aac80a4d7d05ad55098a2,known_prior_history,0.6827,11.1.0
42ef74bdc8ff184d,data/images/canonical/42ef74bdc8ff184d.png,ee0f8e37efb9dce04817b10aac25060f49e44f7279242adc746e306a70924684,known_prior_history,0.6827,11.1.0
42f744a738ca6e9a,data/images/canonical/42f744a738ca6e9a.png,9a7f0dce16cd8d59816903348b3f88ddbceb8da1267f7b57527974181771e04b,final_transform,1.0,11.1.0
42f8bc5062e805f3,data/images/canonical/42f8bc5062e805f3.png,bdb7338ddaa4b22093b683e497d076ea15b7cc0331fde8b6bb082fc5f973b21b,known_prior_history,0.64,11.1.0
4328b8cd823ddceb,data/images/canonical/4328b8cd823ddceb.png,0ac5929740caf648a47431f00bdd01bcab7e9444e0e3021ebcc07512a36f55fc,final_transform,2.0,11.1.0
433f0e25d96961df,data/images/canonical/433f0e25d96961df.png,06862e3cb2a4b10f2782c3f759566d06f18a511387622a93c09c0561d2c47dfd,final_transform,0.5,11.1.0
4345513a965ffe0c,data/images/canonical/4345513a965ffe0c.png,ac0fefae324ebc3c54216562fb3ab6df81ba08710257778a73a461b21afc6816,known_prior_history,0.5818,11.1.0
43661508e1b7c1c3,data/images/canonical/43661508e1b7c1c3.png,5c38630b4b1d5a1af16e6d4706d26610dd52149fe957c9201cb1f5068ed13772,known_prior_history,0.6827,11.1.0
436add7ca0d2c149,data/images/canonical/436add7ca0d2c149.png,24000fc1a51b571eed6c5c72db5abc4b2809a7702ffca63dc25dceab3976b6b0,final_transform,0.5,11.1.0
43c65214bbff6f4b,data/images/canonical/43c65214bbff6f4b.png,2dc53ecbc092cfc1712a05fe9e52faeec5af12615d6d5fac9c6d406e9b2d110d,final_transform,2.0,11.1.0
43f596611acee466,data/images/canonical/43f596611acee466.png,a106b17f2111f0336f3eaebefae5d974bf6d974770b2c063451b19686ba61625,final_transform,1.0,11.1.0
441d424e123f2b71,data/images/canonical/441d424e123f2b71.png,fef269ac472d947dfbc53f1ed1d1aa5490ac0b008f219f68ae3217776fa37a97,known_prior_history,0.6827,11.1.0
4459fede38487dc5,data/images/canonical/4459fede38487dc5.png,f0ce2b06d0607d093c13958222471a1ce80b238175a0f174280687eeab15520b,final_transform,1.0,11.1.0
44649a1a8fe4504c,data/images/canonical/44649a1a8fe4504c.png,2dd2dbc0750f6f9b439852ce10e11247fd5f8632d1401a1fd8273f19d88fde49,known_prior_history,0.7665,11.1.0
44858b4b15fa301a,data/images/canonical/44858b4b15fa301a.png,2c37033e982e7e020e7fc5670c6c0ac02411b830ff030bc4181ea3fe2451ae3e,known_prior_history,0.6827,11.1.0
448865bcffe9a362,data/images/canonical/448865bcffe9a362.png,08015b601e4b0ac0db4558e5d7d51bf124460d180ffcec6d7375d6d22cace384,final_transform,0.5,11.1.0
449a645b50e014db,data/images/canonical/449a645b50e014db.png,50be9b9a5f25c107c8093f8f9d3c5813d0a423802025f6792c13b3c1b14bcf6d,final_transform,0.5,11.1.0
449e3d3125c96764,data/images/canonical/449e3d3125c96764.png,84133da9796dbad1d3e5392d4e87fec00be1671c3e049c82357003c600c02241,final_transform,0.5,11.1.0
44a150a22f32cba7,data/images/canonical/44a150a22f32cba7.png,38828180a01229a656b7f5cee732974e4e2ac8dd2ab29208d4b0eec3f63486ff,final_transform,1.0,11.1.0
44b2db3899cafa4e,data/images/canonical/44b2db3899cafa4e.png,00e8b444dd565d76b683fe6e75e519172561ac6ced7eae2fa293d62f51acb6b4,final_transform,2.0,11.1.0
44f1737603bcff28,data/images/canonical/44f1737603bcff28.png,c65bb07af61e2496c6bf8229e5ef6a3bd6900ac741bc5b8592f24cc1d4d1fcae,known_prior_history,0.5172,11.1.0
450dc837423246d5,data/images/canonical/450dc837423246d5.png,018566e5305ba34c7ca05edb17c19266f8bdd32f28e773d67473dcbe16e10e32,final_transform,0.5,11.1.0
451f870f1c4ba55f,data/images/canonical/451f870f1c4ba55f.png,f45459f55e964634f07b0fd045c272af9a07401c829f3d143a64adda5bb6c63e,known_prior_history,0.7781,11.1.0
455521e230739dc2,data/images/canonical/455521e230739dc2.png,37abfc6a4a4a74020687ef6f874c1234df4bf21ef3f9f727b6051f027f3b6f0f,known_prior_history,1.0802,11.1.0
4579e2d3fed9946f,data/images/canonical/4579e2d3fed9946f.png,728fd6732cf3f2311a3d17f037332b6b9854184e74762a780ed470e0a700e9da,known_prior_history,0.6827,11.1.0
45e71868d149f074,data/images/canonical/45e71868d149f074.png,da0ec06b48eca27adea5f96bf816d11a35b19261c6151932fc43188384d4ddb5,final_transform,2.0,11.1.0
460d55fbc16d7d7d,data/images/canonical/460d55fbc16d7d7d.png,bf1687f4f3342bafbf725c348b794c2d792103076b524b55024efa8a711e5592,known_prior_history,0.6827,11.1.0
465ff3e854a6a616,data/images/canonical/465ff3e854a6a616.png,7b4d4d2c3d5255850ac4a65fafd996c881660bb9a80bf1f050756ad6bf5c434e,final_transform,2.0,11.1.0
466ab2fe6d5315a5,data/images/canonical/466ab2fe6d5315a5.png,c466970534b373d16ff8ec35b36bb029a06bf9d11b165b5721fbbd915fb08f27,known_prior_history,0.574,11.1.0
46764b2b8b71ce72,data/images/canonical/46764b2b8b71ce72.png,f1d2a1fd93e5a9b3c0e6cebdb544ff4973531ea66920aa4aeba9af47d59718e0,known_prior_history,0.3333,11.1.0
46c863d18f42362b,data/images/canonical/46c863d18f42362b.png,4f4e2c5c8ed897b496b7a49bca13c9a3b0c84a9c8563281329de2df0e650150c,final_transform,1.0,11.1.0
4700df63e0b47734,data/images/canonical/4700df63e0b47734.png,d553d7b55f55a67ba103e4bf51f90826561e656918b88a745f9307b1df2a29c4,known_prior_history,0.8533,11.1.0
4722461019a0690e,data/images/canonical/4722461019a0690e.png,e04cb8f6af6a4ee3a3cc8d35c91cb99b354dd87921f24b82c0cec75fe857cede,known_prior_history,0.6827,11.1.0
47338aea22fdc305,data/images/canonical/47338aea22fdc305.png,a59ee1611e9e8425b81310cfae03dbc8dbb588863ad30d383eeed322f1b21bc4,known_prior_history,0.6719,11.1.0
4735c9cdebcbd4e5,data/images/canonical/4735c9cdebcbd4e5.png,e8e3e87c96fbac90c2b8fde5ea49a5b64c0158c279686854fe4d76d5b8a5aa2d,final_transform,2.0,11.1.0
4739ef3c53523224,data/images/canonical/4739ef3c53523224.png,8f573b06f18fc1af4d09505decdcf6700a52218c6970d92224d87407e1c575d1,known_prior_history,0.8366,11.1.0
47518bccf24a4f5c,data/images/canonical/47518bccf24a4f5c.png,67cb395d84317cb162c126860ca5771a0c1f2feeb0f3e9f9a02be78893f9c660,final_transform,1.0,11.1.0
477c54f41189c6db,data/images/canonical/477c54f41189c6db.png,75f56ec285be9b033f1cfca1cfb3ce76890c9a6710f9536dd4cdc8e9b5f9000d,known_prior_history,0.6827,11.1.0
478d782198befbd9,data/images/canonical/478d782198befbd9.png,1369a961d3fedbd8d9139e55621fe19454bb2c4750aedc1ab859f9a242902a9b,known_prior_history,0.6827,11.1.0
47902cac9e30639b,data/images/canonical/47902cac9e30639b.png,d2a2bde2e7a60f835cf53694ed8d30a4cf31d3ff0433bfb42b7f109b06591c49,final_transform,0.5,11.1.0
47a80a4bd669b3d6,data/images/canonical/47a80a4bd669b3d6.png,a2135580b7222b2a6eae04c7d8359e6cf5ee02d5f1c1eaa8bb4e9cd3159fecde,known_prior_history,0.6827,11.1.0
47af6861df9f5f20,data/images/canonical/47af6861df9f5f20.png,0256b93cca6d5e4701745326f88f7a230951037e886a9604eeb732af25543c3f,final_transform,1.0,11.1.0
47c1358d731aa129,data/images/canonical/47c1358d731aa129.png,fbcec207932ddcc7601c3fce5e0cb86fb20178c0a75dda2913b814ce0979ce07,final_transform,1.0,11.1.0
47c325558f0cede1,data/images/canonical/47c325558f0cede1.png,c3a9078f694affa6ee80175707c5e20d954f06804f8a237f392ce80e940b5daa,known_prior_history,0.559,11.1.0
47f48f793c666bf0,data/images/canonical/47f48f793c666bf0.png,f1e2abe9dd2738276eb51af6065fcf89be5fd599ae95b2949535650e0d1e390f,final_transform,1.0,11.1.0
47f902df44a97e86,data/images/canonical/47f902df44a97e86.png,c16f5533bc1e8715109bd7e5e5e44f868ccaefb8aef93e526a5342fddd38ff17,known_prior_history,0.6827,11.1.0
483376baa99e5cde,data/images/canonical/483376baa99e5cde.png,6e2de4d300eeab535d8d371571c0c1674271ec303ec5ddf5b2c489a05c2c6627,known_prior_history,1.094,11.1.0
483648724275f006,data/images/canonical/483648724275f006.png,4959029f56302ca11983a161ca7c2c96f6f08b607a4e123f51ba521859fe2e07,known_prior_history,0.512,11.1.0
4844afc9f9c13356,data/images/canonical/4844afc9f9c13356.png,836f585e9a84136d3c25eeaace401e0b36856c66349b6306b7f549376567f712,final_transform,1.0,11.1.0
486660674636b9c1,data/images/canonical/486660674636b9c1.png,2bbeea11f91ff0895f79c5cf8e9e04fdf75527682e2b59d29735ca6f038e6475,known_prior_history,0.6827,11.1.0
488e2390dec1396d,data/images/canonical/488e2390dec1396d.png,38dc448f6cf3c4eadbc1297e832cbf28de1d5efd3cda4287b0fb4adc248d48f3,final_transform,0.5,11.1.0
48b231a321e34d04,data/images/canonical/48b231a321e34d04.png,cb3f83e6b2b9edfbeb87495ab2d993bb3a012460dc9127c5aad8b81158f79fdd,known_prior_history,0.742,11.1.0
48c4dab9ab6a6bc5,data/images/canonical/48c4dab9ab6a6bc5.png,cd05c14cebf816486a2419e62acc78c90395c75b7ead5d3975197fef06c4ca93,final_transform,1.0,11.1.0
48c7cc5c60b7ea9b,data/images/canonical/48c7cc5c60b7ea9b.png,1e2e679a1c456c351c9c97d922f4304856d026d5501b6ca56a5fc0f1e5761483,known_prior_history,0.64,11.1.0
48ca89a6c927f3ee,data/images/canonical/48ca89a6c927f3ee.png,a2e922c40071827b9c8e11f1f387ab89993d7df72102d880ce9228c9538de723,final_transform,1.0,11.1.0
48e12278bf6c0515,data/images/canonical/48e12278bf6c0515.png,40b127a9e551a650aeb96f842146c22ec1b99d3313d08572c4094dab3ab24100,final_transform,1.0,11.1.0
48e1fe3cef68ac33,data/images/canonical/48e1fe3cef68ac33.png,c14d28ccdcea7151aeff5b2ce2c462d23e8ac3b3fde6ca4f8fa0982828cc49aa,known_prior_history,0.5333,11.1.0
48ec6ea67a55b62e,data/images/canonical/48ec6ea67a55b62e.png,33e6e1ee5e55cb2184c4836bfbac36797e3efea4cdd3c2f2dd3e8d0dbe243937,final_transform,1.0,11.1.0
48f982e6c5d3342a,data/images/canonical/48f982e6c5d3342a.png,54c96a8f8257005a18ea4c83eef3c61c717661ed3d22303ae2e689926dd40fac,known_prior_history,0.6827,11.1.0
48fd0b06051b6c4d,data/images/canonical/48fd0b06051b6c4d.png,4857035a78f8852749d8fd66b4eccd1dcd75ee23b0c6540633099fabf16ea5d7,known_prior_history,0.6827,11.1.0
4914d90246ed770a,data/images/canonical/4914d90246ed770a.png,4f46d4b0cb0c128794b133311df6f405fb5626f81620a3f55efa2dbd402ea527,final_transform,1.0,11.1.0
4938c0cf4f41a215,data/images/canonical/4938c0cf4f41a215.png,eab916c23ba0e1625a7fffc7a69f3eadd7fb17d6ec54463554eaa58ecbc2f52a,final_transform,1.0,11.1.0
4947b95c9403034d,data/images/canonical/4947b95c9403034d.png,60dba7c8b78e9c097d20cea91fd5a772dd2fd4d03fc6587b3fe58f58084fffa5,known_prior_history,0.6827,11.1.0
495906d6043f1a7c,data/images/canonical/495906d6043f1a7c.png,b30752e11cfbefa5fd0c5cacf69b9379f641a9a2c185aac755e3e85d80b9ec45,known_prior_history,0.6827,11.1.0
49837bcb14a7afa6,data/images/canonical/49837bcb14a7afa6.png,c2926e279d7a2541e3f7e207a6ee4f9aa13771f3c2ee27dafd7265873feed88b,known_prior_history,0.7111,11.1.0
49adf986bb36f5df,data/images/canonical/49adf986bb36f5df.png,3ffccd937ad4a02727120c76a3ec82b96738cde31fcc29de4000709aff8832ac,final_transform,1.0,11.1.0
49b793389cfc352c,data/images/canonical/49b793389cfc352c.png,ef66c885a1a0482b66d473ce8a7b9864b6db8b652a3c072af6642fd14b08a94b,known_prior_history,0.7665,11.1.0
49b85cd046dcd4c1,data/images/canonical/49b85cd046dcd4c1.png,4e5a337f0f1cb5f99600bd8cf6167ee77227ad3fda2d48d1338456ce2ac6427f,final_transform,1.0,11.1.0
49e3029bbe622f3f,data/images/canonical/49e3029bbe622f3f.png,5f1bd5dd2d409af3ef1b67662163b0d05850c1ee9ecd5502e720af3916d43e80,final_transform,1.0,11.1.0
49e6b55c128a27e7,data/images/canonical/49e6b55c128a27e7.png,7e7abb3886317008e5ace6e05d10e1c4766fad6fa951e0899212b0cd88cae74b,known_prior_history,0.6827,11.1.0
49ef2342b52f408f,data/images/canonical/49ef2342b52f408f.png,7740d31dd5d96a8a3c3125c7998c828ac67fb0bf8a9d0c3ddd8cc70f6038bd64,known_prior_history,0.5458,11.1.0
49f5f1c5bd20bd96,data/images/canonical/49f5f1c5bd20bd96.png,174591f344c53b9aa9be50f1dd5234d6eb4ffcfe01eae402a760622e1b8b9ec4,final_transform,1.0,11.1.0
4a17b9d9cc37e7b5,data/images/canonical/4a17b9d9cc37e7b5.png,e102c6d2148651aaeaeefd7d7b0af70b213f4c0bd71a35740ecd133eb81a4e73,known_prior_history,0.6827,11.1.0
4a2d440616e533fe,data/images/canonical/4a2d440616e533fe.png,b1e1e49da16f43da85b64097ff52724b16c650c8c08f0d266283da5dcbed4b03,known_prior_history,0.7711,11.1.0
4a3290bf75bcc0fe,data/images/canonical/4a3290bf75bcc0fe.png,2b0e79ecd0b38b8d3c4a21e8932b3e0ecbf924633cbb3d610cb551648a74f785,final_transform,1.0,11.1.0
4a39d24a3a02aa1f,data/images/canonical/4a39d24a3a02aa1f.png,2379c01fc59d3161a69333611e69ae3f1998045850fceb2c28e25932f01156ef,known_prior_history,0.6719,11.1.0
4a3b8eb38de9b522,data/images/canonical/4a3b8eb38de9b522.png,f3ea2635e51ba000e6489c1932f1a18694238c78a8906576409678f7ec5f98c2,known_prior_history,0.6827,11.1.0
4a3bc9cd0f612cd9,data/images/canonical/4a3bc9cd0f612cd9.png,c59cb10a0f7854fc2b19001563311d23e6a6b7b108f2fbd216d3af002299030e,known_prior_history,0.6827,11.1.0
4a66796eacc0a6ea,data/images/canonical/4a66796eacc0a6ea.png,1ce4a4c301e9dc337f0b5b9f1646992f11aec11c27cd781af04bd47f3113bc3a,known_prior_history,0.6827,11.1.0
4a91527774c6a271,data/images/canonical/4a91527774c6a271.png,f2cb031161e215e938658939a4ede1ed04f19c4afce2fe8e34eec979b2da87ac,known_prior_history,0.6827,11.1.0
4aea1f06b8f1dc4f,data/images/canonical/4aea1f06b8f1dc4f.png,4b85724dee261ef8a1d3809c841cbf46553ef73556b0bd6c7e1150caef3eac2f,final_transform,0.5,11.1.0
4af1e8813b99ad34,data/images/canonical/4af1e8813b99ad34.png,c219552292035bcff63711167bf309b6e2d03be628c8e3ed9c03fb16b79b176c,known_prior_history,2.2069,11.1.0
4b05d7e49d0d5b81,data/images/canonical/4b05d7e49d0d5b81.png,839f87b70e5dd2a24a621e5ddae7c194a86f3ef366340400d8022c056ad5c5ec,final_transform,0.5,11.1.0
4b43d3948e8717b8,data/images/canonical/4b43d3948e8717b8.png,b52d98af34d1948e2afacc185a06545197f6eb4613c4ef53f3c4f208ca040a49,final_transform,2.0,11.1.0
4b4c19ec1f4024c2,data/images/canonical/4b4c19ec1f4024c2.png,4ba78536322ce0437d36bf99a2f884692372e3ac124c05a8fc52cc57b7b109be,final_transform,2.0,11.1.0
4b540c0ab8e36534,data/images/canonical/4b540c0ab8e36534.png,cf0f60b12cbc0de086da7aee9e08d99215ea925799a3dabc716e1fe5956c3d1f,known_prior_history,0.6827,11.1.0
4b5cd627031bd976,data/images/canonical/4b5cd627031bd976.png,ae2bece779594187a5c3b4d2ed5122fd90692cd09c8bf32c314c988196bddfb8,known_prior_history,0.9309,11.1.0
4b9b82afec11ed16,data/images/canonical/4b9b82afec11ed16.png,e561669778e75837b7853cca579e7535cd24b5f667bd48ab4a8929b84aed797f,final_transform,0.5,11.1.0
4bac15e40fd3bcc7,data/images/canonical/4bac15e40fd3bcc7.png,305290d3b0bca72ce0ee1890abdef9dee0e6eb73bb42b27ed882893e59233002,final_transform,0.5,11.1.0
4bad27ba67869815,data/images/canonical/4bad27ba67869815.png,aefe4ab7a3e2404bad394c60ab6057994000990c6758f624db14ae244518b635,final_transform,2.0,11.1.0
4bce2b67968a8f08,data/images/canonical/4bce2b67968a8f08.png,fe923ba4660252f98e05e84d2fed41aaefe0429619f920821f7224ddd14f4b0f,known_prior_history,0.6337,11.1.0
4bcefbd3bcd45d1d,data/images/canonical/4bcefbd3bcd45d1d.png,b9f99488b88ecb5bbd570ae7744970945b1e636bdcc19dc1ae046a61865e9e27,final_transform,0.5,11.1.0
4bf540990437f294,data/images/canonical/4bf540990437f294.png,87d2e7b7b967c1c46ca29d4cbe44b4d1963aa0480c296b47887c625315e31895,final_transform,0.5,11.1.0
4bfd7991fd71a44c,data/images/canonical/4bfd7991fd71a44c.png,0557bf3dd75fdca17bab0529283e6dd41bb1cdd5d0e95ab1d9ae511e530cec15,final_transform,1.0,11.1.0
4c034cb9b3179642,data/images/canonical/4c034cb9b3179642.png,8cfcee76f7068327cd1aac0f8a09284962fdcd4945c1b035ad0cde1fcf552781,final_transform,2.0,11.1.0
4c17e77f9b3c7d1e,data/images/canonical/4c17e77f9b3c7d1e.png,e087486ee5b53ba803297bdfd5e566a4afa8fc74f5e2ec2fd452ae32b5d96276,known_prior_history,0.8,11.1.0
4c23f5862dcf07fb,data/images/canonical/4c23f5862dcf07fb.png,ea567f487602ed2f1a28868428a26a144f08fbc2d7a3418d4e6d301a604ab854,known_prior_history,0.6845,11.1.0
4c36fc140462ae5b,data/images/canonical/4c36fc140462ae5b.png,487b756e62b6be942ebb263cf4d5442ef8e9ee6b75169c45df929db880f26be8,known_prior_history,0.6827,11.1.0
4c4142b4ce06f366,data/images/canonical/4c4142b4ce06f366.png,4408527ca5ed47c37ae6fd3c9e5753d686db08f4cbc37090278aa7847478e752,known_prior_history,0.6229,11.1.0
4c425d034c61e082,data/images/canonical/4c425d034c61e082.png,9c25f4551131d0f3fe697932b13b062e2c157ca3979eca5be1c2138c6821530c,final_transform,0.5,11.1.0
4c443fbd588dd2aa,data/images/canonical/4c443fbd588dd2aa.png,4d11be3cce1feea6346dbe934ff47ac03c017cfe95e562ce451ea02793cd65aa,final_transform,1.0,11.1.0
4c514729fea8c090,data/images/canonical/4c514729fea8c090.png,8501a1d1c4e104a5c6b1467afefb065bf52ee424910dd809521059d0fae2275a,final_transform,1.0,11.1.0
4c5f034d24015666,data/images/canonical/4c5f034d24015666.png,ee6c67b30f6bb49a8c6274ac60cc3fe17a35825a829a4a36a0149ea61f4bb298,known_prior_history,0.6547,11.1.0
4c8f56e07b8e0493,data/images/canonical/4c8f56e07b8e0493.png,7d6103ac77d27dc13eca532edc70e930a69f563af22882d268c553eddb727129,known_prior_history,0.6827,11.1.0
4cba3d6e592887e0,data/images/canonical/4cba3d6e592887e0.png,f99c4d49500279baae47ce03d8645f5322bb36530b9cb9fa086b6932bd1eb320,final_transform,0.5,11.1.0
4cc1607f30d7b2ce,data/images/canonical/4cc1607f30d7b2ce.png,45f3d1586629538483439119a53dd91d5e2e312a5531bce3d1cc252f4e9482c9,known_prior_history,0.8101,11.1.0
4cc312aa3c4f2f47,data/images/canonical/4cc312aa3c4f2f47.png,748c0c803072dca16236465c2d541ab255d279ab58bd9207a9c5219007d93b6c,known_prior_history,0.7642,11.1.0
4cd0d70f94edaf22,data/images/canonical/4cd0d70f94edaf22.png,191a2449b4a839463d2717b241b26bfa8f77a030afe7395490e57ea7a14ac760,final_transform,1.0,11.1.0
4cd30e8b0f18c8a5,data/images/canonical/4cd30e8b0f18c8a5.png,6dccf8746b1ad2f0ba0d8f01bf60213135439d0feae6cabf08451636b94f9753,known_prior_history,0.6081,11.1.0
4cdb70987c2beb58,data/images/canonical/4cdb70987c2beb58.png,ecdac4d5f32cf429fb90b1f0924d3a68c80bfa853e04723455f6159dd06e4aff,final_transform,1.0,11.1.0
4d04e31743163f62,data/images/canonical/4d04e31743163f62.png,610e68dcd29a96e3ae2717a382d46ccdc460cf6da5736c5ce7726053c473eee9,known_prior_history,0.6882,11.1.0
4d107fe8464ca249,data/images/canonical/4d107fe8464ca249.png,18847a5ab3b7591d1a01a44e2c924c2d4b1cd570d09c5445d4d171603968bc2a,known_prior_history,0.7688,11.1.0
4d1bc879cac7ddcf,data/images/canonical/4d1bc879cac7ddcf.png,6b7bad7f01d87db0aec7427d16faad4c8947347bb30eb2dc7e4dc4020ac9250e,known_prior_history,0.6827,11.1.0
4d33e0a4bf7fb2be,data/images/canonical/4d33e0a4bf7fb2be.png,bb00a87a4a694da5efe64f02f0c713b9ff4487a182ca41209b06b0cb95a5e69b,known_prior_history,0.8951,11.1.0
4d3436df78a216fd,data/images/canonical/4d3436df78a216fd.png,b68d0f67bc2a9883699853d9e0cdc03b54635e7379d4084ae21037015cbb772c,final_transform,1.0,11.1.0
4d3f9f648f7aa881,data/images/canonical/4d3f9f648f7aa881.png,16491d6ae78a19be798ea7da9689aaaba11bd7046ff7f3009c4dd51d35955e32,known_prior_history,0.6827,11.1.0
4da61b2e4774bc9e,data/images/canonical/4da61b2e4774bc9e.png,f1067b17d10ca6bd6112d8d44bba61d4d7f727143e4e463b48c42b92676e4713,known_prior_history,0.6827,11.1.0
4ddf992aa32c4be7,data/images/canonical/4ddf992aa32c4be7.png,71761738022073b3ae761f6864743f491dac3a53b4d6442015fabd58f6b20f47,final_transform,1.0,11.1.0
4de6dcf57f649d62,data/images/canonical/4de6dcf57f649d62.png,8d46d9937a66284f34ffe6b52c4f71b2bf70523ce1562d2ee46550e33951e13f,final_transform,0.5,11.1.0
4dec3af6459253b7,data/images/canonical/4dec3af6459253b7.png,851c9dbeffe8cbc288a20d6c899db90c649bc01b7dfdfe65696dcd1f4212d70d,known_prior_history,0.8533,11.1.0
4dfa617283fe0101,data/images/canonical/4dfa617283fe0101.png,91b56c7519dcf34bbc01371285439e25513478c89a31f6c142af0a2bc4f353f1,known_prior_history,0.6827,11.1.0
4dfbbe7242af837d,data/images/canonical/4dfbbe7242af837d.png,4a8835928bc34efe597078471828c3a587c2a2ed9241a0ebf5b61af7e85827a8,known_prior_history,0.6827,11.1.0
4e0886050d79af6b,data/images/canonical/4e0886050d79af6b.png,c220b33754c375661134e1c32f15878a86cc8af343855e78665be85b7994f552,known_prior_history,0.6827,11.1.0
4e0d4e762e229e12,data/images/canonical/4e0d4e762e229e12.png,d1b33acd54a7842d4ea2d3e4dc20cb6f02fc10e2317f3d071dcce0d3c1afd422,known_prior_history,0.5246,11.1.0
4e3c8fd91b0dd0f3,data/images/canonical/4e3c8fd91b0dd0f3.png,0857a10d6417900c5dcc62efc72284ac5507d41e140f55f169d9cc795b99b7cc,known_prior_history,0.7665,11.1.0
4e52699c920fb653,data/images/canonical/4e52699c920fb653.png,af1f1059d8d725cf2ec7913685cfa72bde27b8c4bcef52757739ce4e42a9d702,final_transform,1.0,11.1.0
4e549d8a6d434bd4,data/images/canonical/4e549d8a6d434bd4.png,75bab4da7188eb7ae72b80c1bba14b02daeb03c6443900fc7b29dfaa49f130dc,known_prior_history,0.6827,11.1.0
4e5739fb080848bb,data/images/canonical/4e5739fb080848bb.png,12e3373e4f4de81051a73581f8d3f00d02652ac744468b4c17ad2da6a93abbbe,known_prior_history,0.7665,11.1.0
4e5d7e2707f2c696,data/images/canonical/4e5d7e2707f2c696.png,97f26f207c08136af3cf36521e1a0c05f8925d74644b52480cce000938eb129c,final_transform,0.5,11.1.0
4e773976e0695ae4,data/images/canonical/4e773976e0695ae4.png,c99b351c2038a729f0c0c296ea41d3d83697cfcadc8aff578288236657400ea1,final_transform,2.0,11.1.0
4e7a93c8b8827fec,data/images/canonical/4e7a93c8b8827fec.png,3ef16abb8b4db66ac76ef29d8144a396d90844cdeae3e17c2fc2c2ba864298d3,final_transform,0.5,11.1.0
4e89df1057da63d2,data/images/canonical/4e89df1057da63d2.png,8e0f7887759982435ee523a0b8e6cd608426c7114254dbdd73b2f4165f35b5d8,final_transform,1.0,11.1.0
4ef3a80780885da5,data/images/canonical/4ef3a80780885da5.png,5b36c761b24276adaabbac2d54ab1bf966e1372673a71ba27f4a111a9781e66c,known_prior_history,0.7688,11.1.0
4f0cfee0fc3aa9db,data/images/canonical/4f0cfee0fc3aa9db.png,e1e479b8c32e92c7e6dba5c233a2a2add46e082d5d6e3d8789a5f178a6da6482,known_prior_history,0.6827,11.1.0
4f11705bc7040f96,data/images/canonical/4f11705bc7040f96.png,0feff94da207fb28e798d32b083614133d385d23625b19e31af5255f8a6600e2,final_transform,1.0,11.1.0
4f2506ec496b4713,data/images/canonical/4f2506ec496b4713.png,c6a90c6953ea1c4f41c9a26276e804f7fdf2d3259129d177960450b830362de9,known_prior_history,0.5482,11.1.0
4f31f35ecb27a8fd,data/images/canonical/4f31f35ecb27a8fd.png,7e0d2ecda45ef783fd5dbf5a17aa29f37d0fbeef7cc218b7bb6a50476b5455aa,known_prior_history,0.6827,11.1.0
4f5851440950322f,data/images/canonical/4f5851440950322f.png,f670952a5ae7464dc4953d6d1e8bf7e05c5e7b9012faee6b66bc09257fd1f5a7,final_transform,0.5,11.1.0
4f59210fae55b5a6,data/images/canonical/4f59210fae55b5a6.png,f5e8a0d1d1be10385e3f8c62b56c9d8c24e50064ae310587f06eba78ce8823d7,final_transform,1.0,11.1.0
4f68008a91f3c701,data/images/canonical/4f68008a91f3c701.png,f2f908dbe0850c471fbda6c136d5dadfb83f136963dea008e0cb99a6ce047133,final_transform,1.0,11.1.0
4f6dda4a9d236695,data/images/canonical/4f6dda4a9d236695.png,cb3a9938e3b1fa3bd61b0366852394ca272dd5b89db4f7d5c93af87d561b0ca0,known_prior_history,0.6827,11.1.0
4f810ade9ffe2cfd,data/images/canonical/4f810ade9ffe2cfd.png,e4d6aa79f21a5e5ca331dd43a5f78bcf9c62d30531c7357aa9ae2c13c667d47f,final_transform,2.0,11.1.0
4f819a1fb386533a,data/images/canonical/4f819a1fb386533a.png,94f20b21421b18770777f92f0969bc0b6168653c4c44290d33b08a0cd22e19d4,final_transform,0.5,11.1.0
4fa96585abd93e31,data/images/canonical/4fa96585abd93e31.png,1175e0bdb47301511cdeec36e90e4dd2bd000e63a9fbdf78bc0babb44893fe72,final_transform,2.0,11.1.0
4fb51504f50f7a33,data/images/canonical/4fb51504f50f7a33.png,17a5a2bc5c0613f56aecbc91ac80ce8fa55f706fa35c981b31a365274ae83293,known_prior_history,0.6184,11.1.0
4fbc2fc3f8b779bf,data/images/canonical/4fbc2fc3f8b779bf.png,b54eef83430a7e0a9fea1f69ca156c8f031119143fb797a2959e266322f0beb2,known_prior_history,0.8101,11.1.0
4fc9e1e29af20c66,data/images/canonical/4fc9e1e29af20c66.png,232fe40f0a5c131c721816cedbb1062b99cfa0b83f257cdedace6688d2c30f5c,known_prior_history,0.6827,11.1.0
4fde6c0ec4b48cf6,data/images/canonical/4fde6c0ec4b48cf6.png,2d190e5d5ddd3cb76f51e602e0e36257ebd40cc677e72c3bca537e29adb504d0,final_transform,1.0,11.1.0
4fe7d10e1783d6eb,data/images/canonical/4fe7d10e1783d6eb.png,8b0bf669099918d19fb45ab40a93cdbda23a3f490eb13b7c490abaa39a21be18,known_prior_history,0.6827,11.1.0
4feb0d1d0e6831dd,data/images/canonical/4feb0d1d0e6831dd.png,e60cbede792f523d769795d715bda2f061ba7788e76d1518d4658e682b4a705f,final_transform,2.0,11.1.0
4fef551826c0dc44,data/images/canonical/4fef551826c0dc44.png,e76ea45172a5e346c2640b0383d4f4bb9be82a328503eea4b850a3842a9e9db6,final_transform,0.5,11.1.0
500a4decf7a78a5b,data/images/canonical/500a4decf7a78a5b.png,a5c5e2f7dcc27b66cecb38a0a8e20d378ea8fc6cd3cf069f8d3e13e2b1be9809,known_prior_history,0.7171,11.1.0
5048b25d30863ee7,data/images/canonical/5048b25d30863ee7.png,412de2bd5d9520e75f7a87ef349faa82efb5b1af8a801cfe302b1a100a528ca5,known_prior_history,0.5953,11.1.0
50538ad844cb7613,data/images/canonical/50538ad844cb7613.png,1218ff39ddba31ad1bcd897a0f38dd4373e2e0663b763c44f59acf39c09fb00d,final_transform,0.5,11.1.0
508573c8bdc81261,data/images/canonical/508573c8bdc81261.png,9e9e123bb6b1eff68dbc4efc336194505182ee5d12b73566e78d1665b795eb08,known_prior_history,0.64,11.1.0
50a33f5d703efbcb,data/images/canonical/50a33f5d703efbcb.png,0af9dd4c79d673e487c9b00485c886de43cab3f4d2cc785eb3b0e9cd49db8d89,known_prior_history,2.1695,11.1.0
50a923aca53cb2f0,data/images/canonical/50a923aca53cb2f0.png,66a2f16918a0600badbd2a6bfdf01eb96124e3bbdb6cf8205fcc1f61931fc0ac,known_prior_history,0.6827,11.1.0
50e522fe09f6f020,data/images/canonical/50e522fe09f6f020.png,5109b6764bfe0499fd3dcc6520d123d4c60d6fafcc4887951654bfaebcd3dddc,final_transform,2.0,11.1.0
50fa8e0d4efd496c,data/images/canonical/50fa8e0d4efd496c.png,98d6fd733bf12f3122f5fcfaf98a84b50c2e819415c2aef21d4b92e87774b427,known_prior_history,0.512,11.1.0
51099a7cbd7f0d20,data/images/canonical/51099a7cbd7f0d20.png,adc534de05f4b471f3ac36957cf644af89f4868d799b39570ee6748204a08ca2,final_transform,2.0,11.1.0
510bdd23c00fa7b0,data/images/canonical/510bdd23c00fa7b0.png,87d27264ede889e5a0d92c99b8ec519f6b36d2fb2310d28f3b1b946fc7e883e7,final_transform,1.0,11.1.0
5114b0ca7939f6f6,data/images/canonical/5114b0ca7939f6f6.png,7007b15003495c526435b40a8d4b2276d6dec5892d11351f653cbd8f2ceb69c1,known_prior_history,0.6827,11.1.0
5132ccb79b686c6a,data/images/canonical/5132ccb79b686c6a.png,f97f75c9deb716679177f8255878e1f96d6ab1ca670fb20da102bde0106a1530,known_prior_history,0.5214,11.1.0
513df01259cb76c1,data/images/canonical/513df01259cb76c1.png,996a691730ca2ade5bafe97ce3d8a5e30d59b47196431b8798c1fb4a37fbe5fd,final_transform,1.0,11.1.0
513fdcd7fe8e5a8c,data/images/canonical/513fdcd7fe8e5a8c.png,e01dd0cefba2028c8da2f22f8cb8ee18294b0dd967ca459a2bff288a483e215d,known_prior_history,0.6827,11.1.0
515d0e9dc543f4e1,data/images/canonical/515d0e9dc543f4e1.png,74cb0a26a827a6af71b295874f4e2ccc773162516764b062252b441be7d502e9,known_prior_history,0.7052,11.1.0
51703d1d68493b56,data/images/canonical/51703d1d68493b56.png,e5889bfbca19a085d33939251ae7ffab62e673c2232b92d6ddebad1fda0a2a71,final_transform,1.0,11.1.0
51926ffe7cf7d161,data/images/canonical/51926ffe7cf7d161.png,061df830fbab36e1c137b79151518d4cc062f1b84cdd4f9b233fc91e5bfb894a,known_prior_history,0.6827,11.1.0
51a528f2bd5437d8,data/images/canonical/51a528f2bd5437d8.png,6c02a6b67776a12a7c3e6335cb0b3025bb1336b4e1604c8869aa790591c434eb,known_prior_history,0.6827,11.1.0
51e8dca616e14bc5,data/images/canonical/51e8dca616e14bc5.png,bf2e7e286d44d6dcc8438e839539edb420a128f2359ba1e54f7da6759acb8ca9,final_transform,0.5,11.1.0
51f5f8b850ac15df,data/images/canonical/51f5f8b850ac15df.png,5f18195e6213afe7b97cb8c9a909cb6b1e1e5de93b3ffde42d47f8536a17e7ee,final_transform,1.0,11.1.0
51f605c9e0deac0f,data/images/canonical/51f605c9e0deac0f.png,69798ae46e398f5170b60db31ee32ffc6cde37ac97f77ae2c8a77549a01063ac,known_prior_history,0.6772,11.1.0
5216d230c9261ed2,data/images/canonical/5216d230c9261ed2.png,a4f7368853adc56823f85efb87490c5e3b4d3461da6daaddf6b2770cf79adcae,final_transform,0.5,11.1.0
521b88cfc0a3f1e8,data/images/canonical/521b88cfc0a3f1e8.png,b0ea97504802faa29e0ec46042efc990523174a146b5cd24d1e8aa6cf21c36fa,known_prior_history,0.7688,11.1.0
5222bd59e5fa2ba8,data/images/canonical/5222bd59e5fa2ba8.png,7552e67abc72fc10c49535c7484e2122d6f5d86d6d79a8e92e0d7a34c9e974a0,final_transform,1.0,11.1.0
5226054d81f9df6a,data/images/canonical/5226054d81f9df6a.png,9932a34165acf13bf4c47f0008575fba0cc58993703f960ac2d533b9dc957354,known_prior_history,0.7688,11.1.0
522cf18f1a70352e,data/images/canonical/522cf18f1a70352e.png,d7076664fded2e2dbdd5e367b28884ec554efac8dd0e1ef63c80ef11fe8a695b,final_transform,0.5,11.1.0
52582f66704b2d1f,data/images/canonical/52582f66704b2d1f.png,9bcbd7e74cdba0286b62c66e43ebd8abf9f7038437e7dc1b74a8f40611377c69,known_prior_history,0.7171,11.1.0
525838f3ee72c4b9,data/images/canonical/525838f3ee72c4b9.png,4091e49e406025e4c6d0852e3826992b32f0c39cbacfa15fa907fdfc9c16e3a7,known_prior_history,0.512,11.1.0
5265ae39851ea1d7,data/images/canonical/5265ae39851ea1d7.png,d62e57a77c8ab023be20a1852a865f72d3b519d1d16da27c4a25ac5256abe5f6,final_transform,1.0,11.1.0
526c1a8c4bacfd27,data/images/canonical/526c1a8c4bacfd27.png,463da77ae9041dc2ce615175bdaec7d22a9f0b9a33a8cb1a035f3f43d41b5c31,final_transform,0.5,11.1.0
5273631f34e5dd06,data/images/canonical/5273631f34e5dd06.png,2501fbc1bd29053d5ac025a56d06b22825d926d338b430d434b207f183214e8b,final_transform,1.0,11.1.0
5289e12f9d9d2f04,data/images/canonical/5289e12f9d9d2f04.png,e3b9bd5931a3c8f71894adec0678fb0b6b274e7d68b6fce34d9a75fd89f4facb,known_prior_history,0.6827,11.1.0
5293f55bd02bbc60,data/images/canonical/5293f55bd02bbc60.png,462b60d1ff10b484d5141dfd5c5208aac7b534dd7f8b475a0afc4a34565d1f74,known_prior_history,0.6827,11.1.0
5296ab1e029be4f1,data/images/canonical/5296ab1e029be4f1.png,dd5b75efe26b87e19375a2ff02cf48154f7c3216701f670fecabb764f6de8d67,known_prior_history,0.6827,11.1.0
529e3592b6e1f585,data/images/canonical/529e3592b6e1f585.png,040f5b9035b4bf2d558df720adb190c2d1f1f855291eda15d4ecf8a867fcb303,known_prior_history,0.6337,11.1.0
52b4057b21b5c491,data/images/canonical/52b4057b21b5c491.png,cf5f5122edffcb79f5004c17243df19bd5ec201b95a14df1934bba122fa6d74a,known_prior_history,0.6827,11.1.0
52bfb96744e9915c,data/images/canonical/52bfb96744e9915c.png,051e65776848e306b3377fce6787b822da006a87fe6604113323e0173383a416,final_transform,0.5,11.1.0
52c8cc897f1c7d44,data/images/canonical/52c8cc897f1c7d44.png,1fdf59d89c4d96bf2d57d6b45f68777494cb1c9b2ca264eda18fe439663f02e0,known_prior_history,0.5845,11.1.0
52d0d3b382f82bff,data/images/canonical/52d0d3b382f82bff.png,fc7ae9f540ad3270b7916c58b1430e0b8153ec8ae9f4aa9218f55add93ea6abd,known_prior_history,0.6827,11.1.0
52d1d5bd185c5ec2,data/images/canonical/52d1d5bd185c5ec2.png,b850142ddb3f29ba64216c55ad0ee9b15f80f7a634d1dcc1a803bd1b8fa75d26,known_prior_history,0.6827,11.1.0
53055d53c73e2e0a,data/images/canonical/53055d53c73e2e0a.png,4b80b0d98c0bb70a9a74a896a76546fee058f9862f921dad91a348d487278313,final_transform,0.5,11.1.0
53197beb64ac24f4,data/images/canonical/53197beb64ac24f4.png,c9e41b9f84636d7b874f1e13224fed1939a6308dd8c89b769bcc19fb7d33b757,final_transform,1.0,11.1.0
537dee50a7b777c5,data/images/canonical/537dee50a7b777c5.png,46d239ea4a263785452b76d635e2dfd7f690279d732004cabbaee4238f21a0bf,final_transform,1.0,11.1.0
53892e94fbcdf6b3,data/images/canonical/53892e94fbcdf6b3.png,10737ba81bf98bc35567df4e0e26415daa95b35de913c679ec8a803da6b16b8f,known_prior_history,0.7665,11.1.0
5397b3359eb5f998,data/images/canonical/5397b3359eb5f998.png,269b7a579dbdc910b3ec8d457aa582da320fc3c673375673e7bb243598c9c304,final_transform,1.0,11.1.0
539be7cb2aba60f9,data/images/canonical/539be7cb2aba60f9.png,12b1e442938af25843f449ed56f222d08c328ed097d632b989139d4dccc90647,known_prior_history,0.6038,11.1.0
53de2f9c765541be,data/images/canonical/53de2f9c765541be.png,cf7c2a8d230272fa1f1985f1d8ba6edceeeb3fb71df230d58065ce1ea41c469c,final_transform,1.0,11.1.0
53fb406de6cc0e8b,data/images/canonical/53fb406de6cc0e8b.png,8e80c9fbae47cbae49bafe56bebdfa1e78d7ad49f9de9c98fbf1f370ccfdeaf0,known_prior_history,0.3765,11.1.0
5407a06aa6e7bb13,data/images/canonical/5407a06aa6e7bb13.png,c6add2ea576821dd581451492fa8f9026a058ec09678ae3bc06ac20767790352,known_prior_history,0.6827,11.1.0
543c8d696e03c1b7,data/images/canonical/543c8d696e03c1b7.png,f110cb308bdfccdbe613e10ba541ee32255403d236c2ed74dd68056122570aa0,final_transform,2.0,11.1.0
544a6095e5019806,data/images/canonical/544a6095e5019806.png,94360669027ead39d65b13617c84b0442e2cc6432bad472ad5a012c51a5fb11c,known_prior_history,0.7619,11.1.0
546037d4f109e66e,data/images/canonical/546037d4f109e66e.png,26b487ad6597839018f38bff0f6bedf0be1e55f17f985f438d39963e6f0a4d3e,known_prior_history,0.6827,11.1.0
5476857c6fe4ffa9,data/images/canonical/5476857c6fe4ffa9.png,8e4c0ef53a362631719a48410c5e93378a2167971e32b9151184512fa2cf4fff,known_prior_history,0.6827,11.1.0
54864b103914d9c2,data/images/canonical/54864b103914d9c2.png,5b89f1f6bf81bebeb035fe78fac06916311083f16fed0100e20c278b3aa5fc33,final_transform,2.0,11.1.0
54a6add41480602f,data/images/canonical/54a6add41480602f.png,74023b995ccfbd5b0d65b00779e5707c60bf1aaf8349ed3abf52e44677a21ba7,final_transform,2.0,11.1.0
54bd14340ef42904,data/images/canonical/54bd14340ef42904.png,5a2f943a9d0d983b6923891b6e9a1b44574a5f1e68f886d787879f4aab0cc47f,known_prior_history,0.8205,11.1.0
54cd1df4189b42ef,data/images/canonical/54cd1df4189b42ef.png,d151837e05da6a528a45e3aef83d97928c885e659d27b89778b84b36e307f7f5,known_prior_history,0.6827,11.1.0
54d6224e2d3b520a,data/images/canonical/54d6224e2d3b520a.png,26eb691082734b4d13860247ebab8ec77298a980b6e9ac4ce923ae19677ea814,final_transform,2.0,11.1.0
54d68d7eb6ddd409,data/images/canonical/54d68d7eb6ddd409.png,e6e97b31441560b729fe22251ad16c02f046336859ca8af8bd0692b1f6056cbb,known_prior_history,0.6009,11.1.0
54fdc9505f7ed68d,data/images/canonical/54fdc9505f7ed68d.png,14f73b9d60ff288d9cc47e1e52c1a21526634b17927790d9bea797823135cf69,known_prior_history,0.5257,11.1.0
5504bf71839fa271,data/images/canonical/5504bf71839fa271.png,f5bf99098852c6885efd7a7df4d565a65e7cf9562602d586ba21d24812501b6f,final_transform,1.0,11.1.0
551c03d6f086c495,data/images/canonical/551c03d6f086c495.png,37720e7f1c4a872ee00f66a1a8a5f8a1d0ff8dde35be101f24354701be5b667f,final_transform,2.0,11.1.0
551fa896908260b9,data/images/canonical/551fa896908260b9.png,b032a158fb1cfe7acd34180bc9b418af0d75afd2727c8cafc37dabbf99dc6974,known_prior_history,0.6827,11.1.0
5557a41888ca297d,data/images/canonical/5557a41888ca297d.png,fd868ef172c5d18b992caf372193fc7c5a30b1e1f94016eb580a760caefd67df,final_transform,0.5,11.1.0
555e5d2327b001d0,data/images/canonical/555e5d2327b001d0.png,5a00528d91645cd85264bc78d899c41ff4c62b2b886a71d744a4743b3afad805,known_prior_history,0.6827,11.1.0
5571ab5441dcdfaa,data/images/canonical/5571ab5441dcdfaa.png,3cd471226cb8daeca143746a949480347c29eeeee6f05db70c31570ef33cba79,final_transform,1.0,11.1.0
55787327bdde0fb8,data/images/canonical/55787327bdde0fb8.png,aaf3e84c539e655b622fff1bcbd586e964f4a865078f834041fe25c8106c872d,known_prior_history,0.7688,11.1.0
5580bae96973995e,data/images/canonical/5580bae96973995e.png,a58f3c7fa0d111dc1573acceb9052d5a51d3015833cc093271445180bb479955,final_transform,1.0,11.1.0
558e0ad143ad5bee,data/images/canonical/558e0ad143ad5bee.png,182bda805688bea169789a50a4c8ecf54bed439ed37a1315f509a0ee1f4132e0,known_prior_history,0.6827,11.1.0
5597522e1e70c743,data/images/canonical/5597522e1e70c743.png,1b7ae6247129cdba6f59fb1d4da7e1995a2d328b304c58b0d3f6f71d817c0eeb,known_prior_history,0.7111,11.1.0
5597d3abdba265df,data/images/canonical/5597d3abdba265df.png,21475654207b4a2ab8eeaafbda50b2d5cdca7e5ef7703023f26a989568c304db,final_transform,1.0,11.1.0
559afce6599b3a2a,data/images/canonical/559afce6599b3a2a.png,8e7fb7954762eea07612118565fec922267a88173d1a531f9ba58f122e446942,final_transform,0.5,11.1.0
55ccf00b74d3a548,data/images/canonical/55ccf00b74d3a548.png,5113af26621e536393aa7ef644153e1a7c3a79e990384dbf76fd9abdf626b910,final_transform,0.5,11.1.0
55e460860ccd8eb3,data/images/canonical/55e460860ccd8eb3.png,1a16c7f3313a39a382f49dd131b133904cf1ef2175b1013698d329ac2b9ac1e6,final_transform,0.5,11.1.0
56143e9dd258459e,data/images/canonical/56143e9dd258459e.png,03be85347bc6f2da3d7ab4432c5016b92db4722b63c5720f125702dd2e2c9d97,final_transform,1.0,11.1.0
562cf48cd4ed1a66,data/images/canonical/562cf48cd4ed1a66.png,0d1b15d53cd12eefeecda807744a524f61574ae4c66ca611006a16c1c9368e7a,known_prior_history,0.9481,11.1.0
5641bd5f2f00d538,data/images/canonical/5641bd5f2f00d538.png,1a1b20ddf2111218a8eb498c1bfadc95a2673aa84726eb0f3fc5259b9c6698eb,final_transform,1.0,11.1.0
5655cd5eb9f4dab6,data/images/canonical/5655cd5eb9f4dab6.png,8ea12360a8e03c96e039ce57dedda6563a4ff1328a96e9b504cbb16eaafcd14b,known_prior_history,0.6827,11.1.0
566a45091754fe45,data/images/canonical/566a45091754fe45.png,84a332a6013660f5ca5938580b575478f8e74ab087b149b80986f4ab6d35179b,final_transform,1.0,11.1.0
5687bb23b4d45439,data/images/canonical/5687bb23b4d45439.png,a416c2d8555590a612da4593b632ea2afaacc0b09eabb60b3f3190d58ff0d520,final_transform,2.0,11.1.0
56a4be008af39e2d,data/images/canonical/56a4be008af39e2d.png,930b67efbecd20350575c0e1a263b8b8cbea94ef3df85e97abd60086ddb87b7a,final_transform,1.0,11.1.0
56c657603bcc638f,data/images/canonical/56c657603bcc638f.png,bbc1a0c73ebcfbfec28fedd8f19ea4b97237674a11055f07d39c27e499c4f0b8,known_prior_history,0.5203,11.1.0
56ecf0086ba1f564,data/images/canonical/56ecf0086ba1f564.png,33a6385cda2c066551ca6bcebe2e374f9141574884c43bcafbae13e49d3e1d41,final_transform,0.5,11.1.0
56f2a6323004cb81,data/images/canonical/56f2a6323004cb81.png,3c883562816a5818a14cf2285c1bba1898fe5c602f90497ec82998a2da32eb2b,known_prior_history,0.6321,11.1.0
570defc7b82cca6e,data/images/canonical/570defc7b82cca6e.png,9205e6ed68f45ee100501f6d02bf25dbaf3d0bf99723307b7bbce09ca5688903,known_prior_history,0.6827,11.1.0
573039ee573e20c4,data/images/canonical/573039ee573e20c4.png,e94f6c8732809f816bcd71e24e032028f84fc345fd11c83bd12a2cedbec84576,known_prior_history,0.6827,11.1.0
573079c81899687a,data/images/canonical/573079c81899687a.png,f727d2b775f3d53f15ea73c4887277c198b65d6154a2b2a21d44f97954180172,final_transform,2.0,11.1.0
5736c620b952c49a,data/images/canonical/5736c620b952c49a.png,60cd3583763b84b6db3c80de325531635172b79284765eca9ac5d5888e7da2f9,known_prior_history,0.8258,11.1.0
5763d681d1b06188,data/images/canonical/5763d681d1b06188.png,28301976135fb2b3e18459b82fbec6ecbe0d81c71a32a76a3befbcaa5eb12e53,known_prior_history,0.6514,11.1.0
5794d0ac39152c6c,data/images/canonical/5794d0ac39152c6c.png,189622e79b9c53d1ec7bc854b39a3002312375ccca39b4b4a1128c2d28ad91e3,known_prior_history,0.6827,11.1.0
57a9a85688e397c2,data/images/canonical/57a9a85688e397c2.png,147c69152254cb0176f04729f33073856fe20fac0fe07fbb162f83f6a3080e87,known_prior_history,0.9176,11.1.0
57bc131ae24a609b,data/images/canonical/57bc131ae24a609b.png,24489d0fcc75d0c49e50c1194cd2660a6277dacf185bebde6565b9938d4f6f58,known_prior_history,0.5926,11.1.0
57cc3aad2eb5aa7e,data/images/canonical/57cc3aad2eb5aa7e.png,c48bf12ec6f94d10a885e520b48c0a724f76493685bfa35df4a3452aba1e640e,known_prior_history,0.6827,11.1.0
57ef2eeb39458dc4,data/images/canonical/57ef2eeb39458dc4.png,9578e8516e7be2f18fa50d0d93ca6a58274d565dc3f92d3201921da2adcb4868,final_transform,1.0,11.1.0
581783878a990b1e,data/images/canonical/581783878a990b1e.png,7a909380b3eebf4dbdac7df5aa5c190b5698ad599f9ddd55d1bd5ee6a9c4f92c,known_prior_history,0.6827,11.1.0
58242b3e8c037ab5,data/images/canonical/58242b3e8c037ab5.png,81ccb274dbd964c985ebe1a289793ae690252f366847b1eefd6d725cd4ca8c4a,known_prior_history,0.5494,11.1.0
5827c1b20e7a04d9,data/images/canonical/5827c1b20e7a04d9.png,acd4642ee68a4013e93adbb6e5863221b7bf5f1e2d95d5dd0bd07792d58f0f72,final_transform,0.5,11.1.0
584cb04329efb958,data/images/canonical/584cb04329efb958.png,fc2a99ab94db0a0fd8dea7f6c84529d90af57071b0ff44c8a0d4d2898d29998f,known_prior_history,0.6384,11.1.0
586e2aa0f0340ff0,data/images/canonical/586e2aa0f0340ff0.png,e30a521c35069cfc9384afae83a1f301b0628b3a9e7826e4f49b3dfff6dfd3b2,final_transform,0.5,11.1.0
5875c67d35aa4b8f,data/images/canonical/5875c67d35aa4b8f.png,bee4a7445214097d1dc94ac6fe71104b4b94ba13bb0f1948e2c1bcbdabc763a9,final_transform,2.0,11.1.0
587bfd8484a4d71f,data/images/canonical/587bfd8484a4d71f.png,d98e8f201418a1ef928e683d9564ed1ab993ee1423d9b0e5ba5a0d6425df0f29,known_prior_history,0.6827,11.1.0
58dbea9739e7ba82,data/images/canonical/58dbea9739e7ba82.png,de134fe23072eae6fdbf414c1b39146fe74bfedcf79bbb2824bb8b515d9aaef7,final_transform,2.0,11.1.0
5900ac1d972b1ae3,data/images/canonical/5900ac1d972b1ae3.png,a5061857576482fa845679de8a3cfde4cc430357878708cfbd2dc4d7d2f53993,known_prior_history,0.6827,11.1.0
5906d4f59785da62,data/images/canonical/5906d4f59785da62.png,4bcbae92cff9e67154ca4de9d997ae46a480e552dd5685828f714dec64801e2a,final_transform,0.5,11.1.0
591119728fae4d6d,data/images/canonical/591119728fae4d6d.png,79fcb7cff17255888ae8571646679f9652d06b7e5977aba63720982cdf7cd75c,final_transform,1.0,11.1.0
5921651420060018,data/images/canonical/5921651420060018.png,32016388b5bfb22cfdd0fdf8cf9b16d33aaa09d0c34861b031a69137af1689cc,final_transform,0.5,11.1.0
593ba7225285ab56,data/images/canonical/593ba7225285ab56.png,25808a2150487dde76416f3ac08237e26a62f435dbc62adc7c19741d317770db,final_transform,0.5,11.1.0
594fbc16a031430d,data/images/canonical/594fbc16a031430d.png,e5997775f1456309d9693ad13daa2ca2c064c44b19844e318705192e3e56bf05,final_transform,1.0,11.1.0
5974507b0573d114,data/images/canonical/5974507b0573d114.png,6778a71bb9ef19b34e2f22c087349ac332129dd3b6ffabf0bc591c2c9d94f68b,known_prior_history,0.6827,11.1.0
597a6cb3e39abc81,data/images/canonical/597a6cb3e39abc81.png,839942111452390cdff9e64bc62f7cc0c48d9bf64d3e66c6ed1816f807d9b281,final_transform,1.0,11.1.0
598ac3ea6288c745,data/images/canonical/598ac3ea6288c745.png,7c9454f6586c0fa59b6ccfd859872451b28ab47737a34623715d90aa325e35ca,final_transform,1.0,11.1.0
59ba98c97d37e4f1,data/images/canonical/59ba98c97d37e4f1.png,848aca38943dee068b97efa0bc9913c27e66e66596de98ae176d979d91aa487c,known_prior_history,0.6827,11.1.0
59e3de2d90a1c13b,data/images/canonical/59e3de2d90a1c13b.png,b1cbfa7c2cf6b3b23a91df45b746114a4d846bb992d756584dbcddd2877cb444,final_transform,2.0,11.1.0
59eed3583214ccb3,data/images/canonical/59eed3583214ccb3.png,4591f662b35c4fd8123ea9ae4eb8e846c9c5b929f304cf78b13b93c8c3375fde,known_prior_history,0.5639,11.1.0
59f92af70d5292c3,data/images/canonical/59f92af70d5292c3.png,d8f9844fcd8a9eca5e6ea87366b6cadccb7a2e24daf3ee8d0f48cdf8598dd31c,final_transform,1.0,11.1.0
5a01175df458ac86,data/images/canonical/5a01175df458ac86.png,b75b262ea1726ca1456c131f5fc17e903c295c11876d6082fae86b43b91e16db,final_transform,0.5,11.1.0
5a59712764f5d259,data/images/canonical/5a59712764f5d259.png,8dc1c80d32ac54002f3e13e7a8512d0d3bb90c679810dc238508b2c924ae1803,known_prior_history,0.7171,11.1.0
5a692a9acea3fdf4,data/images/canonical/5a692a9acea3fdf4.png,eda214e6c773f947ebf05b4a56bef2a4e3f669af21ec7ede382f97d3c9aa54ef,known_prior_history,0.7665,11.1.0
5a6d7e57334057bf,data/images/canonical/5a6d7e57334057bf.png,12929b538b5efcbdb0596be2431ca3377670306cd83562cf49f78a8140edf7a3,final_transform,0.5,11.1.0
5a7c50bcdc57f2b5,data/images/canonical/5a7c50bcdc57f2b5.png,0a5790a817653562061df3619bebfd42d36b5d06d74420bde35f7b3d3047a261,final_transform,1.0,11.1.0
5a933d4e255c7fad,data/images/canonical/5a933d4e255c7fad.png,a1139c1ae59d07ef7c79d6807afd786c4eca30491137ddf6b677e3f39e1f2c29,known_prior_history,0.5333,11.1.0
5ab025bad21aed2b,data/images/canonical/5ab025bad21aed2b.png,837fbc0ed47579bb445f50860a7924729b651d86bea2dd2507ccea7bd7912e2d,final_transform,1.0,11.1.0
5ac5788c25cbdf0c,data/images/canonical/5ac5788c25cbdf0c.png,c07629ed7485b3cfc08f4b4705fb1eab0b071cc5134b0163b12bf5c33318307c,final_transform,1.0,11.1.0
5b1691a1b4678f02,data/images/canonical/5b1691a1b4678f02.png,471ddc9e787904a50453f085093143822215c46bc4e41f0e64f9102957b8c4df,known_prior_history,0.7665,11.1.0
5b1c2fe26ebeb1c9,data/images/canonical/5b1c2fe26ebeb1c9.png,b7440341bb5d27a6477f30c62e276bac0ef78007d4e8ef3aa7d1cf32f866d595,final_transform,1.0,11.1.0
5b3c36d376ad9d12,data/images/canonical/5b3c36d376ad9d12.png,c5c1a9d4070c03fa8cd67ee4443005db01ebfdc5fbc325da7b7a66ab8a74a57d,final_transform,1.0,11.1.0
5b766aabebd03dae,data/images/canonical/5b766aabebd03dae.png,e067204f619427ef014aa1cb2226fa93a8d556b9080e51acf12730c448eabcdc,final_transform,1.0,11.1.0
5ba2ec9091065a7b,data/images/canonical/5ba2ec9091065a7b.png,df79165cd8bd7096f39fb737bac0a88d947c1955ffbe7bb6e99e1070169d361d,final_transform,2.0,11.1.0
5bc94e54196669ee,data/images/canonical/5bc94e54196669ee.png,135af4e8e23168b5a048932d1f394c3dd56001c605d10b5eee54963c22705d44,known_prior_history,0.8,11.1.0
5bca5720e11ea76e,data/images/canonical/5bca5720e11ea76e.png,6e15e21110028302eff8fea872791c0dd986e88ad67ed16d1a6008ee5440dc9c,final_transform,2.0,11.1.0
5bca61305751cefb,data/images/canonical/5bca61305751cefb.png,0654ab443b9224afdaf9da15afea1656cd0b7dbe01dc43186f0475f0cc99e7f1,final_transform,1.0,11.1.0
5bd1ecacdbf924d8,data/images/canonical/5bd1ecacdbf924d8.png,8a963f2ed222d49e8e4f78b41b0b9691ea614297a6d4df38e8048c8df4bcdae1,known_prior_history,0.6827,11.1.0
5bd8c6b0b5cf03e2,data/images/canonical/5bd8c6b0b5cf03e2.png,17717d038be811ff1602b10f100761a3b6cbcc84d9e37afff2f169ec64c1d477,final_transform,2.0,11.1.0
5be44ffadaca026b,data/images/canonical/5be44ffadaca026b.png,f380e6032910e809b28fb09544a2e026c8c4fe5d8071c26e8c89f78c1d0a1f79,known_prior_history,0.5565,11.1.0
5bf525382a073422,data/images/canonical/5bf525382a073422.png,4e8a0dc751a15d7c1cb00378782d872b941660fc0624db09896379f1a69bbe97,known_prior_history,0.6827,11.1.0
5c0ed04184df1804,data/images/canonical/5c0ed04184df1804.png,94c471bf503950856c7f3beebb3a8509714cb5ecd7e45e0824817cc2d05b256a,final_transform,2.0,11.1.0
5c148709d9153ded,data/images/canonical/5c148709d9153ded.png,3be4f21f1b850bbded662bb118aaed3c5635ecdfd5dec7930d372c7a7b192661,final_transform,1.0,11.1.0
5c158b7c5f88fb8b,data/images/canonical/5c158b7c5f88fb8b.png,b398530389f70b565393dfd69f87713fa2dd0fb0a18c676342ae4c435fb61ad1,final_transform,2.0,11.1.0
5c5a17b447fdc32f,data/images/canonical/5c5a17b447fdc32f.png,4c1d983fd84bdcff0667c4675f1d6730a12a80a6aa7abdb39b3d2e781d2ba6ef,final_transform,0.5,11.1.0
5c6a37b7252fb8be,data/images/canonical/5c6a37b7252fb8be.png,2fd9000cbf9545b0be89d1be7a835b71cf99872598db3a6c0e0de177b0ba3dae,final_transform,0.5,11.1.0
5c73251065e8df75,data/images/canonical/5c73251065e8df75.png,940f4d26a582e7076ab97758e6b6a59b04bb1d80c327787da08ce6b943826e56,known_prior_history,0.7665,11.1.0
5ca9956e8fe72201,data/images/canonical/5ca9956e8fe72201.png,fac4f539c98b92f3a6506616ed62bd49982fd74a6f15e37c4c0ef9885c7a4a1e,final_transform,0.5,11.1.0
5cbcde43b720e8c3,data/images/canonical/5cbcde43b720e8c3.png,1ac363913e0d9c5d690b458dd213034ea3422c571a73d0bb5a0ae2a13a8745d6,final_transform,0.5,11.1.0
5d02f4e0ba4cf193,data/images/canonical/5d02f4e0ba4cf193.png,d919def4867d5d35d0e151d14f52e83e6672dc6bf858d586a6783ec025e98116,final_transform,0.5,11.1.0
5d0310f0f916911c,data/images/canonical/5d0310f0f916911c.png,96bd976f2d95c53929a0ad5bbe79f78567fd425f4f61e258ce566e0630539aba,final_transform,0.5,11.1.0
5d3c6649388f0e3e,data/images/canonical/5d3c6649388f0e3e.png,7f133a8344542144b50cad31c004feb0ade769a7cb27137a2ce454f1c0670625,final_transform,0.5,11.1.0
5d67ce51b7a6b2b7,data/images/canonical/5d67ce51b7a6b2b7.png,8ff61b8069cd55632a9540e1f0e83dd03d54c9a9af0c091915876d11e05f74c2,final_transform,0.5,11.1.0
5d6a8946631e39d1,data/images/canonical/5d6a8946631e39d1.png,486c885339199886a23532217dcf41ec225226fe3e63b82f15025c12d680f7a2,final_transform,1.0,11.1.0
5d6aac60f674956a,data/images/canonical/5d6aac60f674956a.png,e6841f878638a5c124329f779681fb9a435b03b3f1f974fd1c7375652924cab9,known_prior_history,0.6827,11.1.0
5d7fee02469b18e6,data/images/canonical/5d7fee02469b18e6.png,2541d3f633967232b125fb6d0bfb7f1085d1e9d7d8f622498153b1dd9736c123,known_prior_history,0.7688,11.1.0
5d821ea19ee0a589,data/images/canonical/5d821ea19ee0a589.png,a04fb43a70a3fe0ef07eb8a1144b4b850f849955f8c62ed67267bae2ab74bc8c,known_prior_history,0.3333,11.1.0
5d9dc452ddc441d1,data/images/canonical/5d9dc452ddc441d1.png,afcd056a9bb17bb6e9d89dd19e401c65943ae3adbfe08e2a87f30bbe9cbdaee4,final_transform,1.0,11.1.0
5db89a0a3d250f0c,data/images/canonical/5db89a0a3d250f0c.png,bcb651c6e032e3f8190fc740a15de6c0745f50319e2982b5ae007a386706d883,known_prior_history,0.261,11.1.0
5de93fd71e51d16d,data/images/canonical/5de93fd71e51d16d.png,97b593fb4e93aa94dddbbbdf937a7370d549a7e070191b77fe053ba72c472e60,final_transform,0.5,11.1.0
5e41ea4911b5fd01,data/images/canonical/5e41ea4911b5fd01.png,697b8f10da9a37eb72ed46ec8a17b3cd8e11815694ff50335d1cca2ef78d3254,known_prior_history,0.742,11.1.0
5e65701889b93c77,data/images/canonical/5e65701889b93c77.png,c86216d87b54de701ae037477bc92cf5d1aa0764734f298f04f129998a5603b5,final_transform,1.0,11.1.0
5e897b69db8da40a,data/images/canonical/5e897b69db8da40a.png,992c5152b8f8280a9990c2f3d54f3a0b4ebf716db7a82ad0a3ca7d4d41b3e5db,final_transform,2.0,11.1.0
5eb91c3a48671d40,data/images/canonical/5eb91c3a48671d40.png,034ac6570b4033dbd5dd366755664f899e3379c8757371d6b4460a45fe114cc1,final_transform,0.5,11.1.0
5ee7e1a50614c3b8,data/images/canonical/5ee7e1a50614c3b8.png,a2cd2de4b27669ac2f163a7c992cc08dd0fa650a1f4d6d46a9039e6f4004eb63,final_transform,1.0,11.1.0
5ee8815385426b9d,data/images/canonical/5ee8815385426b9d.png,442f10acdbc48181f7bed5df03bacae6676419b2186a0e9543139604b4fe2d23,known_prior_history,0.6845,11.1.0
5f058db105fddc07,data/images/canonical/5f058db105fddc07.png,8a6cf8674661449bed2c0a469977c912997360a62900cf1ff3d88bb3474f147f,final_transform,1.0,11.1.0
5f171a8c16a6b60c,data/images/canonical/5f171a8c16a6b60c.png,2ef135d553b66b602d4a982c39a142dcba3495b22da70baea2d8413b8d355c61,final_transform,1.0,11.1.0
5f211bfef021bbb4,data/images/canonical/5f211bfef021bbb4.png,4b3251cf806beb5be67f2a8f6aa61a149526da206dd1137a0d7ec548150b5f60,final_transform,0.5,11.1.0
5f2797da02960136,data/images/canonical/5f2797da02960136.png,11b7b121363d336beb9eb1391622410406f86233355add571667703678c11f8c,final_transform,0.5,11.1.0
5f4ceee471840ade,data/images/canonical/5f4ceee471840ade.png,c730d9cc332bc79291b58495b806e7f10c38a49a867004d2563ebeba44121ef2,known_prior_history,0.6827,11.1.0
5f5841357f49fcb9,data/images/canonical/5f5841357f49fcb9.png,2283c2b85d7cb4ab265d8a3ecd7620948b6203e0b24bcf69f9ed79063760c7c3,final_transform,1.0,11.1.0
5f61a921bf0bc246,data/images/canonical/5f61a921bf0bc246.png,ae52a985d9687834617abd87887d95bec78fd4a3be411f7d28e8b4804a35f239,known_prior_history,0.6827,11.1.0
5f7afb52cfbd0cd0,data/images/canonical/5f7afb52cfbd0cd0.png,32a265b70aa2e60d5448c426630941544a7a43d9477e593d4ed3a55d2252c49b,known_prior_history,0.6827,11.1.0
5f7dc110c608dfe1,data/images/canonical/5f7dc110c608dfe1.png,67e43c9915a62b8de17cfbe6e7b319e180e94850321a3f272a071537ff58dca3,known_prior_history,0.4281,11.1.0
5f932094bfed4250,data/images/canonical/5f932094bfed4250.png,fb92cb697125205d9eec78b33c5d6fd95367aff2c5bf33c56e73af75ccac2f1a,final_transform,2.0,11.1.0
5f9a2c34132711b2,data/images/canonical/5f9a2c34132711b2.png,7eb3ccc558aad12f23d91deda864cd4d569e97c717100636bd84f5a121d7a0d9,known_prior_history,0.6827,11.1.0
5fd4ae1fcf627cd2,data/images/canonical/5fd4ae1fcf627cd2.png,92752673261c46c7ee3048749f47716fc850a61e0aa569757a0f1d4eeb6cbaf9,final_transform,2.0,11.1.0
5fdc5223c4464933,data/images/canonical/5fdc5223c4464933.png,22757ed45c0c077db240522ef48901ca9c2716ec50cd596280592e4580726f5e,final_transform,2.0,11.1.0
5ff2294e12bb7fe1,data/images/canonical/5ff2294e12bb7fe1.png,320b57f10d0d5d27c266943225087e75e421acf2999b8b9de1623465b0c3c2c1,known_prior_history,1.28,11.1.0
5ff5beff817132cc,data/images/canonical/5ff5beff817132cc.png,8ba947e3596823ed3784856d3bc132d9db526a33a079986dbe3d448ed3117ea9,final_transform,0.5,11.1.0
5ff8319748eaf6fa,data/images/canonical/5ff8319748eaf6fa.png,1cdbf6d7b8161d3f590f4bd6ab86becf87f0ae5e8c4a067758a0eb4d4cc5044c,known_prior_history,0.5676,11.1.0
5ffed9ff3bec5d68,data/images/canonical/5ffed9ff3bec5d68.png,bf99469ba7630f11673e4cce21006d9fc68333f57c71f05526bf77cd0fc77893,known_prior_history,0.6827,11.1.0
60178284e45fc671,data/images/canonical/60178284e45fc671.png,2a9b078002478272902cd816083bcb36a494d7c528c3c3ea70cc85270d59b39c,final_transform,0.5,11.1.0
6017d85cefaa771a,data/images/canonical/6017d85cefaa771a.png,e138dd76b26cf1d9d1ebb698f05285f032f76d8441caeb282b26d3ce333a0a55,known_prior_history,0.5872,11.1.0
6041feb5a4c251ca,data/images/canonical/6041feb5a4c251ca.png,cb904a40a6e5c9a5699623a05228ad98a452cb263eb14355d993f825d4a7904e,known_prior_history,0.4267,11.1.0
604348f3f5c35c63,data/images/canonical/604348f3f5c35c63.png,0441883edb18dfe5fd1361e3966476eda28b6a49bc705f03a85ba08bd49c9314,known_prior_history,0.6827,11.1.0
60d0ea628a1a2e2c,data/images/canonical/60d0ea628a1a2e2c.png,48320d620d9ede786e73774ad37fd4fbfaab64d5dd1d86cda63a5e4c8cb35f01,known_prior_history,0.6481,11.1.0
60ecf90574ae26cd,data/images/canonical/60ecf90574ae26cd.png,bec98bcd8b06b41518fd04a46e95f37e5aba4f24cbabe09eeb995282610e18fe,final_transform,0.5,11.1.0
60fbfe57a4e728e3,data/images/canonical/60fbfe57a4e728e3.png,744870855d1ff141a629d63ec6c50fdc272cd4647e8b73181684f6c562b51cbe,known_prior_history,1.1636,11.1.0
61025edb8df4898a,data/images/canonical/61025edb8df4898a.png,93f761bf60443598c29255a51d3599c865e5d736360d7dade7570ae4b0bf0faf,known_prior_history,0.6124,11.1.0
612c4108065cd160,data/images/canonical/612c4108065cd160.png,7023a642ec2bfa5e597e979ce75d7d63db14cf91fb668e8f9154bbcfc7f08ff4,final_transform,1.0,11.1.0
6133c7bb100825c2,data/images/canonical/6133c7bb100825c2.png,b92025af4bc96552cc10ed8074f96a388c4981ca072a0cec62f8f82eba79e04f,final_transform,0.5,11.1.0
613d12daa1a776fd,data/images/canonical/613d12daa1a776fd.png,c173682226963c0216127ed7c8f6c68e5698c5687a722188af459725e7732157,final_transform,1.0,11.1.0
61627b4d81848292,data/images/canonical/61627b4d81848292.png,27665935bb4a07534e2448f3afe1b4cceba7f190046a40afe434bf0604273d07,known_prior_history,0.2899,11.1.0
61897897670e41d2,data/images/canonical/61897897670e41d2.png,7052b1baae8d572271d940fa05bf4b9b5cd19cf0a75f51051f8a13416d1c8da3,final_transform,0.5,11.1.0
61adac61884a7775,data/images/canonical/61adac61884a7775.png,5d811e148bb2394b59b0178d0f30438d498632a10fee78e51b75b679daf92a67,known_prior_history,0.6275,11.1.0
61ca5af324fc2c5b,data/images/canonical/61ca5af324fc2c5b.png,cfb271d832ee9f24755068739d96f436cfb31f44f4d58c4a9e77d3863423767e,known_prior_history,0.7642,11.1.0
6203e34a6232babc,data/images/canonical/6203e34a6232babc.png,b575434e8c8bac3f0b31170bd11221e9399e63e16db710acf6e9f13cf827d448,known_prior_history,0.6827,11.1.0
6223757eb381d264,data/images/canonical/6223757eb381d264.png,0b755b5ba22cac6c2d8959805830322e6fc5e76aca94da99003c38a1fff93aea,known_prior_history,0.6827,11.1.0
6233c7421cad980e,data/images/canonical/6233c7421cad980e.png,056aa4cc30501fa7c27cbb96e2bd6cfc61ab3b0a1d86b7c1005a8182f1410518,known_prior_history,0.6827,11.1.0
6234d329f6bade72,data/images/canonical/6234d329f6bade72.png,8f99c50b14fe6af9f8328042aeeaab2dc6bfd91ee9ca6ad259d4fd36d19d6219,known_prior_history,0.6827,11.1.0
625ed4789e5165cc,data/images/canonical/625ed4789e5165cc.png,d0631323ca670b4da3360851223f8ef1de166794e63008dfd5ecf1b10ccbb26f,known_prior_history,0.5224,11.1.0
62651418fa8615c7,data/images/canonical/62651418fa8615c7.png,9ccaf6be8b84783c436a140882c1f65b722b79c75b006d27ab79fe2c7eaf215e,final_transform,0.5,11.1.0
626a49614ed47df2,data/images/canonical/626a49614ed47df2.png,a88bf8c1daeb1aab03d4789ec1e01a38a9a948b94f3e6174d914bf265b6b489d,final_transform,0.5,11.1.0
62732a75c0935190,data/images/canonical/62732a75c0935190.png,9b556cb39a1d9da7bc8c050b5c763729d3e5167a2a523230077915fbfb8adbdb,known_prior_history,0.6154,11.1.0
629f603901ca82a6,data/images/canonical/629f603901ca82a6.png,72b7fe74ef6f3e3ba060ffffc41fd0105f6e4631938654ca353d07994cc8dcfa,final_transform,0.5,11.1.0
62c0151406564bb9,data/images/canonical/62c0151406564bb9.png,45d82f10f313c128cfe6efb173a5d2c2c10ea535356b446044367f7cfdf2eb84,known_prior_history,1.0199,11.1.0
62d01493a77b8124,data/images/canonical/62d01493a77b8124.png,1b90d12bde7bc621b19ce01b80896435763fac64e9a2446a42e685f1a615cb2e,known_prior_history,0.512,11.1.0
62d1cfdf970a4881,data/images/canonical/62d1cfdf970a4881.png,0c4fbc44f13353fbd9e6b35994f59f5eb9a070412fc983bc4874981728046955,known_prior_history,0.911,11.1.0
62e78e2778c7fd04,data/images/canonical/62e78e2778c7fd04.png,84c0da0586a232bd503e51334dbce93ceeb2bb90262430aa50ba423fa303f6f8,known_prior_history,0.6667,11.1.0
62ed2b0c5bd212d0,data/images/canonical/62ed2b0c5bd212d0.png,f9e636ffc00d6290934f19b89b4f5fd9a7e277455af48e99cb6d017fe60b64e2,known_prior_history,0.6827,11.1.0
636bcc31b64e944d,data/images/canonical/636bcc31b64e944d.png,ab423feece1695c1e55e0a6a417cc3664555b59a8947433f31a32f66c9fc0c0f,final_transform,0.5,11.1.0
637a89ed8eced157,data/images/canonical/637a89ed8eced157.png,f926984aa3d1edfad3223826dc4101b48cc12ae4b06155a3897995d3c8b854da,final_transform,0.5,11.1.0
6387bff530189780,data/images/canonical/6387bff530189780.png,6166e33b8cb9408a69ba493131d3bbea3e029a2a47ecf0373014e26fe7017e91,known_prior_history,0.7688,11.1.0
6390639148579f99,data/images/canonical/6390639148579f99.png,afe8b56d5eecb580052f934ba20c38d180ea8486ba70e8c427c1fa653b210663,known_prior_history,0.6827,11.1.0
63cb08772a4ea60a,data/images/canonical/63cb08772a4ea60a.png,5612daa27a006afc2d97b4ae1abd1c88e44225a16ebba6df62e874908aa811ca,known_prior_history,0.7111,11.1.0
63e7570d9b2a9537,data/images/canonical/63e7570d9b2a9537.png,054c5b30758119f8ead01cc9eb1d881f2eadf8cad48cf08858166a230bb37f04,known_prior_history,0.6827,11.1.0
63e7c31c5889fec1,data/images/canonical/63e7c31c5889fec1.png,b5cebdc541e0d663249cd5cb67da6386847f248a774da56bee260ca4c72be2a1,known_prior_history,0.6827,11.1.0
63efc1e059bc5edb,data/images/canonical/63efc1e059bc5edb.png,c785803202c6be09303075e3b452aeaeb561814f0e2c1a0d1722f8323f078ca9,final_transform,1.0,11.1.0
63f58e34a90a4fb3,data/images/canonical/63f58e34a90a4fb3.png,9f02f68bed9fbabe013a19ed8605dd54807c96f7fac94f8a90bf597411dca957,final_transform,0.5,11.1.0
63fa5be9a531c602,data/images/canonical/63fa5be9a531c602.png,3aba1765c02071041c46a9215b3c3068cd87a799157779efd8410c2194a62a96,final_transform,2.0,11.1.0
6406e68c6974c110,data/images/canonical/6406e68c6974c110.png,96188aca2a4e6f78c3a39e780d3779f36a278cc59a3d5ee6aa0cbeef5f251972,final_transform,1.0,11.1.0
64397e9f4c871b08,data/images/canonical/64397e9f4c871b08.png,ab4c1bc91055a93edf8f3d8f23208567f0eea396e6b997c18e6fba9f26e418ad,known_prior_history,0.6827,11.1.0
64728a7f531c5c93,data/images/canonical/64728a7f531c5c93.png,95997c98307c0828ee8bfe1697ee659e51d56de2b6b6958e5c10be907ff0412b,final_transform,0.5,11.1.0
6499e306c575b024,data/images/canonical/6499e306c575b024.png,744bb3d9c50cab372830d5bebfba0dfe008b0294375dd00a6e4d3887adb46fda,final_transform,1.0,11.1.0
64ac549f171d2e0a,data/images/canonical/64ac549f171d2e0a.png,410e66645a675981c7ada684715682d296b3707d16238a5992352bb98f2f7f9a,final_transform,1.0,11.1.0
64b4c1592f00c4b7,data/images/canonical/64b4c1592f00c4b7.png,0c295d708bf018d0e2de6c2f8132bc3fe37129470d3af5a320812266908e3458,final_transform,2.0,11.1.0
64c8752943b2d6b4,data/images/canonical/64c8752943b2d6b4.png,a806fe78940b781340c692947c265ab5b86fdf97caec5e047239c1d92f06db3c,known_prior_history,0.7574,11.1.0
64eededf797f57e3,data/images/canonical/64eededf797f57e3.png,df63e5e81cdbd3cb0746ab9cf79110f5c730dcd1134e68eca26652f73a1f0624,known_prior_history,0.6632,11.1.0
652622fc0a4f1b32,data/images/canonical/652622fc0a4f1b32.png,e6b8dd0a1362901327bba83c9c94c4851b82098232911c97524d271e7d213d9a,known_prior_history,0.6827,11.1.0
6535d3d74b56575e,data/images/canonical/6535d3d74b56575e.png,bbc7d6dd2dde4575207e8ccd58e03990b9e030a800c54039c723b80e6af015c5,final_transform,1.0,11.1.0
65372f2ea37618b4,data/images/canonical/65372f2ea37618b4.png,814175b653f861c95edd1356238161a3dcb09c402ab08f6faec8240b5b93adb5,final_transform,0.5,11.1.0
653bb1cef7b3e9c3,data/images/canonical/653bb1cef7b3e9c3.png,a65ef6e2d1e9ee5af3375134fcfe5156e7d177fd1f86d6fbcfc1516f4a7b9c98,known_prior_history,0.7711,11.1.0
654346d56fd9a426,data/images/canonical/654346d56fd9a426.png,a21379c09e0d6e9b1459b562ae5ff9a003ccbb2ad5400a9426916f0d2480685c,final_transform,2.0,11.1.0
654650cb4277cd51,data/images/canonical/654650cb4277cd51.png,05cc0dee080fac8be134053f120093a568ef138351febfd9e6aa3cf17ad818d9,known_prior_history,0.6827,11.1.0
6551d4d507c2040b,data/images/canonical/6551d4d507c2040b.png,8edb32dce71e9eaed33fa32b3023c50991b22c3ad4b6b2927c0c0e90287fcb18,known_prior_history,0.7642,11.1.0
65606406ca326c58,data/images/canonical/65606406ca326c58.png,6a7b8075b7d61e72459255e0757b65ef635eadbd8743b112e5ddf3d3f716818f,known_prior_history,0.6827,11.1.0
656a0a0eab56cbef,data/images/canonical/656a0a0eab56cbef.png,adcc6c69249966aa741fc93d06bbd72695432e91dc9b99eb72d0a0431afd5c89,final_transform,1.0,11.1.0
658ac0d7e08f5c37,data/images/canonical/658ac0d7e08f5c37.png,a1b77239c0693a5ad3d29d65537f41a6b77c4ce8412be6898ea46d65db9e8c32,known_prior_history,0.7688,11.1.0
65b7c39a805af8b6,data/images/canonical/65b7c39a805af8b6.png,4a95c81403b05c83b94fc0788b5c998ea439c1f6a812a0aa99f5e004db1b9974,final_transform,2.0,11.1.0
65f895f82b1fdcbf,data/images/canonical/65f895f82b1fdcbf.png,e5ee7e59d55b407fb54e107fb763011e1c0d007b507bcc9dc0073680be48c02c,final_transform,2.0,11.1.0
65fb7bf923968d69,data/images/canonical/65fb7bf923968d69.png,916cf6cce4bd764984a3ac0afccb964004c85eedcbe0849be5eea503ac1e1680,final_transform,1.0,11.1.0
66453ed1ff3002a6,data/images/canonical/66453ed1ff3002a6.png,2e72e754c8e4d6cada5e352603493b38c15bb13695fbbfe1800194c94f756104,final_transform,0.5,11.1.0
668ff4db283f15ef,data/images/canonical/668ff4db283f15ef.png,e8cb048aa9356cb99502fd33c761284d60372cdb09bd16cc7caecafcabf2518c,final_transform,2.0,11.1.0
66ca8af3f0bfe816,data/images/canonical/66ca8af3f0bfe816.png,fe4f03a5a02e0628a23666b2748f5388b75b9f9d8ba8d8270ed88a321095e113,known_prior_history,2.56,11.1.0
66d100864f984bfe,data/images/canonical/66d100864f984bfe.png,17ed59c5e942395b752d27571804e1a25b8c03f3d5ce930d1247f90b098bad89,final_transform,2.0,11.1.0
66df8b511fe8ef9f,data/images/canonical/66df8b511fe8ef9f.png,841797faad4175e1e3279f634fd7599ec5172a1fc0cab35515505ae0743fa912,final_transform,0.5,11.1.0
671812434c8bddef,data/images/canonical/671812434c8bddef.png,a85f281017f2315d85098f0fb1fd8b6487b23d0143cd73d2d30a3f7be20fc5c8,final_transform,0.5,11.1.0
671ca4fa12ffe584,data/images/canonical/671ca4fa12ffe584.png,bc601c7898920b6401180af82da37de151e3196250999c76e29509d15b60a0da,known_prior_history,0.742,11.1.0
67205fb639bfd3c9,data/images/canonical/67205fb639bfd3c9.png,b3f50713288bbd926913dac8e7639a9abe66098add4d07660fef2dc070613e8e,final_transform,1.0,11.1.0
673925dc8abe13c7,data/images/canonical/673925dc8abe13c7.png,22221baf5e99b60f93611f8e7f2ca96515e85a4d3d06708a05149bd82fab7ad0,final_transform,2.0,11.1.0
67394f5af8d5cf7b,data/images/canonical/67394f5af8d5cf7b.png,5f4efcddce226fcb227d441ee5f42b99edf56057b4b3b324735c9fc733009934,final_transform,1.0,11.1.0
673a1de7ce67968f,data/images/canonical/673a1de7ce67968f.png,d54b0ae4fb6f9ee03d27e8ab789fe8684c71d8522528233721b55d84f0d53971,known_prior_history,0.7688,11.1.0
67461f7d9d8990aa,data/images/canonical/67461f7d9d8990aa.png,2c634f7ed9b664d44f937055c9a780e79c7f232e1cbf6bdf99a7b1b1d7973e7f,final_transform,0.5,11.1.0
67519f4d6cbb7095,data/images/canonical/67519f4d6cbb7095.png,8dd2dcdc7f909af85f9cf6cc918657b7bbfdf3571f34d49376cb8d0756b880f6,final_transform,2.0,11.1.0
67a34efdba796056,data/images/canonical/67a34efdba796056.png,e4d418a72b649b816d24140dec07c5c0050559228352be518daac8886aaabb8f,final_transform,1.0,11.1.0
67a731fca40d60ab,data/images/canonical/67a731fca40d60ab.png,81799a3e95412a61bdb4aac0c5e6853256110053c2f1e6b3985fd558d10f4828,known_prior_history,0.6827,11.1.0
67d0fd5f07a0313b,data/images/canonical/67d0fd5f07a0313b.png,e5f3f60d30d95e996cf94d4b305911d3381d48d0f470b560ce4366a7e9446a02,final_transform,0.5,11.1.0
67d489dc177e3ed0,data/images/canonical/67d489dc177e3ed0.png,c1bfc35fb30b283900d4aabdab7f861b4e26160715136ab313ae6ac18f6993b8,known_prior_history,0.6827,11.1.0
67f006926630f055,data/images/canonical/67f006926630f055.png,d8f6bf95d2badb0dde87c89f754e62c97aa7095065aaacdd173f62d715afd89a,known_prior_history,0.6432,11.1.0
67f0c0d994e89d39,data/images/canonical/67f0c0d994e89d39.png,5ed876bea87dd7c796150f96ea40c5a789ec3b3abce3fa6b37cf4122c336c0f9,final_transform,2.0,11.1.0
67f5ef92439b0c99,data/images/canonical/67f5ef92439b0c99.png,469216e8309e604a51be056189d50773e37f5d50b430151720eb96baad71f321,known_prior_history,0.7688,11.1.0
680813c3ccf9b688,data/images/canonical/680813c3ccf9b688.png,4dba6d356ea01f3f4d0b30e715e229afa566c41b3f7c88752e0bcc070f58d22c,final_transform,2.0,11.1.0
680bec0fd3e13ba9,data/images/canonical/680bec0fd3e13ba9.png,1c2501076c7d4c478a26527693770ba6d7941bfee22c48bea83eafcbde761f78,final_transform,1.0,11.1.0
680c8b3c40ff92c7,data/images/canonical/680c8b3c40ff92c7.png,e400f6361ecae1233bf6036128fb2245fd8ba25f51659f5a919f654db41ba6dd,final_transform,1.0,11.1.0
68266b2b78fcd7db,data/images/canonical/68266b2b78fcd7db.png,ae26a3f58dbe5914ad5ef19c6f9a0608a01e2f2fde60c231f6c3f91f25035cc9,final_transform,2.0,11.1.0
6848292862381c92,data/images/canonical/6848292862381c92.png,0b4636c20a6dbb295b7620bcde32b2343efb8d428f3d48d634997fed367bb736,known_prior_history,0.7552,11.1.0
685ad89b0f416c53,data/images/canonical/685ad89b0f416c53.png,13519d39e86c424b79ee42e5a256ae532890b42c19b967de740bc3dc27bf2396,known_prior_history,0.6827,11.1.0
68689dc461c00553,data/images/canonical/68689dc461c00553.png,c7be1d74fa67c763246564209233d64e0af2b7eaedd121a1ea91074461082a42,final_transform,2.0,11.1.0
68a96e948d6f8022,data/images/canonical/68a96e948d6f8022.png,aee82229d05584264c316aeb7c059804286682d62e12a05ebcf7b138faa890a6,known_prior_history,0.7688,11.1.0
68c0ae79ce5078c0,data/images/canonical/68c0ae79ce5078c0.png,cec5efc2b6d9d6084af530b4c122506a3139a0d94e709ccdf1530213f8e37f4f,final_transform,1.0,11.1.0
68db5817c68d55ef,data/images/canonical/68db5817c68d55ef.png,5b4f1712447dbe7222272b408404480597523d054cac5d3903e0b23b1308f1d1,final_transform,2.0,11.1.0
68e4ce6a7cacb162,data/images/canonical/68e4ce6a7cacb162.png,4988754b3bfa30a90cf28a45f50efc6d638faf93e818f5c4f13d831c6af488ea,known_prior_history,0.6995,11.1.0
68f6146a612a72f2,data/images/canonical/68f6146a612a72f2.png,0f40fcbaaf933bf16a24dc6157bc0170d07975df803afa1c57ae49e52486cdb7,final_transform,2.0,11.1.0
691abab6e8c8fa77,data/images/canonical/691abab6e8c8fa77.png,38a3af82237acad6df9237910cfc7f5b315f9f040e37059b4af6afd4926b1d9c,known_prior_history,0.6827,11.1.0
694306075011fe26,data/images/canonical/694306075011fe26.png,a852a602c2dbd07bfad927774ff9d1ba8d61d98408326cf75c6ce7dda214be69,final_transform,0.5,11.1.0
695c2eb14381642d,data/images/canonical/695c2eb14381642d.png,5b819f8ea1683152dc799dea1857c34619fe6ffe9f079df0d08d24a673c54221,known_prior_history,0.6827,11.1.0
697144365f1aed52,data/images/canonical/697144365f1aed52.png,39368b6d0139dd4fb9966833bb85c789ef1ad045ff6c95df2141347d92c5b33f,final_transform,2.0,11.1.0
69739d88d8baf215,data/images/canonical/69739d88d8baf215.png,615135cbdf09b7c9ce22ed164db85a9e935d1439ad4d68fe09e2ab75df423592,final_transform,1.0,11.1.0
6973b68c1b0e2cb2,data/images/canonical/6973b68c1b0e2cb2.png,e57ab9cb1d71fc00b30a6210ff94ed09a6276a563e620c4abc71e64080a6e04f,known_prior_history,0.7665,11.1.0
697a037adea773f8,data/images/canonical/697a037adea773f8.png,41335b8049fc9547de61e69c1c49439fbafe87089c46adb44acd3f0dcf4493f4,final_transform,2.0,11.1.0
6980a1865ad552ab,data/images/canonical/6980a1865ad552ab.png,4043b43d109084109bfdf61f4e3eb1ba64ce65a21250ee49dd307c8f892d2a8f,known_prior_history,0.64,11.1.0
69a4dc2f49ebbe9c,data/images/canonical/69a4dc2f49ebbe9c.png,9eff602e263b627c471790aafdb5c2cd23d2c5b18972a5c7ea659e8c0e8a5301,final_transform,2.0,11.1.0
69dfc82df12522c8,data/images/canonical/69dfc82df12522c8.png,d424f8249f9719a65f4f39d151eefde69584c90001c29f33c39eec33d23ff2db,known_prior_history,0.5141,11.1.0
69e06701b2e0c724,data/images/canonical/69e06701b2e0c724.png,41788fbf07958526707bbe8f989f291c8ce377e7deff6d2b00e8b56e9c39b4e3,known_prior_history,0.5995,11.1.0
69e3f582b3745c91,data/images/canonical/69e3f582b3745c91.png,9ab2792faa3b3511b78d9ec416008eb3d007b9b4d8e8c937457ece57d7b483ec,final_transform,1.0,11.1.0
69fae69c7e63f1b8,data/images/canonical/69fae69c7e63f1b8.png,0e12d8f839daf19a1d8f47c69e9fa98dc790acf53c8d3e9b09885faf998d7187,known_prior_history,0.6827,11.1.0
6a0e2df8b72ded7c,data/images/canonical/6a0e2df8b72ded7c.png,9e50be5eda40863312cebfb61c42f84659da569ae8bdeb13e8ff121f37ad0325,final_transform,1.0,11.1.0
6a1bbbf2eeea44bb,data/images/canonical/6a1bbbf2eeea44bb.png,4c3ffa9873a46edbf892a41a67e47d7cfaa4dfe01fb22c09e1afcf658af935c9,final_transform,1.0,11.1.0
6a2ce0239a752fa4,data/images/canonical/6a2ce0239a752fa4.png,77ca21662e61d8d725e630849e0b84111a9e29be6bdd2fde80ea432d89f34ea8,known_prior_history,0.7314,11.1.0
6a3a39ed41742070,data/images/canonical/6a3a39ed41742070.png,9d7044caf0817deb723661bf4b9c48b0c52321237cb2ea345536ac5e26037430,final_transform,0.5,11.1.0
6a429d049d5e77db,data/images/canonical/6a429d049d5e77db.png,ca73b2b975fc88512749cba017ed62db412582650d1c4d1b2ec29384735a77f6,known_prior_history,0.512,11.1.0
6a8824b2aa89e9a2,data/images/canonical/6a8824b2aa89e9a2.png,1c70e64a3249394c91ee31896cb422567d71cf39df0711f84dc04e14b8966492,known_prior_history,0.5333,11.1.0
6aa84af01fd98628,data/images/canonical/6aa84af01fd98628.png,b03718b9ef1e7a1aed9d921d063ea466314482fe93aa3b1960bc228d4662a006,final_transform,0.5,11.1.0
6ab47c48459a7134,data/images/canonical/6ab47c48459a7134.png,1f972d8e13e7f16f646fdc03e7d7e00e1bd9953b85d0da607dfead2851455f6a,final_transform,1.0,11.1.0
6ac316aa0ccc9471,data/images/canonical/6ac316aa0ccc9471.png,7206e9c7643f0ca65a696d52e5f57bab5fde178cbbf816adc039f9273fbcdce5,final_transform,0.5,11.1.0
6acbc688f1c4060e,data/images/canonical/6acbc688f1c4060e.png,d7fa7f2e83ce79de09e3176a62cd55cea33be9152b3e84d9d49c04cf4125017e,known_prior_history,1.1963,11.1.0
6ad84b757567abe0,data/images/canonical/6ad84b757567abe0.png,d4df14644fe03230b76890866db36d7e4efc044680b9315cc39605df92336097,known_prior_history,0.6024,11.1.0
6aedba9a0f36cad0,data/images/canonical/6aedba9a0f36cad0.png,c93cbda61319a3964dbe1e810c2efa2f01d0c1d80329475c9b4b6060e50cd97c,known_prior_history,0.7252,11.1.0
6af52e4a41956228,data/images/canonical/6af52e4a41956228.png,f419d23091f1ae92a2ac188fdc62ceb7a548e2b83b68963ef2aaa4a2880e5b6c,final_transform,0.5,11.1.0
6b1334ecca2cf2cc,data/images/canonical/6b1334ecca2cf2cc.png,3f15cab020dadc2c75daf70f23197ab84cad12a666214b9a3f02431e2cd2474b,final_transform,2.0,11.1.0
6b2d9c452929408b,data/images/canonical/6b2d9c452929408b.png,74ae82bef00d75519beebdca7cadb86b1f36a23c55ef8e8746f4778e6aeea058,known_prior_history,0.6827,11.1.0
6b3477b30b35715f,data/images/canonical/6b3477b30b35715f.png,aaaa47fc02fe5082885138d2ef2e99dbe103c5ff80598bcfd87567d3c479e354,known_prior_history,0.6827,11.1.0
6b4bb0f5a6f7a3e8,data/images/canonical/6b4bb0f5a6f7a3e8.png,c7a235c5f906ba9edfa47d4f2dcf609ec3ee171a2608c8fbe182879ff9eca604,known_prior_history,0.7688,11.1.0
6b505e3a084684d9,data/images/canonical/6b505e3a084684d9.png,d6902dab64ecfc337da54bb8827b65435a17c1e8129de5ca9706ddc62ac04088,known_prior_history,0.7688,11.1.0
6b9e6469ff2f2896,data/images/canonical/6b9e6469ff2f2896.png,521b898f89f3f45071c7e81e17d5f7cec48956790308f4d19afc07a7ef11491f,final_transform,1.0,11.1.0
6ba775f099e281c4,data/images/canonical/6ba775f099e281c4.png,9825898fc3fc5294ba287d9324226cfed0329294b855b4b2c3a57a121f4f55c1,known_prior_history,0.5424,11.1.0
6bb9e6e87980dc72,data/images/canonical/6bb9e6e87980dc72.png,473594ce91e4035d5c85239e0295c058ebae05de446c278c01c7b0982d1a1259,final_transform,0.5,11.1.0
6bbe82089aa0cded,data/images/canonical/6bbe82089aa0cded.png,df3b390c34aa7aaca8745611b753da3548b5c4b4621c2ea197336fe4fb0bd7c7,known_prior_history,0.512,11.1.0
6bd805c73bb99920,data/images/canonical/6bd805c73bb99920.png,63eb07d90f56c619bac1f64a77cd7e09b5ff8b5f05e663695f13a4e3009ed391,final_transform,1.0,11.1.0
6be919690e91411c,data/images/canonical/6be919690e91411c.png,f0fb6290ac774b91413365562044944c1771d1ce3490b5157bdef28869c0360f,known_prior_history,0.6827,11.1.0
6c030fcf09be65ab,data/images/canonical/6c030fcf09be65ab.png,b902542153a61355ff1fd323a3041fccc8ea4484a58572e5e665afef8e132c75,known_prior_history,0.6827,11.1.0
6c14aeaea2c94167,data/images/canonical/6c14aeaea2c94167.png,aaa14d828f71ecac0d16f904846152fbfb4ec7a0f905e060a8fe488425f64fec,final_transform,1.0,11.1.0
6c1dfa721f3ff16e,data/images/canonical/6c1dfa721f3ff16e.png,848523d909d82e69b20ffba6276a1796fdca57042d94e3ebde347829f3ec394d,final_transform,2.0,11.1.0
6c66abbcf6d23c77,data/images/canonical/6c66abbcf6d23c77.png,eabb1d42dec90dc4402a848f7fd96861a6fefdf6902a353a6c7224b6a9539b38,known_prior_history,0.4741,11.1.0
6c7012ce1e8079e1,data/images/canonical/6c7012ce1e8079e1.png,483436afea1cd660371e1ba383fbd22772b52bb381ab7754740b27aae50c49b2,known_prior_history,0.5995,11.1.0
6c858685c59be627,data/images/canonical/6c858685c59be627.png,be62001947004c29f491c9185977b2625d0ec7fdb1d4516e95d7704d4e5dbf77,known_prior_history,0.6827,11.1.0
6c9445ef2ba481fc,data/images/canonical/6c9445ef2ba481fc.png,8b6a91829b611f518d72b95a0db836863e5df23358ee8bfb820782b546e15846,known_prior_history,0.69,11.1.0
6c96992dee7f0f7b,data/images/canonical/6c96992dee7f0f7b.png,f58edec098717b73ee86248dd097b16f09e15495a2ae127e99b93e852996433c,final_transform,0.5,11.1.0
6ca7bdb5cb86b939,data/images/canonical/6ca7bdb5cb86b939.png,9e8db88cafbb5bd0292e554e980d8e36c007d53ab0637d5bdb568e6e0fb1776a,final_transform,0.5,11.1.0
6cb732cb7fa6a9ce,data/images/canonical/6cb732cb7fa6a9ce.png,18543187bcf074f6677522cc3764a497b3897f97dca672982f30e0b383c32a49,final_transform,2.0,11.1.0
6cbcc13afd5528a4,data/images/canonical/6cbcc13afd5528a4.png,3e6a9ade513453119a68d8815f28675e8563d5af05ecadfc3ce119fdcd518cb3,known_prior_history,0.6827,11.1.0
6cbdd04df9cab74e,data/images/canonical/6cbdd04df9cab74e.png,b4f4a2c4922201859dcabf9197d9fa466af533f0b51585f9f28a5a9d04981162,final_transform,2.0,11.1.0
6cc8ac3e559a8f2c,data/images/canonical/6cc8ac3e559a8f2c.png,3d753fb4059569b1f0d22edd829750d99f8cee9e4a48852be3a785f353aa6084,final_transform,0.5,11.1.0
6cf0c119a3ba1e38,data/images/canonical/6cf0c119a3ba1e38.png,449823a997013ad416e3efa1725409aa9471dbb888c80b0343a8d73e99f589a5,final_transform,2.0,11.1.0
6d0dc7c79e08e38a,data/images/canonical/6d0dc7c79e08e38a.png,b6f6f725c037813d0b1213443058bc656ef0d71e597623098e51bce83d64d612,known_prior_history,0.6863,11.1.0
6d2ad61c6f1246a5,data/images/canonical/6d2ad61c6f1246a5.png,b887d33c4c8bd670f9cdadd3d97cb8101940cb962d48f390e819ba133ed52953,known_prior_history,0.6827,11.1.0
6d326d37c240846a,data/images/canonical/6d326d37c240846a.png,a6c4b7216378fb12fff7d0070f2362a269b2aec6206b4ae55822c959d25a744d,final_transform,1.0,11.1.0
6d41dabddd25a61a,data/images/canonical/6d41dabddd25a61a.png,49762c0a3e9b1b6edfa99fd9c084850408eb61ca0e4492c4c25dafdb504fce39,known_prior_history,0.6827,11.1.0
6d6f27c3fa1649e2,data/images/canonical/6d6f27c3fa1649e2.png,5de4cd17b5015b156dee02e84b055238838648164d152ba16c1c7e16223e925c,final_transform,2.0,11.1.0
6d73c7fb54ef582c,data/images/canonical/6d73c7fb54ef582c.png,8fe8d3ac02baa88dba3d626fffb4567e746f572afac7d3e5f910533391d0b865,known_prior_history,0.7688,11.1.0
6d7554c788e3e8ee,data/images/canonical/6d7554c788e3e8ee.png,04abdbcde2207d0118082c21beeeab32f9cc0075d01f723df44b76c0a03f5193,final_transform,2.0,11.1.0
6da58fdffecfa740,data/images/canonical/6da58fdffecfa740.png,b33cdb6243192578ab85f45de0dcc26259b864a75f5340bbde9693732e1ea20d,known_prior_history,0.7665,11.1.0
6df021fe77a9a2e5,data/images/canonical/6df021fe77a9a2e5.png,c72c0bdd8476ff304adc2d4432b28f3b0d57cc908bbb840d97e22179a1c13f01,known_prior_history,0.6547,11.1.0
6e0a44e818694c29,data/images/canonical/6e0a44e818694c29.png,91bd09bf6bf6c3864a1fd6c324711607d00e55d0715eacb015dc07be2a0a67c5,final_transform,2.0,11.1.0
6e0e053a8c003bd5,data/images/canonical/6e0e053a8c003bd5.png,e8cb5f8c12f9cec22fe5e0e2329b168dc0094855db38d0f1970f81a094ce886b,final_transform,0.5,11.1.0
6e106de2d6b72102,data/images/canonical/6e106de2d6b72102.png,0c322e54c61090b5c9f598e5bb8ff42e7b404e7eb8c09367643120b48348ee6f,known_prior_history,1.0667,11.1.0
6e1854238b982ac8,data/images/canonical/6e1854238b982ac8.png,1a50581a833aca9d9a7b1fade2666279e80e02539cf1ef611361a40592ec072a,final_transform,1.0,11.1.0
6e42967cb3a975b7,data/images/canonical/6e42967cb3a975b7.png,19a2b3fd924d3498a7e94ee75dda23f0cfe395f4c2d4dcc2ad1bdb7bf5aaddd8,known_prior_history,0.6827,11.1.0
6e4daad982050ce6,data/images/canonical/6e4daad982050ce6.png,95f325b7d274d15cf920a765a4c94ba99c01b7512e62361415385a4f8ba2c9cf,final_transform,1.0,11.1.0
6e5b9a7c61cc30ff,data/images/canonical/6e5b9a7c61cc30ff.png,6dcef8d3452999349e5a198b16793caf1e8b74201c5c2847135d47c632f940ff,known_prior_history,0.7688,11.1.0
6e5cf789f575af0b,data/images/canonical/6e5cf789f575af0b.png,f42f2a5826a85275601009a93162a042b1531234630a553e2e80952c8677f033,final_transform,1.0,11.1.0
6e82a517e4331a1d,data/images/canonical/6e82a517e4331a1d.png,c65a701ecfd5b0c8e13166bddcc84b4a4eeaf9a409969af701698f9fbd6b15d0,final_transform,2.0,11.1.0
6e9cf273e96d8da3,data/images/canonical/6e9cf273e96d8da3.png,795e0f148290954a1b5fbf79434f4ed123914af0f8cd94cfed8df4c42e54c40c,final_transform,1.0,11.1.0
6ea332c3aacba8ec,data/images/canonical/6ea332c3aacba8ec.png,3b7646eca5a6c09bf630002f65a1e5716754f0225b276fde0dcc12e380c6e9d0,known_prior_history,0.6827,11.1.0
6eb14db5d4eeb49d,data/images/canonical/6eb14db5d4eeb49d.png,57c7172984f63180fcd1267b680feb688e44f5b42805253311c4077b2caeb185,final_transform,2.0,11.1.0
6ee01b39ff3f40ce,data/images/canonical/6ee01b39ff3f40ce.png,42116bc2cf02a6349ac030c369ac4cd1149a3be2288db53a6ef12ced6c7ef1c6,final_transform,1.0,11.1.0
6f165a383162c9cc,data/images/canonical/6f165a383162c9cc.png,91f8e7de7ae833ad0d7cbb1317a34753c65bb43edb5c272efee2f3321d2e35c3,known_prior_history,0.6827,11.1.0
6f2bb4b6cf439ebc,data/images/canonical/6f2bb4b6cf439ebc.png,8cd2dffe46d6be718d5216e1d365757a30403698ba8d8ee0c214c90c6f7a5a75,known_prior_history,0.64,11.1.0
6f3a4011f09d2b97,data/images/canonical/6f3a4011f09d2b97.png,9cb0747b7098179f8c6c4b426c4c7c9f065fb95e6667e079db29150aebe111cd,known_prior_history,0.6827,11.1.0
6f575da57900a0ee,data/images/canonical/6f575da57900a0ee.png,7dc3bcd5fc44a40f14c97c3d706361a638b4ff8e28cb802660d4dbe5a0c03cdf,final_transform,0.5,11.1.0
6f5a4b4599ba353b,data/images/canonical/6f5a4b4599ba353b.png,4c62e1d994840ea8c2969745cd985263c6fc2ff4acfbbab233ec0b6ea5e9751a,final_transform,0.5,11.1.0
6f5f83d7b9051c1a,data/images/canonical/6f5f83d7b9051c1a.png,0ae906b9775ebdb66c2a564ae0cfb6a714ebb25ca440ac4865755c71efb10c59,known_prior_history,0.6827,11.1.0
6f608c0ec5539ac9,data/images/canonical/6f608c0ec5539ac9.png,c7d3f8ff7811fb449b13bc7919607831df51580ebbb18d96b8f83996e4240289,final_transform,0.5,11.1.0
6f72d09c6da757ea,data/images/canonical/6f72d09c6da757ea.png,b31201ce2ef98a96aab2ea260f473ebc2c1d39ba26a151d488f0b52d2dbee73e,final_transform,2.0,11.1.0
6f7a96b911a072e8,data/images/canonical/6f7a96b911a072e8.png,c5178c43f367cd84ddd5b56660e122304a09b58981dfb957bdf74d2609ec1952,known_prior_history,0.7464,11.1.0
6f7da169905698b5,data/images/canonical/6f7da169905698b5.png,e409351d7732a1a553d206b3335a6d6d262755395964f3ee0317d604446842db,final_transform,2.0,11.1.0
6fa9e0c63a7fcd63,data/images/canonical/6fa9e0c63a7fcd63.png,2558ef7ae7dd1a97dd9e99d8882075bbcd0fd68b1b789f203b543aca14e380d3,final_transform,0.5,11.1.0
6fbf974d742a1457,data/images/canonical/6fbf974d742a1457.png,f7a8996c722648e0c2344a318bfa8ab3efa94f56f44a699c6d953b606d27e34a,known_prior_history,0.431,11.1.0
6fd44bfea75171a3,data/images/canonical/6fd44bfea75171a3.png,fb0457eae43b6a7e522b3c51dd6d0061f46098b48767d7c4af7529d25fb2403c,known_prior_history,0.6737,11.1.0
6fe419e60bf65e8b,data/images/canonical/6fe419e60bf65e8b.png,74bf678c9aaaa5816b252bab8092bbd4a3ef03c89280294cfb53f25a7ec7e0d0,known_prior_history,0.6772,11.1.0
6ff32c47f379b9ec,data/images/canonical/6ff32c47f379b9ec.png,c858b300df3d103ac46df5105c3248ca4b8384cdd6f76e5e49faa662f22988c6,final_transform,1.0,11.1.0
6ff7ee47ef37174d,data/images/canonical/6ff7ee47ef37174d.png,01c7fde7805951035f0953cbdb4800f97cbfdb6d75002a334b507347d1d9bf20,final_transform,1.0,11.1.0
7012a6d1e895d050,data/images/canonical/7012a6d1e895d050.png,657529264766c85cbf042e546f66fe84573db038678e6f672c0141f6709e1448,known_prior_history,0.6827,11.1.0
7013dbb5ab2782cd,data/images/canonical/7013dbb5ab2782cd.png,fe7f10fcc9718863c60329cd1a9a22ad6baa6ace31336e68803cdef3a1f6cda9,known_prior_history,0.6827,11.1.0
7019e0ccafccd029,data/images/canonical/7019e0ccafccd029.png,bc05f9c679cd7341ef44410f7c4c4ddaa1ab6936e02621754e1f243dc7208e65,final_transform,2.0,11.1.0
70287fc9a6ca50b8,data/images/canonical/70287fc9a6ca50b8.png,e1e31886c55bb4ca7ea5e62bf717653b4fbe890bc6aa96d1ae220547f1a8f022,final_transform,0.5,11.1.0
703c4d3503f354ff,data/images/canonical/703c4d3503f354ff.png,dd3a475a46a986901bd38e55e2c8d0b5b4946adcf0830fbec56a2bf2d63570b0,final_transform,2.0,11.1.0
705a3cd0ab6e0164,data/images/canonical/705a3cd0ab6e0164.png,84b2d9ed6c359b31932fd40ce059d4835893ddf346c820beedc7b2e413964d04,final_transform,2.0,11.1.0
70636ea28bb2da61,data/images/canonical/70636ea28bb2da61.png,8b2ef11373d843d30bc3714c9427a290914ecf1dc1d01bc965a52ee2a2fd0832,final_transform,1.0,11.1.0
7065be72d5790cf0,data/images/canonical/7065be72d5790cf0.png,b3285cca5a3127aabea6265701b6deb49696b9544d9069e7b481246bdb328085,known_prior_history,0.6827,11.1.0
707e7a36449cdea9,data/images/canonical/707e7a36449cdea9.png,1ed360502819466b636603bfa49f19fb2172f6970d3779641d0669039d61074b,final_transform,1.0,11.1.0
70d6f1be96d2d9c4,data/images/canonical/70d6f1be96d2d9c4.png,ea37e8b1c58038646f6ac0c8c20ee721d54089bd8386f7be628f1977b02cfbf2,known_prior_history,0.7665,11.1.0
70fced77f15a8ef6,data/images/canonical/70fced77f15a8ef6.png,8eefb0bccdf5075ea9d967843475fe073fa865033a6c39fd4f65b92c37ee4b2d,known_prior_history,0.6827,11.1.0
70ff7a21149a5af1,data/images/canonical/70ff7a21149a5af1.png,518928fce491b77fada96a7ae74d39b144e8e5713c340b262ee7c2b0f0e70083,known_prior_history,0.5651,11.1.0
710fdb3f4b1469c8,data/images/canonical/710fdb3f4b1469c8.png,9c643d6eea7acec27bce9bfbd1841efc0ffc0409f93c941c459f817334de82b7,known_prior_history,0.5981,11.1.0
7138374fdd1964e1,data/images/canonical/7138374fdd1964e1.png,563a66f2c1d5b1779b025325c87bb284e24aa429b385c3baafaecf97bb6e3356,known_prior_history,0.8366,11.1.0
713979669a6fa4f8,data/images/canonical/713979669a6fa4f8.png,e777e147e53ba54a6bdc47faef3059807fb0592800ebfd27c7f0f180c9c8655b,known_prior_history,0.5257,11.1.0
71552c8668f8164b,data/images/canonical/71552c8668f8164b.png,3159e053914abbb62b5328d446904361e05256f52b8653102cf61efb4062d2d1,final_transform,0.5,11.1.0
71885a57d552e924,data/images/canonical/71885a57d552e924.png,7a24c270d1042254e33403c391216cf92261b72ab1e74d47ac43c7cb04a6f0d1,final_transform,1.0,11.1.0
71c364ac6c7c0efe,data/images/canonical/71c364ac6c7c0efe.png,41e8d0d58015c99ec773a305d16ea4263b2f3a2311b0cba5b7d1d4af103a6947,final_transform,1.0,11.1.0
71c6fc38d9b5fe00,data/images/canonical/71c6fc38d9b5fe00.png,78ec89b9b99d6a88d50935e0a2bf3cb7f762e5ae9738a94fd628c1dbdcb32363,known_prior_history,0.6827,11.1.0
71cc241c32568c88,data/images/canonical/71cc241c32568c88.png,700b8ed2bbc472b707ccfd3a95889feff50e8afc78041fb252a698487cd100a5,final_transform,0.5,11.1.0
72133ed0fad30da7,data/images/canonical/72133ed0fad30da7.png,c160cda26888ba9d90342291018f96b3ed9a184475d1ec3403df46e593d77289,known_prior_history,0.6809,11.1.0
721d6494b0b731e1,data/images/canonical/721d6494b0b731e1.png,076cc47f33e488f85a1c7935f00ab4096174756fdac1a221ca793863140e0014,known_prior_history,0.6368,11.1.0
727f8338a86f440d,data/images/canonical/727f8338a86f440d.png,d9baeb96a7683f5eedb23fc48fe43641fee4806373073ee3be5625cd6e809d7a,final_transform,1.0,11.1.0
7280a9234b1ea070,data/images/canonical/7280a9234b1ea070.png,5986033a2a7e9fbc306a58fd0ae7fe59ca6e81f08be9996f50a50ff51071064b,known_prior_history,0.6581,11.1.0
728c6059812dbe45,data/images/canonical/728c6059812dbe45.png,4bf2e4c537c3bd34c4f4d7e2dab56716c1316d39863a4d67fc5d9ccd0f0e6270,final_transform,2.0,11.1.0
729545b9346bc37a,data/images/canonical/729545b9346bc37a.png,8c0d232505d0a92c3ba70216e55d2e71b26a2d0d646c3c5e61c109c105f32ff7,known_prior_history,0.5529,11.1.0
729ddd28aba29179,data/images/canonical/729ddd28aba29179.png,c6f2a5db9c694fbfb87e317058f756fbff5b66bcc7cf111dd1ccc9fad463c43b,known_prior_history,0.6827,11.1.0
72b288f6dc8e1641,data/images/canonical/72b288f6dc8e1641.png,0995fc0df934d30e7799cba2d179432c79275304f392b0c88fa72736a5bf734d,known_prior_history,0.5779,11.1.0
72b3264bc9088c32,data/images/canonical/72b3264bc9088c32.png,420469a5e412754c11fdc9be132732f4863a95fd3f7e1a30c16523cc98b735de,known_prior_history,0.6827,11.1.0
72b7498ded80ae9e,data/images/canonical/72b7498ded80ae9e.png,65182fab68f76b4259ed1ce4f007cabaea447e47bd6dde167101ded2be342638,known_prior_history,0.6827,11.1.0
72c12268e721dbb9,data/images/canonical/72c12268e721dbb9.png,f75b878361a29a14e18ee7a2fae81eeaea189396bc20b699aee082a7a87ad676,final_transform,2.0,11.1.0
72d0c41cc7492964,data/images/canonical/72d0c41cc7492964.png,00643de791cabf3e1b6e77b0d22267d5d5baacc01fec1ab569e34c1703229b5c,final_transform,0.5,11.1.0
72dc292a69eec30e,data/images/canonical/72dc292a69eec30e.png,f3b6469518e25129e4783fa4b16ce8690e767a29283de42011e945a78cf95c13,known_prior_history,0.6827,11.1.0
72dd317dd9a77f24,data/images/canonical/72dd317dd9a77f24.png,9c08fd7777ff975281154319c73385c9aea7e37c6a5958f770ff5c698ef06af3,known_prior_history,0.6827,11.1.0
72e6637e624208ce,data/images/canonical/72e6637e624208ce.png,203a24a4b30d2b664e73cfd5daaeeea16ea81aa483d7e1fddef46ab813139394,known_prior_history,0.6719,11.1.0
730425eec152226e,data/images/canonical/730425eec152226e.png,23248145d13921f95427d73769ba25f884a8972e22d999d300b4a8e2bedf80bc,final_transform,2.0,11.1.0
7325965980333c02,data/images/canonical/7325965980333c02.png,808b83d2dff02790d5703fde2b992fd548896c55b9a637e4af859c3af102af72,known_prior_history,0.6827,11.1.0
732859a043265ee5,data/images/canonical/732859a043265ee5.png,d36ae31a057fa23387c3ad11d3a8b7578a6e3fc2994205920a87101d8b72b3ad,final_transform,0.5,11.1.0
732a67770bdbeff7,data/images/canonical/732a67770bdbeff7.png,5fe32713daeeb0aa3207a376ed0e439b035872ce0218b58096839bf2c3558c66,known_prior_history,0.559,11.1.0
732adee7d6413e1e,data/images/canonical/732adee7d6413e1e.png,2872e27634f67f4fb8361dad930113c1ee9293ceb0dc45d091b6e1fbcc13b19f,known_prior_history,0.6497,11.1.0
732d97411b05e0a4,data/images/canonical/732d97411b05e0a4.png,2e0c2313970f0a3ae41b1ca0bd3e0590fc9f23b9a39bc4742364c28c5014230b,known_prior_history,0.6827,11.1.0
734c2fef26c31089,data/images/canonical/734c2fef26c31089.png,693b9c862896b1a41473e8e32d2b715d0c4e9d8b7f56f439236a9bc4f4b8e401,final_transform,1.0,11.1.0
735593d62ace677c,data/images/canonical/735593d62ace677c.png,20d80be277a831ebd2b89175679502c52893efaef795728d744794e60b181cac,known_prior_history,0.6827,11.1.0
7375b39ca77ab616,data/images/canonical/7375b39ca77ab616.png,c4362c514ddfbbe1f8930f9c957be43847e1e524887daa21863580d41a0463a2,known_prior_history,0.6416,11.1.0
737987c35d48f366,data/images/canonical/737987c35d48f366.png,31bfe622ed66699f8440efc969493030a08e7331bf6a23f3597e47ee845aeea3,final_transform,0.5,11.1.0
737bfcdd30365936,data/images/canonical/737bfcdd30365936.png,106609b3539b05efe67a26758b23a9b5d0c01bf7c9709e1a09b5c43bb204998d,final_transform,1.0,11.1.0
738ee73593dca3cd,data/images/canonical/738ee73593dca3cd.png,8347ce7f049fafff869bd3d7dfd973cc5dbd2120c601de4c095b7bb88afb099a,final_transform,1.0,11.1.0
739318cfa49c1c48,data/images/canonical/739318cfa49c1c48.png,16a009833250560b1c97cee1ea943ab27f697b39283180e1766c99ff7ae65ddf,known_prior_history,0.6827,11.1.0
739a03bc8f5c314d,data/images/canonical/739a03bc8f5c314d.png,790648e48a9d90592a6d52ffbae9620da974279993dd3cc400fbf963ce1fbb22,final_transform,2.0,11.1.0
739df6ac4f23baa1,data/images/canonical/739df6ac4f23baa1.png,5db55f78980c91a0add5dd6f82b861ae1c4030b0860c37bde7f8cea4d3eee5e5,known_prior_history,0.5289,11.1.0
73a2a1a6f93946da,data/images/canonical/73a2a1a6f93946da.png,06d40df0c4952d182abf2e63b8fb2d1f6df74ffd934a5188625bc2f61581189a,known_prior_history,0.7688,11.1.0
73aa0457195ac8ff,data/images/canonical/73aa0457195ac8ff.png,078bfc098ce9a81896b5f6fbca5ac07a869e4d44d2f9627a376d1101ab618f42,known_prior_history,0.6827,11.1.0
73f3b6d63d3ec029,data/images/canonical/73f3b6d63d3ec029.png,1975eb3877a04a604e216cd082ebe42b6f7e635239305d54fb1cff0a5d8e21c1,known_prior_history,0.6827,11.1.0
7415b17c84769704,data/images/canonical/7415b17c84769704.png,3f7e8c1acc1a27f8d69acc68a1d420fdb9fa5e3a9795343f29fb7e795efc3116,known_prior_history,0.547,11.1.0
7418b1a291e88873,data/images/canonical/7418b1a291e88873.png,d760652153b5e57f8826010e2e81ac94a86000594ec6cc5983af1d257310285c,known_prior_history,0.7642,11.1.0
74376fe81c1c8823,data/images/canonical/74376fe81c1c8823.png,c8615a50567c43b1c76779fef16b59e9a0777743a2c49bb9df76bca07f60b8e5,known_prior_history,0.7688,11.1.0
74440e855c1a4dfe,data/images/canonical/74440e855c1a4dfe.png,c9ce7f1d2dd0f790d33591c0a9472e5da3efb55693ae5d2f9aed38e09b61eeb0,final_transform,0.5,11.1.0
744c4e41e786caa6,data/images/canonical/744c4e41e786caa6.png,f39f502cfdc01e640acd876f93539dd0bc715fe05d28f37b1e8d2b09fd299814,final_transform,2.0,11.1.0
744c8bd334d7f6ab,data/images/canonical/744c8bd334d7f6ab.png,ec81621a82dd94b0000286b77d6a5fe69f98fa7dbd817b0936e6ad04c0b19152,final_transform,0.5,11.1.0
74783a7b45d4d602,data/images/canonical/74783a7b45d4d602.png,f787d961792edd3f287b689d7620f39e8a5d12a6527c5ee8f212cbb315e4a1bc,known_prior_history,0.6827,11.1.0
749b08c450601c57,data/images/canonical/749b08c450601c57.png,a1cae8a02cea10d0bd84f739631dc2542c370001146eab5b7f21a3d6d5f5cf35,known_prior_history,0.5447,11.1.0
74bcfdc26d9d8a15,data/images/canonical/74bcfdc26d9d8a15.png,07e8e878ade604129599f5793d9b8f5402d3a52c348941210faae81f435df8e1,final_transform,1.0,11.1.0
74c1d55c24f700a0,data/images/canonical/74c1d55c24f700a0.png,1f113d092ddc703a4e6f39e155f8d659c49d65d258b6611a9e62493aadc9af57,known_prior_history,0.5727,11.1.0
74e8b6681ec52126,data/images/canonical/74e8b6681ec52126.png,962a51ec265f022f88eb6e7321790eca3c72c6f776c8dc63a6f41dd1367934b9,final_transform,2.0,11.1.0
751372c6bcad21ab,data/images/canonical/751372c6bcad21ab.png,08712015d2d1c7e221c0bcbec7ef217016837cf5a2e36314b57ba27f742689cf,final_transform,1.0,11.1.0
75192b3e583293f4,data/images/canonical/75192b3e583293f4.png,8b1732768c31d7078d53feb32f134fd2733915bb49ed9ee4077bfcc2f737930e,final_transform,1.0,11.1.0
7529ea972de2a848,data/images/canonical/7529ea972de2a848.png,43f14addc40b041d6dc8aa517318799d35e38de5cbfdf41c39df62e913930f7d,known_prior_history,0.5311,11.1.0
75421fbf63300e8c,data/images/canonical/75421fbf63300e8c.png,4267f3339b1680f89b91d2389667a3d84fe3ed83af1a3810057797ba2b38ff91,final_transform,2.0,11.1.0
7542d1de3367e985,data/images/canonical/7542d1de3367e985.png,766f6ee3281887d040f127eaa949b16246f3bab4f9dc89da3488cb0c4095f79d,final_transform,2.0,11.1.0
7556d17a6382480a,data/images/canonical/7556d17a6382480a.png,239440743cf9c56afd14d607d2fa74ee21ae4cb9746909bd9ee9235dd673fdc3,known_prior_history,0.6827,11.1.0
7564512f93122559,data/images/canonical/7564512f93122559.png,c405432bf2233ed63f7d60239b7c5a3ec4799eb3fa716ce6dd99305b7f283922,final_transform,0.5,11.1.0
75731c70b2dbd6dc,data/images/canonical/75731c70b2dbd6dc.png,6fd1ff725263f17a7cfc51e726b4fdff9c3335997e51887ef9616f1119972e2e,known_prior_history,0.6827,11.1.0
7578957bc7f8f2ff,data/images/canonical/7578957bc7f8f2ff.png,acde8ce65a5454a849e431cabb89a734cc21ebff2891e1ee9711fbe0d649cfef,known_prior_history,0.6827,11.1.0
75875458c18abfe4,data/images/canonical/75875458c18abfe4.png,9946b0680c949022d680970d0a4121a941d6d24f3bc56117aec2389db3374d45,final_transform,1.0,11.1.0
75b751a89c53ca9e,data/images/canonical/75b751a89c53ca9e.png,e0817535852b37837eccc6de57f18d1da4041637bd340202ce1b0399cc60ed1e,final_transform,1.0,11.1.0
75d57fe8bd191103,data/images/canonical/75d57fe8bd191103.png,fa9effbc329d7e3368bda500a9b82026d1b6725b923a7f0afe90b16831cd5a92,final_transform,1.0,11.1.0
75e08f203e771ac1,data/images/canonical/75e08f203e771ac1.png,4aeae9f04bbcff7f0744870e533fcf66370fc941cacf8d257ed8e4ef292cd3b6,final_transform,1.0,11.1.0
75e1900ee5601955,data/images/canonical/75e1900ee5601955.png,b23353a1baa39a5f416f1233aec84ecb035ab1fc691dbdbdeca297c443bcf7e4,known_prior_history,0.9588,11.1.0
75e1f4dd194e9097,data/images/canonical/75e1f4dd194e9097.png,149c999c2df576ee586bca907322353812af88415f80a62e5d292acd62554063,final_transform,0.5,11.1.0
760a47006c0f1001,data/images/canonical/760a47006c0f1001.png,c4973ae616435b596248b22ff8b06b154bded675b0e04a95cdb5c3e636201419,known_prior_history,1.1743,11.1.0
760b0ecf1bc31f34,data/images/canonical/760b0ecf1bc31f34.png,6f5839ad6b50cc5dcf7fa592e8405a81c1c1ff95d9ffca1bbbcaabad557f0f25,known_prior_history,0.7574,11.1.0
761e8fcea7490862,data/images/canonical/761e8fcea7490862.png,5a55a4bbf0bbe0178e349265d4d18af991992a799680182d07055fc19e492624,known_prior_history,1.369,11.1.0
764d07daab8afeed,data/images/canonical/764d07daab8afeed.png,02e08dc40110441fe217f6750129f1945d85b5d6f67244f34ae5d986cc6a48aa,final_transform,0.5,11.1.0
766ed37539ed812a,data/images/canonical/766ed37539ed812a.png,b8bc1a9098ecd77688e0b2ad39fdb50bd5cb061910e692f5e906939162c551a5,final_transform,0.5,11.1.0
76863d81e6186613,data/images/canonical/76863d81e6186613.png,ef1616a9e979c21a0dc40844cbc627088ff46c7975a3abfed8db6da981ee7f43,known_prior_history,0.7171,11.1.0
768f12ac72c5a808,data/images/canonical/768f12ac72c5a808.png,73a46c5f643f3c21f4e3eb1b80913bf99433b027468cdab674abd26e0ed2558d,final_transform,1.0,11.1.0
769a2b2a4baee742,data/images/canonical/769a2b2a4baee742.png,21c60db489963aacea32637ded0e812c3b55a4469f49b00d6a064e3109c2cdf7,known_prior_history,0.6827,11.1.0
76a3f1088bd912b7,data/images/canonical/76a3f1088bd912b7.png,dda0c7c7abc6f8107bdd2f9cd8b6850d2f1c453ee10ac85dee988aa1172c287e,known_prior_history,0.6416,11.1.0
76bed055da698fdc,data/images/canonical/76bed055da698fdc.png,820dc6557cb7718856f6317230cf83ff64d30d3e7030afc705a97c427ba5334a,known_prior_history,0.6827,11.1.0
76ce4511182acac3,data/images/canonical/76ce4511182acac3.png,207f46de2b64f1f33b2ff548da931ff5330a11e87c9321c0cf186645ea2e3e7c,known_prior_history,0.6863,11.1.0
76d2d47b1a3fb876,data/images/canonical/76d2d47b1a3fb876.png,fefb225c7a01f235017ab6245ed0e38d9d30f9de153b97b2a353d84107bbab9b,final_transform,1.0,11.1.0
7707267bcb8099ed,data/images/canonical/7707267bcb8099ed.png,336fde60153aa037ffb9207eb18d6da4972bef137337659e16b583e6156bdad5,known_prior_history,0.5278,11.1.0
7707bcf756fab799,data/images/canonical/7707bcf756fab799.png,4fe11519a637064a74bc1c84142a871eecf2fb5ea5d041e985b681a59d7a5b79,known_prior_history,0.5435,11.1.0
771ff20eb4adbca2,data/images/canonical/771ff20eb4adbca2.png,369a95f80d25d049ff473549237b5d72021bdb8e8c132b8a569601163b8edab0,known_prior_history,0.6827,11.1.0
774e604883c65e93,data/images/canonical/774e604883c65e93.png,4da0aa2fa1ccc849600ff11d8ed1320cb09474890a4c6c5df3c50fc1fdb62895,final_transform,0.5,11.1.0
775ad2ba0dd65b71,data/images/canonical/775ad2ba0dd65b71.png,aae3ceb88c24d1c78b87ddbc996fcfcbd499b9ca31ab961ab1c8646e25071323,final_transform,0.5,11.1.0
775e4a9d7bb6aff9,data/images/canonical/775e4a9d7bb6aff9.png,39745478020ebe0741f126fa05389f10763634f77705860819e0931403291183,known_prior_history,0.6845,11.1.0
77657aefa59ad569,data/images/canonical/77657aefa59ad569.png,ce3498c81753bf3c41b4400226757949b0830244afe38c0374ab37d808dc0e66,known_prior_history,0.8505,11.1.0
77699b558b6b4cce,data/images/canonical/77699b558b6b4cce.png,bc97aa7b2b5d3bb05e17aab7d22f3c94274e0b0a257510579425eb43fd4c628a,known_prior_history,0.6827,11.1.0
7778850b183ec1b9,data/images/canonical/7778850b183ec1b9.png,5c56eb90e7b2c4123d2c0e3421148bcc635941fa4050372a9308c9656876244f,known_prior_history,0.7853,11.1.0
778c9096f9efeeaf,data/images/canonical/778c9096f9efeeaf.png,01f05f5711a8d227fad25188c93078653ef1919bc0c500f4d14bc56ee4eec5f8,known_prior_history,0.6827,11.1.0
77a3fce038471222,data/images/canonical/77a3fce038471222.png,5b5821c8e749d28fefb06360add75ee92e317b18f04f171291f26392c1079115,final_transform,0.5,11.1.0
77a57da9f537db43,data/images/canonical/77a57da9f537db43.png,9dc9c33c661f91e739261c90071c0b1b330485d40ba953769c95919b75bed912,final_transform,0.5,11.1.0
77c9885444217cd3,data/images/canonical/77c9885444217cd3.png,81523371830ca142e4d20fd88bb55ecbd0a3a0dbb653ba5b05ba1b65d4cf9400,final_transform,0.5,11.1.0
77dadd85ce783841,data/images/canonical/77dadd85ce783841.png,70c5cd6783a5c4b3f3ff04434d88d5f0428dfbfad1deaf8bda1eae444199ad5b,known_prior_history,0.7688,11.1.0
77f0737fef1a10cf,data/images/canonical/77f0737fef1a10cf.png,ce3bca50399796401429e7dabf3895ad6cb8743aacebdd147aba01208a1263c7,known_prior_history,2.048,11.1.0
780eb5435da91eac,data/images/canonical/780eb5435da91eac.png,333b0c5a66f95be7206b533384c8bc310f0b2ccb117d3ed6851e85bdd38ace95,final_transform,0.5,11.1.0
782a80f2fdb80192,data/images/canonical/782a80f2fdb80192.png,8a90a83e3374729ed293277f4de54933c215f9218c899b6911ffced2262ee99c,final_transform,0.5,11.1.0
784adc395f82d9ff,data/images/canonical/784adc395f82d9ff.png,a8966ad547855139e7424cc66aa47f732b342c8ccad877ac170502d1103cc952,final_transform,2.0,11.1.0
784ff3d8053516f3,data/images/canonical/784ff3d8053516f3.png,8178609e37e8c068cadd8b11085193d8f4666c6d41bce402d3aed3930273150c,known_prior_history,0.6827,11.1.0
786bc2441b9de355,data/images/canonical/786bc2441b9de355.png,25441d5e30cf2aacd2c8c297e46f1809bf4e1614a8b1000be22d4c8ff1ad9234,known_prior_history,0.6827,11.1.0
786ee0a2d4c43ddb,data/images/canonical/786ee0a2d4c43ddb.png,731650a7b79331c233a88a5339c3505c9f896f92470fc07a3686ddf73f006b2e,final_transform,0.5,11.1.0
78c15aeaa6ad29d0,data/images/canonical/78c15aeaa6ad29d0.png,aa62a623defc8e90c355a803a75bd8b001b91e8be623ec836f956eeebafb3d7f,known_prior_history,0.6827,11.1.0
790b39d3ebed8874,data/images/canonical/790b39d3ebed8874.png,4ffc1198c8caeebb7bdf5beb37ad121dee2a165d1da46f6045436e24ffa2ed57,final_transform,2.0,11.1.0
79238e7c640332c2,data/images/canonical/79238e7c640332c2.png,f7861b8b7272a04de4f0d78e1d96431523694472bddba5a400c906c91eb54b5c,known_prior_history,0.6352,11.1.0
792b834026cd4d9d,data/images/canonical/792b834026cd4d9d.png,5d9e10feebb8b035dcee779798510ade7a1b9b84947e5a5e63f5c4ef8c213a8c,final_transform,0.5,11.1.0
792c3bd533c61896,data/images/canonical/792c3bd533c61896.png,20b2ed03020226e0325fdabbd239b404ffbe656aeb8d1df663a00c04469c95d5,final_transform,1.0,11.1.0
7933c88f8df7db26,data/images/canonical/7933c88f8df7db26.png,cebbd879596ab23967150968e45073bc6de088f49886e762fb31a659b8e58b18,known_prior_history,0.7665,11.1.0
793d7d1f64ab5628,data/images/canonical/793d7d1f64ab5628.png,eeb71f031edf439608a542225637ddd92ba89e317e57352adced47fe98618d51,known_prior_history,0.7688,11.1.0
7946018058439689,data/images/canonical/7946018058439689.png,f89ef0e7288d775ef2cae44c53d786cb8e5254bae5d74d1779f64d32a81bda77,final_transform,2.0,11.1.0
794731f41e255cb7,data/images/canonical/794731f41e255cb7.png,f929a26ffa6240d537000e7cb1cf1f074c8173dfe1b36579205dc99fe2ff0ce7,known_prior_history,0.6827,11.1.0
794b54a78d0acdee,data/images/canonical/794b54a78d0acdee.png,01ae8116a4e355c0dc437fd47600d6461f3972efd16b035599a0b7d741bf8862,known_prior_history,0.6827,11.1.0
7956328b00714ba1,data/images/canonical/7956328b00714ba1.png,bbfd2741e736945807e04156c62713cb3cf81b8112f163e29ce0a2bfdcfdb16d,known_prior_history,0.6649,11.1.0
795929613dcfd0ca,data/images/canonical/795929613dcfd0ca.png,e631c39b23ac4549246a659c34a959b4cae7764ad336d7c744ee767a88f7b77b,known_prior_history,0.6827,11.1.0
79712547fe873831,data/images/canonical/79712547fe873831.png,389347623a47473ff41e9eb1cb946b336e9ccdd301cc0b15349da72a1e320eb0,known_prior_history,0.6827,11.1.0
798e0be6774a11d4,data/images/canonical/798e0be6774a11d4.png,e7bcc4172fcd509add0f5f303ca2c8fc45e099a8fdaf6ec7ee22f6657328d877,known_prior_history,0.6598,11.1.0
79944b93b523b18f,data/images/canonical/79944b93b523b18f.png,b330c267aa83d96c71c6e3bac09612f03841a16f2f35a969ad47d3743a75ac85,final_transform,1.0,11.1.0
79a827014bccbbcf,data/images/canonical/79a827014bccbbcf.png,f16d8a3c1994a9d38f577626d22a3f8f94939e3ea47af85f1b619dd9bfe381d6,known_prior_history,0.6827,11.1.0
79b0a925d026b624,data/images/canonical/79b0a925d026b624.png,335700f0cd1f263b816cb2005dd1497c6917cfd856ee1dc41d2485237ec0fc59,final_transform,0.5,11.1.0
79d7bc00ed4bc318,data/images/canonical/79d7bc00ed4bc318.png,6ff476a2538484388bcfe88aeb210ba983927d42fa750dd981d252edad3927b7,final_transform,0.5,11.1.0
79ec7ac6f05b6db9,data/images/canonical/79ec7ac6f05b6db9.png,d90723bd0302b01eef0de0ed57271313d10d373eaa7c2c8676b41eb63f2dcc59,known_prior_history,0.6827,11.1.0
7a2f307d7b191000,data/images/canonical/7a2f307d7b191000.png,075d620daafcd95d87ca61c649e70fee9f937e52e6e574c54f451092d0381993,known_prior_history,0.6827,11.1.0
7a514af49f763864,data/images/canonical/7a514af49f763864.png,e213bb23b0e2b44db5e4bd7d8d8c54d0d52047f0a253e086f7130024822982b3,known_prior_history,0.6827,11.1.0
7a69ebd9fa02a4cb,data/images/canonical/7a69ebd9fa02a4cb.png,89d388ac52d5ba31308d94c8c35065e03f5d1068f352f0b1854e630fa588d9eb,known_prior_history,0.6827,11.1.0
7a6ba1544ecac4f0,data/images/canonical/7a6ba1544ecac4f0.png,ce5b075ac0aa386f3dcfb8575db8283a0f350130df2a9db6406944579ffabcf5,known_prior_history,0.6827,11.1.0
7a6ed68af65088e9,data/images/canonical/7a6ed68af65088e9.png,8c245b355ca8dfbfedacf2887180ea92eaf2428b571234ca241e0ef04ae31ada,known_prior_history,0.7052,11.1.0
7a714e29c55e9587,data/images/canonical/7a714e29c55e9587.png,0c4ee794a122fb16033dcd496e06e1e188297bfbf31c4a3858c37fe56a9d792e,final_transform,2.0,11.1.0
7a88d2e11a5166ed,data/images/canonical/7a88d2e11a5166ed.png,acceb9e59c1172b6965abaa315f180eb4fe045e6a5c574f7beb097ffe7352c50,final_transform,2.0,11.1.0
7aa5019c37c54bfe,data/images/canonical/7aa5019c37c54bfe.png,1e88118bb7ac2d0554aa5f40f1f6c7ea2fd980f6f70bfd223623871e289f9a4f,known_prior_history,0.6384,11.1.0
7ab245fd14dbc849,data/images/canonical/7ab245fd14dbc849.png,6fea421a58b914709127e2d05adc623c7ff1e7cc230a80ec31fda845c5d6ab0d,known_prior_history,0.7688,11.1.0
7abdc7c3e9ffe621,data/images/canonical/7abdc7c3e9ffe621.png,7f3672be472423be133c074409f6793121f4c5f6f9bc203758d320b55619b828,final_transform,0.5,11.1.0
7ac03eee5a9ffe58,data/images/canonical/7ac03eee5a9ffe58.png,99e625f5d0af75ad7e162ee7a69086ac39c9e353a2776ade40a3135406674901,final_transform,0.5,11.1.0
7ad274db6ca6d555,data/images/canonical/7ad274db6ca6d555.png,c18edc43fe7b9ced5ea1adaa421dce94da36135ad3e8f26c19791cf468ba879b,known_prior_history,0.6827,11.1.0
7b07175b4c099efa,data/images/canonical/7b07175b4c099efa.png,7a4a3459e16a230a60b361b140c278da8bf33a8f26fed3e4b4d2faedfc132144,final_transform,2.0,11.1.0
7b3cd35534854d6e,data/images/canonical/7b3cd35534854d6e.png,89198e3196857484095632bc857af61fc12e9a120fa3164a7ad2a79493d2847b,known_prior_history,0.6827,11.1.0
7b3df5e752243c8a,data/images/canonical/7b3df5e752243c8a.png,03687a9b9a9b2e32fc1561ca6d0b4b18cb91d3ec390bcb303565dabdd602d840,final_transform,0.5,11.1.0
7b4502ef7eeb9f5e,data/images/canonical/7b4502ef7eeb9f5e.png,b6fde3c0440c15709c791030c30f349d669aa93b231dfaab05e2ea4be2e8ac09,known_prior_history,0.6827,11.1.0
7b51c9641c89be96,data/images/canonical/7b51c9641c89be96.png,9d5b4580895cc13cc79797eb12f8438667b53bfef7eb63614bbaa0149f0c0ed7,known_prior_history,0.6827,11.1.0
7b600b61e5436b11,data/images/canonical/7b600b61e5436b11.png,ca8743841d9075964a0010e74ebbab73c476f279a2d3b1e354ba466b7844d96f,final_transform,1.0,11.1.0
7b7de5fb2b16e1f0,data/images/canonical/7b7de5fb2b16e1f0.png,2a8f1ff29dfc9aefe67029180f31907471293fe89a6767d7f9e18a415b7ac925,known_prior_history,1.0535,11.1.0
7ba98cb4496e9581,data/images/canonical/7ba98cb4496e9581.png,795d7318b937f773aee0b3f3bf4568d95f91a4dea65450a27a7252fb0271ca3b,final_transform,0.5,11.1.0
7bbaf238fb2553ae,data/images/canonical/7bbaf238fb2553ae.png,a0b04dec199ef67b492dbd5deb8d6a048cd7f1cec951e78d411d0323fac766a9,final_transform,1.0,11.1.0
7bc163d04d1d1f27,data/images/canonical/7bc163d04d1d1f27.png,9171c27e29560bdfff90aca061caa651fa1d06e2ea4f8fb4bf3d44fad2af5a1d,final_transform,2.0,11.1.0
7bd1e33c7bbaee04,data/images/canonical/7bd1e33c7bbaee04.png,026f211cbd1506b7133aba123690f6f7157b3761a0e06540799fb49bf7f730c4,final_transform,2.0,11.1.0
7be5b61570bee292,data/images/canonical/7be5b61570bee292.png,0996149f2e463174aef85a719a0948c7a7066979eb4f537a47da5c5cb4f4ec50,known_prior_history,0.6827,11.1.0
7bf8c121e5f790f9,data/images/canonical/7bf8c121e5f790f9.png,e5e29cbcba95f17b5c9f3378e43a65072683d87bceb8b18ecb379151ae3b5510,final_transform,2.0,11.1.0
7bf9dfd4f167539c,data/images/canonical/7bf9dfd4f167539c.png,6036010a900c1482d100f49e5ec97ee7b9d55e79966cb9e158dd55b99391b8d7,final_transform,2.0,11.1.0
7c0a096f1e9809d0,data/images/canonical/7c0a096f1e9809d0.png,783f1c37bf5445a889f952e906f10453b3b753f7548636a5c6aa3295f22aa5bc,known_prior_history,0.7665,11.1.0
7c0e3a3944e978bf,data/images/canonical/7c0e3a3944e978bf.png,52e2c0f27ba0282212aa5d1a31ef37d6aa718a0f53831eb3c7fae250657ea3b2,final_transform,0.5,11.1.0
7c193b49c241f671,data/images/canonical/7c193b49c241f671.png,6c477b85d726da7da218839398c4a3ff7a1a74a6349129368f2da691a81c5606,known_prior_history,0.7314,11.1.0
7c1bd6552ac549c8,data/images/canonical/7c1bd6552ac549c8.png,c4ed462e966bf33be78a8165b112ec6fe7db5ba720f317b1b76de1c3ece6b591,known_prior_history,0.426,11.1.0
7c365e2168d55ee9,data/images/canonical/7c365e2168d55ee9.png,bcd4b91faf9f66c8849a6c3a67eab9d63f984b384f996d091b7980c44cd969da,known_prior_history,0.5182,11.1.0
7c51a610f8fa9820,data/images/canonical/7c51a610f8fa9820.png,abd0c7e7d8a108a2084adeab8a3fa72779edaeeba15208781fb903017fb35d4e,known_prior_history,0.6827,11.1.0
7c8762bd561be450,data/images/canonical/7c8762bd561be450.png,2b40129ddefabba3ef22903c51f4168a338e53ea3534b87e9926a14210bba29a,final_transform,2.0,11.1.0
7c97062e98b46b76,data/images/canonical/7c97062e98b46b76.png,976a13a3068237b6632919d08822a44f237d8bead83b2c0f01025881dba3ca34,final_transform,2.0,11.1.0
7cb8ae245c9f42c1,data/images/canonical/7cb8ae245c9f42c1.png,d9e6637090cfff5c2b6ba8257835793110ed232567f330a7a0270746c9399702,known_prior_history,0.6827,11.1.0
7cc282e5449a04d6,data/images/canonical/7cc282e5449a04d6.png,155bc7588207cf7bc4b0fa17c459d11bd0c5b686b7dbf0c19249aaf3409f6dce,final_transform,2.0,11.1.0
7cc2f3f16faff9e0,data/images/canonical/7cc2f3f16faff9e0.png,72873013cbd366e00894af40ea45376116437ded43d1229f9333d12b1d2ace91,known_prior_history,0.6827,11.1.0
7ccecfe2480da9e7,data/images/canonical/7ccecfe2480da9e7.png,b1e8711fa68b505fd412431209446f3dc99e2667f9e19a89ce0410cc9d326cbf,known_prior_history,0.7665,11.1.0
7cd7327bc8b81e43,data/images/canonical/7cd7327bc8b81e43.png,a3560db76c34890ac9643138a766e5a0c6b37c951a32c2f66fdb9f0b2362e07e,known_prior_history,0.426,11.1.0
7cf02297f68de1a2,data/images/canonical/7cf02297f68de1a2.png,3b2e5ff36b26d335314ec87a9cf4383d2e37c086b07abc66b5082634f4cc6444,final_transform,1.0,11.1.0
7cf88795aa7a0fe5,data/images/canonical/7cf88795aa7a0fe5.png,a7e1e325acbe6b676304f606c9c0d51bcfcedabf6f50d97ec6297b09b0c46bc0,known_prior_history,0.7314,11.1.0
7d2ae574ed94fc3b,data/images/canonical/7d2ae574ed94fc3b.png,fca12efb893cc3be3e95d0bd98aa940670665f17a65514d1d72853b00b3248b6,final_transform,2.0,11.1.0
7d4a4d6c2f76532d,data/images/canonical/7d4a4d6c2f76532d.png,790b24dd00d17be874eb31d1161f0a83fec122c4d0ae554fdab6501a7fcc5b12,final_transform,0.5,11.1.0
7d5a68d4aac1c9c9,data/images/canonical/7d5a68d4aac1c9c9.png,51f11a468c25d78290816913848372ba257550ee37ff92357d8b5924a2667fb2,final_transform,2.0,11.1.0
7d5db160275ac886,data/images/canonical/7d5db160275ac886.png,4128f25a3c7635ae192187e19f1c6a1cf4296d21af58a93ff8366ffa7f0ec192,known_prior_history,0.3616,11.1.0
7d768109dd371dfc,data/images/canonical/7d768109dd371dfc.png,43c52967fea82c73faead29e684c367dcb30eaa2ea7b4fc712464460a8bf5d42,known_prior_history,0.2963,11.1.0
7d7e2f30aaab55b2,data/images/canonical/7d7e2f30aaab55b2.png,574b2268abdb317598579fdc9a944c4440f4503ca1d7895885da6e4003a08299,final_transform,1.0,11.1.0
7df2d4a215464b16,data/images/canonical/7df2d4a215464b16.png,ad5b986dec7fa5905548ae7b165168f2335b1e53f5c09963576b9b1a5452031c,known_prior_history,0.8179,11.1.0
7e02972ca5dbc653,data/images/canonical/7e02972ca5dbc653.png,22ca53d5abc722bb48114c0995c3be6de4f40ec6b87ff70b892bc4d389039254,known_prior_history,0.7665,11.1.0
7e106ac8846c8356,data/images/canonical/7e106ac8846c8356.png,42b83af5b8c330b390f50af731bf1577e6c6ffc3703fd7a9f3d13f88b09a6a4b,known_prior_history,0.6154,11.1.0
7e56611e35964898,data/images/canonical/7e56611e35964898.png,8f89847faec3c69afb96381921427ed97f7de6c935fecb6aedf6b8df5b60caee,known_prior_history,0.6827,11.1.0
7e5db79204f5a55e,data/images/canonical/7e5db79204f5a55e.png,8bea5b0e01ce6a075651d71524bb7ea173714926b26e8493737ff006a34c0f97,final_transform,2.0,11.1.0
7e5e51fc9afd8b56,data/images/canonical/7e5e51fc9afd8b56.png,82379b8bbbee01ec0be65911748525a662491696e3f7b5f142bb4f53efe4365d,known_prior_history,0.3333,11.1.0
7e5f2c8fcebd6162,data/images/canonical/7e5f2c8fcebd6162.png,ef45f10144f38e6c0b207c446863e2e5ac2adda485777765cf609b72d42b6bd8,final_transform,1.0,11.1.0
7eb0d2a55817901e,data/images/canonical/7eb0d2a55817901e.png,c043c05b2b120b7f3eb3c9a9a25de55a5d87482f9d8ebe212b9f47ef38fd782f,known_prior_history,0.7665,11.1.0
7ece4bc18b0e0524,data/images/canonical/7ece4bc18b0e0524.png,65e3befcb8deb316dcad3e2ce5f516b14fd7169b0cd7ef44b46c5372a139abd5,known_prior_history,0.5651,11.1.0
7ee0bf0e3e59e1f5,data/images/canonical/7ee0bf0e3e59e1f5.png,d546c810dba916673c9f4f562475a868181e133bf8d7147f230dfe026d2fcc07,known_prior_history,0.4655,11.1.0
7ef927c325a3ddbc,data/images/canonical/7ef927c325a3ddbc.png,62f9dda2a3ccab586f9eec1c2c46665d1ac40f43793f5095f32992722aee3949,final_transform,1.0,11.1.0
7f261f58ba14a9cb,data/images/canonical/7f261f58ba14a9cb.png,99b49e651c508b6020523263c9d828ff8e9f30d64a92101a39fc204cfb359350,final_transform,1.0,11.1.0
7f32394df30c5f35,data/images/canonical/7f32394df30c5f35.png,5d38766d69b7404141b01531ee6a069458b6896c1020af2c0a97d72b12afd81c,known_prior_history,0.7688,11.1.0
7f5124a2bdd8dbc1,data/images/canonical/7f5124a2bdd8dbc1.png,a1263da7d3b92833c47a7340291976a6dd77645e5b3873f5bb160ff90130c0db,known_prior_history,0.2133,11.1.0
7f6b68ca571d8c2b,data/images/canonical/7f6b68ca571d8c2b.png,080d5c8270aa167619a617d1c39823a3a58bc9dee792d9d233eaa07e976644e4,known_prior_history,0.6827,11.1.0
7f7e71b1bdd60a88,data/images/canonical/7f7e71b1bdd60a88.png,8a35afcfc2e937b0e3b3b78ccdd18a76f3785f111e5e609f75f0426423f5e980,final_transform,2.0,11.1.0
7f8c5bbdfa770c98,data/images/canonical/7f8c5bbdfa770c98.png,62643eaa928d6581f6e374db465842a5ea3a9985fb506a53491d01e9c1ea0539,final_transform,0.5,11.1.0
7f9ffbde838f6f43,data/images/canonical/7f9ffbde838f6f43.png,ba5192463714928d3f4fa762eb5fce3a41efcad34f2642ca65d4276a1ba634e2,known_prior_history,0.6827,11.1.0
7facbce7256b1f54,data/images/canonical/7facbce7256b1f54.png,b7ae257a08cbfef86adf627d5a72859931995ffe8379e5161f8c7ebe78e109d9,final_transform,2.0,11.1.0
7fd0b3aecf253b1a,data/images/canonical/7fd0b3aecf253b1a.png,9c2fc4a4065bc943b8eb42e99b522453a4e3f1f1f1adf2a10614abf61f0b08b9,known_prior_history,0.6416,11.1.0
7fdec966dc927abc,data/images/canonical/7fdec966dc927abc.png,ccbcc127272c7599496d2ff0910350cd35c96f8fac97b669cc3c3169fd7de8da,final_transform,2.0,11.1.0
8044181f63b78f27,data/images/canonical/8044181f63b78f27.png,c5267935dcddf7f457634bb4aca499dd496a68eb2994259d9a797befaeccf594,final_transform,2.0,11.1.0
806e264f2d59d5de,data/images/canonical/806e264f2d59d5de.png,26d0d29895ac6147da39f6d705e9b426d4c9b8561308a3c682e33c043b16bc0f,known_prior_history,0.6827,11.1.0
8078453a4b4f5029,data/images/canonical/8078453a4b4f5029.png,8be09df7dd2da6964aebb1a9bc9416ff4e286e6fd70a80e2a4580f7df9d57f2c,final_transform,2.0,11.1.0
80a96bb9594f87b4,data/images/canonical/80a96bb9594f87b4.png,862921d89f8ed10671415ed28743790e8cf3911386871c9422dc41796c02043d,final_transform,2.0,11.1.0
80abf8cd44a624ec,data/images/canonical/80abf8cd44a624ec.png,5781af6ab2482b8cfff7c2ce01fb450062c3439010ee9c5c794f1fe2680b1479,known_prior_history,0.0702,11.1.0
80ef2fd60538dba8,data/images/canonical/80ef2fd60538dba8.png,7ad85f034e90be9cc00927adbb37436b1380bff1e52b7d329a1444650f330f51,final_transform,2.0,11.1.0
80fc1030207036dd,data/images/canonical/80fc1030207036dd.png,e02e983355ca00b9f3690c310bbb334da005c77e04cb999cd01c06ba6e6fa7af,known_prior_history,0.7356,11.1.0
8112dcfa54201ef7,data/images/canonical/8112dcfa54201ef7.png,08e971e82514c6b218fde238a7d2dec280a3ecef36fc52857b498fe80c1bb578,final_transform,2.0,11.1.0
8123fb1ae56cd758,data/images/canonical/8123fb1ae56cd758.png,a80b756082a54fe1c561df7c68566b018ac1221f01192988f430a8805197afc5,final_transform,0.5,11.1.0
8138e684251bba96,data/images/canonical/8138e684251bba96.png,8b266d436a1f205d947c7dd8904d052a05c9e9fb0d8be5943f5cd5ff19574f4b,known_prior_history,0.7688,11.1.0
816215a7f76924c1,data/images/canonical/816215a7f76924c1.png,6fb13c32a2b272b082fec0813fe3020b7c483861a829d60af3a4a44354f0eead,final_transform,1.0,11.1.0
818a0605239c17ef,data/images/canonical/818a0605239c17ef.png,6607bcd7111059526a5478e63c45177dc3efce8eb43aeb9c0df282e4af2cddb5,final_transform,2.0,11.1.0
818eb9a56dc97914,data/images/canonical/818eb9a56dc97914.png,31ad72dcf45a51a3501918668da0a8bdf6f648997f3c1fe3ce5c90097aa83464,known_prior_history,0.5333,11.1.0
8192ef347787507d,data/images/canonical/8192ef347787507d.png,38311ecf6a69ea5ab0a8df8a788027869cc9fceb5eab4aa7b1df7b1cf14a77de,known_prior_history,0.6827,11.1.0
81bb2df068af483a,data/images/canonical/81bb2df068af483a.png,71c63be59b437615bfdcbe79b361533237ad56150e77e6a96faa6b7e0c08dd4d,known_prior_history,0.7688,11.1.0
81d4578af4703612,data/images/canonical/81d4578af4703612.png,7c04ad683aee3b7b4935b55a6d72383700b78fa0c208907eb7bd895dbecb5285,known_prior_history,0.64,11.1.0
82071b6536df3b5c,data/images/canonical/82071b6536df3b5c.png,655b1d63994432766e2e18ff732b479c95cba92d783d6798939e5e03097daa76,known_prior_history,0.7442,11.1.0
8217057ffc892cfc,data/images/canonical/8217057ffc892cfc.png,0dad5ad3238adf94825696dcbe995a9f7abaafab011d4bf2a3692d0cf60d2254,final_transform,2.0,11.1.0
823aa4245fc26526,data/images/canonical/823aa4245fc26526.png,2c8468c6dde8cf0b7f6b4095cba0a1cca6115a7b24e0836e7e258af6b15ad78c,known_prior_history,1.3128,11.1.0
824e04368de88ab9,data/images/canonical/824e04368de88ab9.png,0994392d99e85a74524b9cb16a16564b2d0e1a99c4d68504b03a5ef7d20cf50f,final_transform,0.5,11.1.0
8270c12c3053f972,data/images/canonical/8270c12c3053f972.png,22d73406bddd3a89352fc0b765ce5d68f2ceb5f47f9b65d0c559b99e023f41f0,known_prior_history,0.6009,11.1.0
827dbcf4da821f08,data/images/canonical/827dbcf4da821f08.png,061bec02ef8f8f53d8054cca2ea664334c9cd75903b4bc1267658bc367c822f3,final_transform,2.0,11.1.0
82a6969333a3b223,data/images/canonical/82a6969333a3b223.png,bef046bb1d40dd21e48e9f6bffc98c99043a981a127bc551ca979fb48c830a4b,known_prior_history,0.6827,11.1.0
82c4ab358fa17af5,data/images/canonical/82c4ab358fa17af5.png,e01b3720e9622550f58f70e67b56fb38d1beee40be0c55e2ac5369cf9ff55f39,known_prior_history,0.6199,11.1.0
82c6ad36e7ed8a68,data/images/canonical/82c6ad36e7ed8a68.png,8a4f15184ba8ebf15aaf466a1ae26726bf680bcc3e1993abe90889c26cefa93e,final_transform,2.0,11.1.0
82d9ca5f6baf2613,data/images/canonical/82d9ca5f6baf2613.png,7903d9c12e078b48486366ade495973ba7854693f574a155cd09793f51d1fa55,final_transform,2.0,11.1.0
82e538c084323859,data/images/canonical/82e538c084323859.png,a8eabc911e3ccaa0c121d7b13db63a26677f7d27e13e0eb112a3095b6e6688b8,known_prior_history,0.5831,11.1.0
82f1931d614e321d,data/images/canonical/82f1931d614e321d.png,106dc6b608c97cd08ec2af317d55370758248cebdafb632edab9212f881c0e0f,final_transform,0.5,11.1.0
8329978b533bb829,data/images/canonical/8329978b533bb829.png,a680dd6424f9493a01f08584919dfe9fb2b21b9b48a2ea1b39381ad6b0a2a3e0,final_transform,2.0,11.1.0
835a4cea886935c5,data/images/canonical/835a4cea886935c5.png,23da190b587b91bf601389e924e8c68fc8b5aac27c1e4f5fd8e4629865173e8c,known_prior_history,0.6827,11.1.0
8374afe9c9f3ef4d,data/images/canonical/8374afe9c9f3ef4d.png,6e9665baee8d0cdabfc0b740ec9ca67c36a59a9de1d2b061fcb945a8089558e3,final_transform,1.0,11.1.0
839a7f9d89e5db84,data/images/canonical/839a7f9d89e5db84.png,e01b7fa752d1ed7db663dd82bc3306882da16ba01b50cb28dc53c700843a09f5,known_prior_history,0.6827,11.1.0
839c244d15bee3f6,data/images/canonical/839c244d15bee3f6.png,7a0ce233e6df219a3a8bb647889c516afefb44bbf3c08d65845da90fb6c03740,final_transform,1.0,11.1.0
83b58bc834987d4c,data/images/canonical/83b58bc834987d4c.png,14143dfec595417d1cd48d35cd3a6315c1c9ad9f730372acfc186b6e8349144e,known_prior_history,0.7688,11.1.0
83d5cd6fd6e38e4f,data/images/canonical/83d5cd6fd6e38e4f.png,f9ad5b35f33577a3a670a18c6c852f808ae4368ae9f982e58a80a6edc0f2d48c,final_transform,2.0,11.1.0
83dc95be9d5a67bc,data/images/canonical/83dc95be9d5a67bc.png,cf58501c5b17c880b0164449b3ef99c6ec665ca2023f6e8a40f98180238561dd,final_transform,1.0,11.1.0
83e152ca3b8d5f0a,data/images/canonical/83e152ca3b8d5f0a.png,6ebf0199c4f0216b840e51af17f8c5073f11bb2f2aadd76aaade154d32c623b6,final_transform,1.0,11.1.0
83fe21aca7f64520,data/images/canonical/83fe21aca7f64520.png,05014624475e468c70c40886217e0873918925d2d7019f1a8911f195c0b8bccb,known_prior_history,0.6827,11.1.0
84118efb957404c6,data/images/canonical/84118efb957404c6.png,6bd40eec31e8d5990d0f640c36c8d3f0664dac7e0c39f6bdf2539e383b1a5047,final_transform,0.5,11.1.0
8413a4c9b5f53b3c,data/images/canonical/8413a4c9b5f53b3c.png,406fdc9c02e7dfffdbc833603151000b070fc5278d34e5a0f2edad552942b8b4,final_transform,1.0,11.1.0
841a7f6e3eb798d9,data/images/canonical/841a7f6e3eb798d9.png,47918fe4252cf09af5474ebaa0f0993efefb3010c4fa0aabe34d03c4b1ed47be,known_prior_history,0.6827,11.1.0
8421c4347ff09bb8,data/images/canonical/8421c4347ff09bb8.png,a9b315fa1a968c478427a6091d1b2274b881da3dff7b8297f406cb3c337770c9,final_transform,1.0,11.1.0
84243db456f49d89,data/images/canonical/84243db456f49d89.png,b816491780e95ce38fe407cdd6445017e298984c70bbfbc2b7f300dc7a788790,known_prior_history,0.6827,11.1.0
842b33b63dbb2a6e,data/images/canonical/842b33b63dbb2a6e.png,a75348889593bdbc3d805cc289b5e302fd9c7ce02d3f0a1b76bbbcc4d49be29d,final_transform,2.0,11.1.0
8436f831988ffa80,data/images/canonical/8436f831988ffa80.png,8baa2fb25a6ffe135f6a53172449a605cae0d7e285a3cd78969ad0b64c9180c7,final_transform,1.0,11.1.0
844502f768e5a5eb,data/images/canonical/844502f768e5a5eb.png,56b631e4752f6aa0390d2f9af999948a8e981d5d7b0ec952e0309c79e91c774c,final_transform,0.5,11.1.0
849544c0524bb94b,data/images/canonical/849544c0524bb94b.png,43f5d753e537235a1ccd0295e97da8c3ee760cf120e7e89840ce7ae0419e5a85,final_transform,1.0,11.1.0
84aad538cd8f6307,data/images/canonical/84aad538cd8f6307.png,7683c63d239101b556304bdf322ddce3b39f79719d48057ae6ae23615f56881c,final_transform,0.5,11.1.0
84acf4821b02c27e,data/images/canonical/84acf4821b02c27e.png,5cf8976c4869be825e69a86e715577d5949768fef6f9369e7341ead21545cfbe,final_transform,0.5,11.1.0
84bbbe63a9ff0c35,data/images/canonical/84bbbe63a9ff0c35.png,1d18736bae5ec734992f8efcd8e239f5a5eb68ac5bdfaa65eea177bc5a5ddce4,final_transform,1.0,11.1.0
84caed9e19e077a1,data/images/canonical/84caed9e19e077a1.png,77583bc25315ec9ed3fbce6dd90d30b6bbd0ea21772137b92d008179a41e5348,final_transform,0.5,11.1.0
84d92e6e79ad18b8,data/images/canonical/84d92e6e79ad18b8.png,f1ab3787554bc433b865b4cabca521a2cbf8792d57e3da2609c65a6e45acb6a6,known_prior_history,0.5505,11.1.0
84eb89beddf8da97,data/images/canonical/84eb89beddf8da97.png,756c38e4048b86c9cc9c00790751b9dfc55539c9680466dcf41c326fd68de62c,known_prior_history,0.7665,11.1.0
84ed26fcceb7a212,data/images/canonical/84ed26fcceb7a212.png,3a4ac858d88dfd0a20a168c3a30b45638d20316ec629b166dab827283922c81e,known_prior_history,0.6052,11.1.0
84f45b04ae1f6756,data/images/canonical/84f45b04ae1f6756.png,c92f79ccaaf4e974a60ab4d950045972fc58c08dd3d86ead94290a3e79c9dfbf,final_transform,2.0,11.1.0
85268fdfd7401c88,data/images/canonical/85268fdfd7401c88.png,9d2923b1bd1e2560258e30d5ea49a303789677c7f6e7a6b09267892532faf7cb,final_transform,2.0,11.1.0
85373c6b3028020c,data/images/canonical/85373c6b3028020c.png,1fd5272db4c05c701ed08d41027b1f91c07f9a2e9789611bbe034205d6aef8a2,known_prior_history,0.6827,11.1.0
855a2cac860fe082,data/images/canonical/855a2cac860fe082.png,6591f8c0cbce84c9a9f1fc904bc0beb6ae78cbf05467f2b0b1e0fcb06dfdfdab,final_transform,1.0,11.1.0
8560ff1dadb6375f,data/images/canonical/8560ff1dadb6375f.png,5e1e62f9641292a0a20b852e24ae8f2e348c627c059d4ef8f875af261eafa3d0,known_prior_history,0.6827,11.1.0
858b0e51e3944be4,data/images/canonical/858b0e51e3944be4.png,3442c39e7ca85d6a3ae96a51c57cfaed642bd66b422d8980f51962f00b179499,known_prior_history,0.6229,11.1.0
85e627002adca131,data/images/canonical/85e627002adca131.png,9b587e6a8b74a4e10530585cd62583d13f8bedd2ea50f54610b762cf9950bb18,known_prior_history,0.6827,11.1.0
862d199cf09b9325,data/images/canonical/862d199cf09b9325.png,99ba43c05943b09924af364c4eb50c4559443969a1647aaf57a01d592645d3f4,final_transform,0.5,11.1.0
86360e3135d3cf44,data/images/canonical/86360e3135d3cf44.png,ac37dfd14d64c68664fc807be61f6089f1d4cb93b2c5028fcaab439bc70b626e,final_transform,1.0,11.1.0
863eb5e10ce2d801,data/images/canonical/863eb5e10ce2d801.png,0fdcfa1cb4c29f5d7bfacb416f006947de87875624e9d921160282f3ad846fcf,known_prior_history,1.8417,11.1.0
864fae09cdbbf389,data/images/canonical/864fae09cdbbf389.png,ddc8482e7738c556a75687afbd9b676d27013478f72ea8167b729917723deeac,known_prior_history,0.6827,11.1.0
865f2e52c2e03ebd,data/images/canonical/865f2e52c2e03ebd.png,7f1aae09ec2365d3d8ee6d79c6e6ae951bc86600417772b4078cfc747bde6c77,known_prior_history,0.6827,11.1.0
866b2fd77f076f4b,data/images/canonical/866b2fd77f076f4b.png,0fa48cf9fb8832ceaac4f0b2e6def8d0d0bc70f7000ba01b773409b938d800cc,known_prior_history,0.7688,11.1.0
868120dff70f3f91,data/images/canonical/868120dff70f3f91.png,687bab598cbf20ea226d90405ef7e90fe65682a0c8a3ef0dbb3661f97406e43b,known_prior_history,0.7665,11.1.0
86876a11f48411f1,data/images/canonical/86876a11f48411f1.png,ffd7ca24305416f1587fee5d770d7a6a02fefc7a0badca175674123aae112da5,final_transform,2.0,11.1.0
869bf66a5a16f6b2,data/images/canonical/869bf66a5a16f6b2.png,742159dbad11e2272fc8579ad83ed4dfc5c86db5f5c6e8b1a86d0125822d24d3,known_prior_history,0.7688,11.1.0
86ae0495091625a7,data/images/canonical/86ae0495091625a7.png,f98a32492354b930711e4a2e139cd3358e5ee8aba2d62f184d549076412a5abc,known_prior_history,0.6827,11.1.0
86aeff95b0d651ca,data/images/canonical/86aeff95b0d651ca.png,5f76e412b5564b5f970c4492a03db6fa40888351ffb964cc2d594098ba191152,known_prior_history,0.7151,11.1.0
86b795b446034733,data/images/canonical/86b795b446034733.png,f67e73ede48027fcb7478b2c3e1165ccfdf679f804682c143e576ede15948aa5,known_prior_history,0.6244,11.1.0
86bb48a1ab93c52d,data/images/canonical/86bb48a1ab93c52d.png,502ec48673e0e5a1674ba437876c00128e2605d036bb9cfdb60db42cc32b2982,known_prior_history,0.6827,11.1.0
86c4fbd0d0459e54,data/images/canonical/86c4fbd0d0459e54.png,742bba829c545966e2b4cdca40a6e3c7e6864c4f4fc4d90d94ff1a0819dc0651,final_transform,2.0,11.1.0
86c56d3518c93091,data/images/canonical/86c56d3518c93091.png,77c7bc2b7e2f15a6715979051e04842fe7011c9cba574277b4f1ac96b72c610d,known_prior_history,0.512,11.1.0
86d56a71d0fb04d7,data/images/canonical/86d56a71d0fb04d7.png,4a49fd4a7076e3f91fbd1e3e874a8fca464dcbe46490d13ce3d274837854fa4b,known_prior_history,0.512,11.1.0
86e6eff69f01ac8e,data/images/canonical/86e6eff69f01ac8e.png,78e2069dd2ad35301c6a1b04cc18d574a3f271033d85db4a0bc7ce76113a0abf,final_transform,1.0,11.1.0
86ea38b4b0ea3d1a,data/images/canonical/86ea38b4b0ea3d1a.png,c74a968ffb68e859a59a31205e59000114189664770b9bd00d36bf420a96c60e,final_transform,1.0,11.1.0
86fa2e7e9f339968,data/images/canonical/86fa2e7e9f339968.png,01108315142e05ae752d8bca01f9d7c758b168f29c6af568cbfd2291bad7f3be,known_prior_history,0.6882,11.1.0
87024f1a0bb3bc83,data/images/canonical/87024f1a0bb3bc83.png,a9fe9a8021c864123d3f50596d12f107c1c06db7b5cb0db912fe7b80ab34147b,known_prior_history,0.6321,11.1.0
87040e8fe107aee3,data/images/canonical/87040e8fe107aee3.png,79762fa423c386fbd4667a46cc03b473c7afbc724e5c953a37796bcac45f7b56,known_prior_history,0.5602,11.1.0
871ce49cf6fad058,data/images/canonical/871ce49cf6fad058.png,1f6019fd939fe60bac2d053cf482f9eb05add3240ba783bd9e50b441c33c6328,final_transform,1.0,11.1.0
872d7533741a4d2d,data/images/canonical/872d7533741a4d2d.png,376a5d37c91a5c285133fd65f23d116d381428aff10d5424b06364cbe8a73131,final_transform,1.0,11.1.0
8741071836ac647d,data/images/canonical/8741071836ac647d.png,ae5dfe0a10a76714ff96012d7d47b63bf59150925b9c97cce49fc79120c599b2,known_prior_history,0.6337,11.1.0
8745a2c1fdf2375a,data/images/canonical/8745a2c1fdf2375a.png,d5441140ea83df6e61ace55b9d62c4a052b5ea3cd18a9fd51a97d5a07ed61fc6,final_transform,1.0,11.1.0
87560207e3ee0b2c,data/images/canonical/87560207e3ee0b2c.png,161163717294b5d6bd7d135e6d78c675354fa750c4cac0b5e6c1bbbc125420cf,final_transform,0.5,11.1.0
87566a8f215e6b67,data/images/canonical/87566a8f215e6b67.png,bde97596b4e4475d065e14afde6c7a31d98d151c4cd875a7a849e5f9a6a956d4,final_transform,0.5,11.1.0
87581323f36ce9aa,data/images/canonical/87581323f36ce9aa.png,ac2da34958ca3e28485c23425f836d518123b870038f29d5ada8b9fa769e5761,final_transform,2.0,11.1.0
877fc8c1f0346893,data/images/canonical/877fc8c1f0346893.png,ea24b0a1124e455573afb03190fa51862982b6458fb15d828794812da196311d,final_transform,1.0,11.1.0
878b1033cbaf4b37,data/images/canonical/878b1033cbaf4b37.png,65cab2edb79e3249ad9aeed3191884e2d491966a37f1b966573884fbeec603bc,known_prior_history,0.513,11.1.0
87b6983c57fdbac8,data/images/canonical/87b6983c57fdbac8.png,85b8b8bb24256b3390a142918d213e3fd9de0da047b88055ccb540f2e3e9b358,final_transform,0.5,11.1.0
87bfef2535bcb528,data/images/canonical/87bfef2535bcb528.png,b7797137a7815a0a258a2872db543461b5cb7fb119a69a276b38ff4212116e1b,final_transform,0.5,11.1.0
87d0293a5558f664,data/images/canonical/87d0293a5558f664.png,173e3c79da0fd6b9d2200b8a5e885022880c32ce98a52da5ce2c29cfdaa7ffbf,known_prior_history,0.6827,11.1.0
87e180c70f916689,data/images/canonical/87e180c70f916689.png,2ec72f8cf407f598e5f1ddbed74020c62626c569256409ec4aa1074b80d0a27c,known_prior_history,0.6827,11.1.0
88017770206e0068,data/images/canonical/88017770206e0068.png,806c2ecd96dada16bf0e11602495406277c3a521445c3921fcb0023e15a86d93,known_prior_history,0.6772,11.1.0
8820de5acf2ce5a6,data/images/canonical/8820de5acf2ce5a6.png,31dfe92c7ba05fc227c1ff1e5012b4ad68ade420e890877ba88084fcf39d344f,final_transform,1.0,11.1.0
883f43cb84437563,data/images/canonical/883f43cb84437563.png,0b82421d4b548447a1ed3393318278367a96dbae95649ed3f5e4a9048216a0fb,final_transform,0.5,11.1.0
8842d9e2a74b6a72,data/images/canonical/8842d9e2a74b6a72.png,9988a2d0fd9488d712193bd6f7d68bf43b4e478176f6d3e6dc740d4e353baba9,known_prior_history,0.5792,11.1.0
885814d7eeeb8bef,data/images/canonical/885814d7eeeb8bef.png,9ea19fd60689a94c4952411c814dcd579d36c937e280f511dff24a4f33a36bfd,final_transform,1.0,11.1.0
886263f163de6c91,data/images/canonical/886263f163de6c91.png,696f34df3975eceba0e9ac0838b2bcc87be221367d5e92a2145ed85280479113,known_prior_history,0.512,11.1.0
887e61ad41674b85,data/images/canonical/887e61ad41674b85.png,6d795e500a319633d852c7a0b6f47bd95a84b8a55007d1c01c29db69af0f5201,known_prior_history,0.7665,11.1.0
88a589aaad4f8663,data/images/canonical/88a589aaad4f8663.png,5c1e787f385ac5a8cf9db44e45a15b52581554749400391ef9188152194347dd,final_transform,2.0,11.1.0
88cc4464d2f14998,data/images/canonical/88cc4464d2f14998.png,5d0338b350fad751bfdf6961015fdbf5a1466928526223067c5ddb16ff325d20,known_prior_history,0.6827,11.1.0
88de2f41741ecb02,data/images/canonical/88de2f41741ecb02.png,79be5e832212da958c0d61fbf42b8957ab2899ad2cf46f7d0829d64bc6ae82f6,known_prior_history,0.6827,11.1.0
88ecab81addf7663,data/images/canonical/88ecab81addf7663.png,01a7e174952d269a530c076adcdbe44945ca49e142a9af61bc03a60c7c813c30,known_prior_history,0.6827,11.1.0
8915d86e2acdfda0,data/images/canonical/8915d86e2acdfda0.png,5eba1e0cbb663722d26f6dc717f92dc56d950d0e911df8a3b9f9ce02211ef133,known_prior_history,0.512,11.1.0
892556921029243a,data/images/canonical/892556921029243a.png,f894e279c9f1f2117051d402317116b43d14215e5c66ff00dbbd82ad04f21de2,known_prior_history,0.679,11.1.0
892ddada37280662,data/images/canonical/892ddada37280662.png,da005a02737ac875b75c579f18130c09024d02fc53003387741724d4819b9f32,final_transform,2.0,11.1.0
893d046a90898e2c,data/images/canonical/893d046a90898e2c.png,c93929ea653001672ebd17f93e053324fbce17c151d48594837ee319403a4459,final_transform,1.0,11.1.0
893d6be596f757fc,data/images/canonical/893d6be596f757fc.png,3c664976a535fb8ca644cf4fdd635eeded71ef5015964b23a8490970c93f15d9,known_prior_history,0.7552,11.1.0
893f8e91fa7f5423,data/images/canonical/893f8e91fa7f5423.png,2bb600ef1b552396fd33d7d214d84625c7aaa0474cffcb99517a659ae9b998a1,known_prior_history,0.7485,11.1.0
8944525eabfb189a,data/images/canonical/8944525eabfb189a.png,3343674f3c904bcd2d09d19b471d09fb168ad074c79f60af6dbafe23b6a01ee0,known_prior_history,0.6827,11.1.0
894ab8b0595fce4c,data/images/canonical/894ab8b0595fce4c.png,bd564a57151cb628e9e20a1c2355b74417a505283148493b6549d49a04623dd7,final_transform,0.5,11.1.0
89536b96f6a75a1d,data/images/canonical/89536b96f6a75a1d.png,8065810776f6e5bacbdcb325a48cd4876e6e7e795b643cf7d91920f8d170e177,known_prior_history,0.7619,11.1.0
896a42258f613616,data/images/canonical/896a42258f613616.png,63eae35c8ed2aecc5cd8d928d322e82e1835aea789eaeb759d55beee4c125e9b,known_prior_history,0.3012,11.1.0
896c6ad08bb4f428,data/images/canonical/896c6ad08bb4f428.png,c8f7170f55cf6031199dd137b93f989073647fc3bb63f42778448ad6b71fcae9,known_prior_history,0.7171,11.1.0
897e4210075fbd3b,data/images/canonical/897e4210075fbd3b.png,279d97d1c382bd45fd1de05795fcca06866fb3bd8132538674ae4e1ed4cfb518,final_transform,0.5,11.1.0
899531f190084a65,data/images/canonical/899531f190084a65.png,4f9b6d3ca3c217dcb40f4975911640cd9aad30eeeb317e290a6f579f69bfe36a,final_transform,2.0,11.1.0
89be51a48df94e1c,data/images/canonical/89be51a48df94e1c.png,27793b6f9f1d03b373d464d04b38f81d2c8398e4987674f628ddf8e9bea4dce5,final_transform,2.0,11.1.0
89f71b64b34cc86c,data/images/canonical/89f71b64b34cc86c.png,5b7bdf6fb1d301ba1400e4068819a70572c7b911f0d45bb4d350d1f575baf722,known_prior_history,2.2655,11.1.0
8a255251e630e21a,data/images/canonical/8a255251e630e21a.png,f3d659c7e0bbb13a13dbb24a6632c6b4fdf4c4ea373cdc7835c8625a96a4192e,known_prior_history,0.64,11.1.0
8a27a9b07ff27028,data/images/canonical/8a27a9b07ff27028.png,79cd45c9d12ecef316d5ae3a058767c98aa25e52bff687b0348dac6eed7bdd8a,known_prior_history,0.6827,11.1.0
8a289d6906f4343d,data/images/canonical/8a289d6906f4343d.png,d770335058b2cfebbdd2f28c19f0587606ff5d33d27317410a44f01a3bd23434,known_prior_history,0.64,11.1.0
8a3fa76d738a35dc,data/images/canonical/8a3fa76d738a35dc.png,46b954872baaf1e4c79a0b5cfbcdb82be004bff870c42ccd0facb18f08f3ef8c,known_prior_history,0.7091,11.1.0
8a61770072d6f30d,data/images/canonical/8a61770072d6f30d.png,e7ef40b4a31b91e9d3935ede513e2e62042aed9bed86f2bd845ed16ca3c6c0fe,final_transform,1.0,11.1.0
8a7f18d1a9e9f886,data/images/canonical/8a7f18d1a9e9f886.png,d521dfcf3dd65f40868c99850f3af6d7b4ce1ca3bd7848ab171c486805da430d,known_prior_history,0.6827,11.1.0
8a8aca4b877989a8,data/images/canonical/8a8aca4b877989a8.png,269bc102a6ddc33c92da6dd8c896d614c80754cb028885fa536edd37b25b1732,final_transform,2.0,11.1.0
8a9f13e56d303d0f,data/images/canonical/8a9f13e56d303d0f.png,e0f9e95395cd633638b3d6400f143c0a04ead3390ac53389e49e31c16584d5a5,known_prior_history,0.7688,11.1.0
8aa57e2933c6bc70,data/images/canonical/8aa57e2933c6bc70.png,ea1242e768257251b02ccfa35e768b1f6d8463677efbe937de07e4887bd6d5cf,known_prior_history,0.6827,11.1.0
8aaff25c2c21f89e,data/images/canonical/8aaff25c2c21f89e.png,1ce005eed1789bc2b54daeefe70b5bd07f5a2a6c9a8e5da665c8d240625a04bb,final_transform,2.0,11.1.0
8abbc36ee5881132,data/images/canonical/8abbc36ee5881132.png,d56f933adb4517f78361a8831498a66ad2d8e2c32987a5cfb10a4c08300dee0e,known_prior_history,0.5257,11.1.0
8ad84ab2bd79b369,data/images/canonical/8ad84ab2bd79b369.png,d90cf75ec541ce467f7e872ca2c2bb5f7b37d17f0ec7fbf6665b40bfe264b614,final_transform,2.0,11.1.0
8ae047691232fe12,data/images/canonical/8ae047691232fe12.png,b7f03ad95f9605ecaee8e5cb95d31586db8441a9f062e50de3e80235036cddbc,final_transform,2.0,11.1.0
8b143902accebe0d,data/images/canonical/8b143902accebe0d.png,7fd03ad0e733f7a566a8153d5f1b130ff78b495af9c908295423a1c652be94e7,final_transform,2.0,11.1.0
8b1d674139a68d8d,data/images/canonical/8b1d674139a68d8d.png,912ed222c4a976d5761af9d39bdcf5f14979ea55a88c45fb175bc775181d65a5,final_transform,1.0,11.1.0
8b2f6f79ac710ac3,data/images/canonical/8b2f6f79ac710ac3.png,5163d624b2dc5f4c17af5695ed819d0508503e116a87c2d27eadbe9a708a0bee,final_transform,2.0,11.1.0
8b36fa9dd4067b68,data/images/canonical/8b36fa9dd4067b68.png,5feeeabc8f6344390d4f4fb3f5d9b172a4184c7095f413b79cb6b7454e4754e9,known_prior_history,0.6827,11.1.0
8b49016db0b91553,data/images/canonical/8b49016db0b91553.png,42efda1a53b67810108bd27a0f8073307a4b2368d95824b16d141b3c598bd8ff,known_prior_history,0.7665,11.1.0
8b6a15db9ab89629,data/images/canonical/8b6a15db9ab89629.png,98264b31c96205662b40dc40fd9e62bcc137c18669a8f956b2bd647bd9956fac,final_transform,2.0,11.1.0
8b773ae15cb4048c,data/images/canonical/8b773ae15cb4048c.png,ee18732d111c4994706deb13778f9748393ab240e1e42666d0659ed7025a771c,known_prior_history,0.5912,11.1.0
8b82a64c384658df,data/images/canonical/8b82a64c384658df.png,95dff7ee5fb1c71b9e204064b26ca782408cc88fc3fbceb232212daf79865419,final_transform,0.5,11.1.0
8b9362d6b81b6270,data/images/canonical/8b9362d6b81b6270.png,b9f5fc03899ab653ae96987dc66d2238e5a21e758f709dda9afa5b7c6097bcae,known_prior_history,0.6827,11.1.0
8bc6f744187dd981,data/images/canonical/8bc6f744187dd981.png,db0eb8a83c7b480638090c0ffb123ed0924df431f8f2abecead53c3d1faa1fa0,known_prior_history,0.6957,11.1.0
8bebec23f8818017,data/images/canonical/8bebec23f8818017.png,573acfa6a1f3c6a285a638a37026504ba1ccf48a4ad0015d501fd251573db6f3,final_transform,1.0,11.1.0
8beeb99474930090,data/images/canonical/8beeb99474930090.png,e1ac9c727b45d4c151eac22909e5feafb9924d76000fb2e1a83b892b303cd99a,known_prior_history,0.6827,11.1.0
8c01ccb4049f6174,data/images/canonical/8c01ccb4049f6174.png,47ccc46dcd7ac8b3e95ac654cbc71542cd90c8ee527cda27caad425ee1140568,final_transform,2.0,11.1.0
8c28e9531e0aec59,data/images/canonical/8c28e9531e0aec59.png,a7739c8f02a3149dccaaca6d44f57e33fe249dbfe57faa9ca8c8f27cdb38bc80,final_transform,1.0,11.1.0
8c326e231076fe9a,data/images/canonical/8c326e231076fe9a.png,d3c27740768e1d58c9a7815ba1b4fe8339dec9d27ba75174883522da9455f096,final_transform,2.0,11.1.0
8cf565fa0555fb20,data/images/canonical/8cf565fa0555fb20.png,e6256732bc79d8fd43789ea2f6790c7e539d2219abbb19ecad3bfa8772747499,known_prior_history,0.7529,11.1.0
8cf95670b260e563,data/images/canonical/8cf95670b260e563.png,f768a7a02446ae2523896730371a7865654ff7d8cdc621e6c40112d3c68d4c1c,final_transform,0.5,11.1.0
8d12778e3ce91d6c,data/images/canonical/8d12778e3ce91d6c.png,63f7c3644ff5058ffa296e13959df10287a9a1ba15e6be1fbd5923e161d09f8e,final_transform,2.0,11.1.0
8d17a9eb51df30a9,data/images/canonical/8d17a9eb51df30a9.png,7dc33dc22d429e6e425391363eef6cbd9b7b3853d688572e139bf9e9cdf42a32,known_prior_history,0.6827,11.1.0
8d17d9ff78190d7f,data/images/canonical/8d17d9ff78190d7f.png,ae3eb9b7f389b5270157713774b87b06b937dd9515ddd82c016b89b581b6aadc,known_prior_history,0.9588,11.1.0
8d1e7a94802c91e7,data/images/canonical/8d1e7a94802c91e7.png,aba961aeef537db55f81054fa4da0e18fee07c8be311a0e8180c0244930347d7,known_prior_history,0.7688,11.1.0
8d2ffb0ddba5c615,data/images/canonical/8d2ffb0ddba5c615.png,43f5855daa17f30971b3748928e46e0e94aea83c8e8e610031a865224707920e,final_transform,2.0,11.1.0
8d5029f53d747f47,data/images/canonical/8d5029f53d747f47.png,fab9252412b4a132bdbaba0b3d383be9a17de478186fb1dd013bcbafad781d36,final_transform,2.0,11.1.0
8d73d4b76d2e90f4,data/images/canonical/8d73d4b76d2e90f4.png,36530c6ff0ab72ae90309304ca189f749dc53c1b145c82d27b37231c58f0139a,final_transform,2.0,11.1.0
8d77744d15975e88,data/images/canonical/8d77744d15975e88.png,32c0a7fb79c0069fa2855bbd0bad0d4ebcee2fa8abdeea515411d6bfc9721f7f,final_transform,0.5,11.1.0
8d81e1e22fa64c20,data/images/canonical/8d81e1e22fa64c20.png,999073f9ddd80366482c5ab74895221171b2bfb5bdd7fb9e4cdb19eed3aa3e9f,known_prior_history,0.5505,11.1.0
8d89c1d64fa67466,data/images/canonical/8d89c1d64fa67466.png,643b95dc0d785b3f555aec78374f122df0260543f2fb55cdcb25cd15f12a8dfd,final_transform,1.0,11.1.0
8d98dbf38d5d10b9,data/images/canonical/8d98dbf38d5d10b9.png,925bb1d55b11c67f04c27e7eae907d4cefb731916e67ae56cc78e2ad8f4957fb,known_prior_history,0.7688,11.1.0
8da7c0bfd8652750,data/images/canonical/8da7c0bfd8652750.png,58a3bde45f9fcfdd966984a3d24c9f97a288614197aea5da1eacdb06075aa3f0,known_prior_history,0.6827,11.1.0
8daf325fdc882053,data/images/canonical/8daf325fdc882053.png,f1b2748952d8059e4eaf63a5ffa52c35896edd8656f5916340cb9d09167413e9,known_prior_history,0.9697,11.1.0
8db77ae25d85f2b3,data/images/canonical/8db77ae25d85f2b3.png,6a5950e4a36b758fcfd11594c88ec6b5c3e087e19b66f6a50dd1b10d43a8988c,final_transform,2.0,11.1.0
8db9e3407c8ab6e5,data/images/canonical/8db9e3407c8ab6e5.png,a4541973f6c93133da0e4be3447ae5ac1a71d42711a6890b9551e21a93d52c95,final_transform,0.5,11.1.0
8dbbdf69cec5eb71,data/images/canonical/8dbbdf69cec5eb71.png,7ad666c61d6fd8ddcfb919b02c1b9dfbdb877f00835586dc42612274b8e36499,final_transform,0.5,11.1.0
8e14ce0ee1da5d66,data/images/canonical/8e14ce0ee1da5d66.png,cff73e0e396f2f2546874bfd7f701bc11a79af30dfc3ac4c304a6ae981dbae7d,final_transform,0.5,11.1.0
8e5391a9dee24c0a,data/images/canonical/8e5391a9dee24c0a.png,9a3ef06cc82bda434d887e658953b654e0dc3846e073f6d304639ce511354ec7,known_prior_history,0.6827,11.1.0
8e56cee648d50983,data/images/canonical/8e56cee648d50983.png,7aa7b76d8c047badf4e11897a18f30c64ff8cee41dbfede104ca97b7f3764291,known_prior_history,0.6827,11.1.0
8e64d4b263255434,data/images/canonical/8e64d4b263255434.png,6b4bd384d3016668f6ef9ac692726e1217b1930c664e1b451d140b2aa390f961,final_transform,2.0,11.1.0
8e77999a4a9dfa58,data/images/canonical/8e77999a4a9dfa58.png,a4541718135fb7b6cf2699276fa5bc23c8de06d4bc3bf37e7608796bf0a5fb7a,final_transform,0.5,11.1.0
8ecefdb68cd07c23,data/images/canonical/8ecefdb68cd07c23.png,f6c2d762987c9a308a35461e530ab6133de897f2d84c39ede25be699e944471a,known_prior_history,0.6827,11.1.0
8eee96e0f5aa67ed,data/images/canonical/8eee96e0f5aa67ed.png,b44cf4f6be64cd608abaa137563d331f884b4d0d6fe0342a1fda9fbf1dbed7dc,known_prior_history,0.6827,11.1.0
8f3f6e89e3318454,data/images/canonical/8f3f6e89e3318454.png,a6739e378c9687c420d1491cabbead688aec175f3ed7773f652c023cb07c2af2,final_transform,2.0,11.1.0
8f41a3e6cf0e8adf,data/images/canonical/8f41a3e6cf0e8adf.png,5eb3b55662bd725946793257430190a7a22a131706d3064eff8e27b779f31902,known_prior_history,0.6827,11.1.0
8f5f0b23d3455a1d,data/images/canonical/8f5f0b23d3455a1d.png,f3c54de434e3ca36028d0c13c94b9e203be8e845b5cd979d547c163637328b97,final_transform,2.0,11.1.0
8f7058b23214f3ef,data/images/canonical/8f7058b23214f3ef.png,17942c6f96d534a27b5955a72e143da3b77be7cabd0020e36bb986c3232afa63,final_transform,0.5,11.1.0
8fbbdcb5a8123141,data/images/canonical/8fbbdcb5a8123141.png,90401f986b3e461b1b5ecbb647fec146ca89dcf920b2e4d8634eedf60e8b21fb,final_transform,0.5,11.1.0
8fc45db547b0a22b,data/images/canonical/8fc45db547b0a22b.png,abd4ff5557ea977be899de71df5c684096da5006364ce5f03cb2e1abc4763b32,known_prior_history,0.6432,11.1.0
90107d1fd2fab94b,data/images/canonical/90107d1fd2fab94b.png,e6562deb48edc7711d3711427f11a925d6bf322025ade42d43e41e4ca75e43ee,final_transform,1.0,11.1.0
901089d167063c71,data/images/canonical/901089d167063c71.png,abb3b33363c7eb9e424598cbc42adcc431f9526cbda639a3f9ae03707b36031a,final_transform,0.5,11.1.0
9049ae8a12c6ff80,data/images/canonical/9049ae8a12c6ff80.png,990bd71341bf1d46c5d67b3ffb4de80a0401a58c0017f359837bfc926e767258,known_prior_history,0.6827,11.1.0
904b766b51fdea82,data/images/canonical/904b766b51fdea82.png,0010492f2c02b9933e5daa98fe3814adf2fb1d338546d52ea6de84c4e00d8450,known_prior_history,0.6827,11.1.0
904ee992395bfa61,data/images/canonical/904ee992395bfa61.png,65f2509435dc06f5164c2ae4698919ac40c51f3345b25b01ff9bfa5626c9a393,final_transform,0.5,11.1.0
905d9635ded21c9b,data/images/canonical/905d9635ded21c9b.png,b8a9cd8c3e6389f9c941464e65236d808d059b2baf1bba843882c0a34d775ea3,known_prior_history,0.6615,11.1.0
905e46ae1a9f8cc3,data/images/canonical/905e46ae1a9f8cc3.png,c4ff62db9df2e24694dd420d97f1ce71c41c6b6cf87c29e53d26b57b2c0c8778,final_transform,1.0,11.1.0
908ea6f8025e22ed,data/images/canonical/908ea6f8025e22ed.png,a31bcfe92e99f586ad6c1d586e8876a92aa8b0310c9857a02d9ba314004a90d8,final_transform,2.0,11.1.0
90a24dd01ee7f49e,data/images/canonical/90a24dd01ee7f49e.png,b7813c11f6f37fa29420e9567021b963543906665e38b43c545d79998eeb2c6b,known_prior_history,0.6755,11.1.0
90a62aa11b2dbace,data/images/canonical/90a62aa11b2dbace.png,a8fb7a9a2841343f6617dd7548483807719c00fe8ea0e0ecb4091c27bc3703c4,known_prior_history,0.6649,11.1.0
90baf76f096a5349,data/images/canonical/90baf76f096a5349.png,d834891267ad16eb0b073d890d009d9b6d317b316bf7b8e7e548fceb5caca3c6,known_prior_history,0.2133,11.1.0
90e00eb0899e3839,data/images/canonical/90e00eb0899e3839.png,6171b2472f9af05cfa6bc79c5a243fd42125068236100d82121f8d784f9ba948,known_prior_history,0.4376,11.1.0
910d37e2697520b9,data/images/canonical/910d37e2697520b9.png,1c23a301434ba7ee019ae5b7aa9dc97a295ca14232634fb2fd7ae4c051c9c6e4,known_prior_history,0.6827,11.1.0
9111760ea817ddcb,data/images/canonical/9111760ea817ddcb.png,b0cbbd11b548399f8893810af1c1f685c34e0be751bda12870914bdd9fd83baf,final_transform,2.0,11.1.0
9133e944794c7c42,data/images/canonical/9133e944794c7c42.png,fef630a5e19e3c5cf7da66ca06571c89afc16e2a9bc4aa06a2c203d900caf0a8,final_transform,1.0,11.1.0
9135e07953072d99,data/images/canonical/9135e07953072d99.png,615369ab1f0155010ed53d9b8d9b16a296c73101d70eb806e60df4acf1bdd015,known_prior_history,0.5333,11.1.0
917e7ee3fca4cc95,data/images/canonical/917e7ee3fca4cc95.png,a4a863dba65bd0d13bd4502ddd10d45b218e4215f3f5413cc173a13845519097,final_transform,2.0,11.1.0
9187c0313dab7453,data/images/canonical/9187c0313dab7453.png,4a2b522603b199809805d0bf548b0220c2530da7ea087dd3bc88e986a35f9822,known_prior_history,0.6827,11.1.0
9193bd729d49bfb0,data/images/canonical/9193bd729d49bfb0.png,facf6501ca7276ac20b7f4ee709149e681988fd494c82e3350f1a9a50d55958c,known_prior_history,0.6259,11.1.0
91996e5320f1ea28,data/images/canonical/91996e5320f1ea28.png,6dcd46de25f95ad02ce616742afdac3d34e9d708970912381925742999066d4f,final_transform,0.5,11.1.0
919b63f76f319c88,data/images/canonical/919b63f76f319c88.png,d9ee7f06fe51290fe21af983eb69e4aa2276df181e710f1e59148008a6edf47f,known_prior_history,0.512,11.1.0
91a8b88619dd1643,data/images/canonical/91a8b88619dd1643.png,038557be58323efaeb916efbce2998a7ac1aafb74b432ddda8c161b3c2b608d2,known_prior_history,0.6827,11.1.0
91a91fbc3a79e6ac,data/images/canonical/91a91fbc3a79e6ac.png,1fa2ae70b2e76f5478b8c26fe9254e96b4d2cc17cc31a86f57f552d153738f6e,final_transform,0.5,11.1.0
91bb711d1b0459b6,data/images/canonical/91bb711d1b0459b6.png,9c23094be11b1680a17d3716a181a83c8736bce912a10d4ab0f7bdf93d85b0ca,known_prior_history,0.6827,11.1.0
91c5457ec0a80df4,data/images/canonical/91c5457ec0a80df4.png,82a0afd4601418aa774c2e04c1aae7d8cf1567f29320ab1118e44c6df590b2fe,known_prior_history,0.6827,11.1.0
91c5ebd26836872a,data/images/canonical/91c5ebd26836872a.png,09bf336e72f775d320a9f87920a26e2702c76d2b23e64942703b62cd7209fa19,known_prior_history,0.5333,11.1.0
91c9d4478160488d,data/images/canonical/91c9d4478160488d.png,c2ea4435d5f3dcc9543d61868efc8a9b6d6d1d8988a6ac4e3fbfcc2eadb3c10b,known_prior_history,0.7171,11.1.0
91ca64c15a2b591b,data/images/canonical/91ca64c15a2b591b.png,2a1eb2f4857e42de36e560db0bef9fde32e3ca8e4d13a0696af374df95e06722,known_prior_history,0.742,11.1.0
91cc2231dcff1269,data/images/canonical/91cc2231dcff1269.png,45b04cf990bd74d1beee60ff4d2ffc19bc5208d9235064f3d536dfdeebfe2e8e,known_prior_history,0.5702,11.1.0
91e0cda623dac2ba,data/images/canonical/91e0cda623dac2ba.png,f0c9f668f3a83c186464f1114edc7c81efbca087c670e83f73785d8b0e69bb0d,final_transform,1.0,11.1.0
921bab4d07a3d3ac,data/images/canonical/921bab4d07a3d3ac.png,8b29ea6c7b56db316c04c9c46b813bb88b2d8e2b35826a4159ce2f8b76ed8a34,final_transform,0.5,11.1.0
92293964153f9898,data/images/canonical/92293964153f9898.png,8fd65ec92775f5aab5ab9503c22879dbb0c853d4a811a6b5c83a5f9622c86116,known_prior_history,0.6809,11.1.0
922abc7bf3c0887b,data/images/canonical/922abc7bf3c0887b.png,e659998a7af07b32d64bab40a1e95817f356626d6758419fe6bb2926d0fcdf0a,known_prior_history,0.6827,11.1.0
9236ad42aa989036,data/images/canonical/9236ad42aa989036.png,f09f3d4e2cb7f240fe0fe6bebfd6c2dc113ce4ee8b90f67ba0905de35fedb135,final_transform,1.0,11.1.0
92435f2df58c69d1,data/images/canonical/92435f2df58c69d1.png,38cd28bef7e3723359c3328f4cf62002c18041784f8691e050c287c3ea6f9e7f,known_prior_history,0.6827,11.1.0
92468bdfe783aff8,data/images/canonical/92468bdfe783aff8.png,6d0fb897c3c3849e3a20ebbf7d8a2e6c5f5215250e5f8a3f89d2cd34f34c7e4f,final_transform,1.0,11.1.0
92589f61d083245a,data/images/canonical/92589f61d083245a.png,b5d93f611983c5734e4097ec6f07372c760ffdcf81c459cc5f380fd746f51747,known_prior_history,0.7171,11.1.0
927ea1b2a9521e69,data/images/canonical/927ea1b2a9521e69.png,e89810a9ed4f5171544b3aa15b9a55a5dfc3549b522d44a8b823fecf05cac2d9,final_transform,1.0,11.1.0
9280ee99791351de,data/images/canonical/9280ee99791351de.png,e2efad2c5bdac0461dbc7b48e6a013c7b3d04bfb81dd3d5e52da2c7d4830a7ef,known_prior_history,0.6827,11.1.0
9281e98ff6d97570,data/images/canonical/9281e98ff6d97570.png,3a03584a373b6a22cab276dfec4712c0cb964a0dbb32fd864d6fd5bc81fd8575,final_transform,2.0,11.1.0
9282b1a39c558178,data/images/canonical/9282b1a39c558178.png,33500ee85bbb27acdcacb9a52c9049f8d7037cbe8b37caae220c96017bb444e1,known_prior_history,0.8127,11.1.0
928fcd144261ff0b,data/images/canonical/928fcd144261ff0b.png,2507403553e6a6418a0951247dec48cd0b5b1c76a2244e03321118dbc9e17685,final_transform,0.5,11.1.0
9290f013f25ba061,data/images/canonical/9290f013f25ba061.png,1e42d4f2a19897c07c45a8b7a6e9e3845091c3900fe421314103dffa42d8d40c,known_prior_history,0.8205,11.1.0
9292a775164d35c7,data/images/canonical/9292a775164d35c7.png,331d532e088936b797a9573a323620a3fc1a335defb97197a39fe32bc7f1f0b5,final_transform,1.0,11.1.0
929aea9583195e6c,data/images/canonical/929aea9583195e6c.png,8c0c3faa6a4bdba5cba10a2b193fde0f6e72f28faf2d367d30aad4d501bb5e20,known_prior_history,0.9446,11.1.0
929e00d533c911f7,data/images/canonical/929e00d533c911f7.png,b2bfdee633041a722c245b63c4306ff6f4e0830443f9e441a2b2120da586f563,final_transform,0.5,11.1.0
92be162e80592a84,data/images/canonical/92be162e80592a84.png,38bbc6e031f3b434c86415231c1afe7e828b0f6120b8e7f86bf573806799fc27,known_prior_history,0.513,11.1.0
92c58dd887cb986b,data/images/canonical/92c58dd887cb986b.png,347be1529525ec213b24b3cce6c0d1fb4b3a35030c69defc4467419a38e02e75,known_prior_history,0.512,11.1.0
92dbbc530e9d6cde,data/images/canonical/92dbbc530e9d6cde.png,e487a2d30a21d57d9aee9eb8c2fae5d7916811329d5bcc97b7398eff42da184e,final_transform,2.0,11.1.0
92fea7dc81377413,data/images/canonical/92fea7dc81377413.png,17415809dc689cae43d709a6c87ef225f3546b64eb2b022db89f4b027e6565f2,final_transform,0.5,11.1.0
931ad4f69060ea5d,data/images/canonical/931ad4f69060ea5d.png,c6b84961e6b412150735d8c5c828e84031d002fd72da18f9ee504df2c75bccbb,final_transform,1.0,11.1.0
935ad5caa8a7291d,data/images/canonical/935ad5caa8a7291d.png,1065b934eb1e2da9ce26cf633ffe3cfb9fd75259df3a564e8429e5c68770d8bc,final_transform,2.0,11.1.0
935d9b72f448f6f7,data/images/canonical/935d9b72f448f6f7.png,851bd04571a7b249989a8b237cabf746bf77b27288d197051360a0d4620e00fd,final_transform,0.5,11.1.0
93685bee52adb3f0,data/images/canonical/93685bee52adb3f0.png,4487e7ccb36d9b0550c36b0426c1d9a1040b02b1d1425483aae821aa41624284,final_transform,0.5,11.1.0
93779a9bfd43bf85,data/images/canonical/93779a9bfd43bf85.png,e1bc9f384e4405958b342ade6c2f1def8a9946d3bdcca6b65ef4072537d5beb0,final_transform,1.0,11.1.0
939018247fba7b9c,data/images/canonical/939018247fba7b9c.png,4bee9105d84b77b0ff0d8d19d588e94800d2bd3d2b8ae176bef342f3aed95b2f,final_transform,0.5,11.1.0
93a02685dff4bc0f,data/images/canonical/93a02685dff4bc0f.png,34588306dc9b024676ca51020079794a4a626ab348ec9076b2d50c25eddeb4dd,final_transform,0.5,11.1.0
93b920cd147ff387,data/images/canonical/93b920cd147ff387.png,e3608a9551ca404022777cc6a0b032e6614cc46f7450f947c53c16d4cdd64c3e,known_prior_history,0.5981,11.1.0
93bf4909a84567e5,data/images/canonical/93bf4909a84567e5.png,a359295fabecbc54c27b0fe069e23f59317d918b93ccc985b87bb68a6f577660,known_prior_history,0.7688,11.1.0
93d8db7cf87cbec3,data/images/canonical/93d8db7cf87cbec3.png,aa0ff8bef30af302f321d6ff9ebb8dad8d6c9f7d266219d232eb449d55fb3a31,known_prior_history,0.7091,11.1.0
93eaf9e06c1abba1,data/images/canonical/93eaf9e06c1abba1.png,f5bd8524453edf136998aadc6001d668b060ab405feb4298dfbe77ef1c1b5c7e,known_prior_history,0.5494,11.1.0
94013dde8bc21516,data/images/canonical/94013dde8bc21516.png,fd634bf6ceaacad0c32f638bbed6a81d02698a7e51bf53b27b1f5ac3ce7f11e4,final_transform,1.0,11.1.0
94103cf784c9112c,data/images/canonical/94103cf784c9112c.png,64587c2fc8ddb506846418c3c67568932ece5a81db2a1b5510d2642c46f1ccde,final_transform,2.0,11.1.0
941c1fd27220659c,data/images/canonical/941c1fd27220659c.png,62cc7147a1660445e185a842701f84d56e48bffe69ad1cc8c32e2aa9886b8a04,final_transform,0.5,11.1.0
94220b21b30c4ac3,data/images/canonical/94220b21b30c4ac3.png,6b6285de599dd0026e3b620496e36d477df4d28222d3fc5a0e7800dbee07928b,final_transform,0.5,11.1.0
945c06b219929b39,data/images/canonical/945c06b219929b39.png,94c5fa5ca7dcde385917c3e73eb3b1c996f0d9df56245ef345850a32d71fa936,known_prior_history,0.7399,11.1.0
949edf547623cd17,data/images/canonical/949edf547623cd17.png,6dd66b75f7ee4b147ca86c33f6634890f9e11d77c799fa1e3a5af28ee1ef6c60,known_prior_history,0.6581,11.1.0
94a33098a6f6f6d4,data/images/canonical/94a33098a6f6f6d4.png,882203fa066382deabb3fa3b14c4ae2d78d828cc76b46af24463c9b21ad00677,known_prior_history,0.7033,11.1.0
94ba1e3221798f0d,data/images/canonical/94ba1e3221798f0d.png,174cd4577e4edb61a799d3b1c4103e0430a95492cc11433451b69625e5a5fcf0,known_prior_history,0.512,11.1.0
94baef216a544dfd,data/images/canonical/94baef216a544dfd.png,7cc6d5cd5f5abd89dac05bccef497b3d032d7504292e3fae77c43c5225ce83c0,final_transform,1.0,11.1.0
94bcf2682d6c3dc2,data/images/canonical/94bcf2682d6c3dc2.png,597ee2ccf35edc728a896cac12883661c36eab702833ee16a27a65e1cf3628af,known_prior_history,0.6863,11.1.0
94cf0a5bbb57f22c,data/images/canonical/94cf0a5bbb57f22c.png,85d31c40bd23ee1ba33e798c5fe56da8da7e0e4663fa70695c5a74953074d8a9,known_prior_history,0.6827,11.1.0
94d80a7a4e7ae6fb,data/images/canonical/94d80a7a4e7ae6fb.png,0bbcef77d1e5ce1fc8cd48ed91e9f046cb45a13acfc31e53a4f36d254ed4ac0d,final_transform,0.5,11.1.0
94da9ba8dd221d0c,data/images/canonical/94da9ba8dd221d0c.png,6f2df95275aa2c8fc199612fc86ea40f38d932772ec9f79bfeba937f8ef16293,known_prior_history,0.7688,11.1.0
94db8768eddeb605,data/images/canonical/94db8768eddeb605.png,f258d0f1f2c66621f9ea58f7a2aae3abcba33a34e2234d099b17252cbd5e7f89,final_transform,0.5,11.1.0
94e36a975b238025,data/images/canonical/94e36a975b238025.png,5fd8e52575b356a2ac3feb4e7a1e82630ceae2f46bfeaa5533bce1e8ed3a46ad,final_transform,2.0,11.1.0
94f28a71500ea811,data/images/canonical/94f28a71500ea811.png,edc9a73a5d0103bdf168d03c207f82b8ae0530a2af4754136901ef9b88087e4f,known_prior_history,0.6827,11.1.0
94f4970e826bc17d,data/images/canonical/94f4970e826bc17d.png,76407d67aa23eef7a0db7d882a2ee9e2e0ceee1a840ddde7ca263cd3eed6783c,final_transform,2.0,11.1.0
94f797d1799f1590,data/images/canonical/94f797d1799f1590.png,538ce757732ddc8cf22b5443ca831db1ec019972c25f18e39a71bf7e65a4742a,known_prior_history,1.0323,11.1.0
94fb228d12cb6331,data/images/canonical/94fb228d12cb6331.png,c90d853fac89514923ec0aa62b0af4ed57e7ae541560f2190545f2c5a1a41bb8,known_prior_history,0.6229,11.1.0
95062ad76a36a573,data/images/canonical/95062ad76a36a573.png,0d30bdb337af4830996b81c9cbb76c0b8c051f22cd51d63334df1c826b31f4c2,final_transform,2.0,11.1.0
950a45226b43940d,data/images/canonical/950a45226b43940d.png,4699df19a75bc0b438b45c7165494334d12047b420f8f12c9b8eff79c5b2e45a,final_transform,1.0,11.1.0
95118b0518000e09,data/images/canonical/95118b0518000e09.png,1c694518204d42beb7bdd34b278fd83799f7ee039edb997fbcb3b5f58262ecc6,final_transform,1.0,11.1.0
9532bed711d8a1fd,data/images/canonical/9532bed711d8a1fd.png,2ca085b62aa270172adf31bdd02f67dc6c67dc8f32fe59fbe7aaa382631b28fa,known_prior_history,0.3743,11.1.0
9544e76c2256b1e1,data/images/canonical/9544e76c2256b1e1.png,d9ba2c9e1ca628b03c6d00605c6f21ab2c05d3e80f2640272f03f1c83c5ce1ac,final_transform,1.0,11.1.0
95616947b5364a3c,data/images/canonical/95616947b5364a3c.png,f2b842fd5ffc2c57bdd0b9fcf50337754e4ae5fe290beb129bbe0e221609a1e8,final_transform,0.5,11.1.0
9584dc2024182dcb,data/images/canonical/9584dc2024182dcb.png,f2d5f0ed40383876486460ff828a43607adc4b8947fb1b15caf50f95df3cec7e,final_transform,0.5,11.1.0
958a0479a8168c1b,data/images/canonical/958a0479a8168c1b.png,43476b29750c39b6d491cf38b640cf88c3b072b7c466c0cb9da0e61a5def6238,known_prior_history,0.6827,11.1.0
959c96d137c0a58e,data/images/canonical/959c96d137c0a58e.png,4642cf794c1693a343e465ab1b7b2bc1c83606d09ceb087022bc3fd6da1ef263,final_transform,2.0,11.1.0
95acb5c9ae9c8fdf,data/images/canonical/95acb5c9ae9c8fdf.png,6725cfefebe9f420b2a05af32615925a9b238978cb27d4773eeeaa4ef0e04360,known_prior_history,0.512,11.1.0
95b820ea58718151,data/images/canonical/95b820ea58718151.png,4f117f3645636153c382d2edcb83144e24fe544138e776f8c28504918ca965f5,known_prior_history,0.6827,11.1.0
95bc692420fb573f,data/images/canonical/95bc692420fb573f.png,79718904b5c1251c862dfe4463c71bc574aaeacc6180a8a3aa1398d78ff529be,final_transform,2.0,11.1.0
95c9cc876dc1ac68,data/images/canonical/95c9cc876dc1ac68.png,d0d9b05cc6811ef367a529d8ce7b2445122db4e0ba28b8c0e8abec0807f15b92,final_transform,2.0,11.1.0
95ea84daaa8c7f5c,data/images/canonical/95ea84daaa8c7f5c.png,fcca1e17942f8c8cb3547410e9616d60ada1122e0ee2edb1f0bc20fc5b8630db,known_prior_history,0.6827,11.1.0
95eee5990357a669,data/images/canonical/95eee5990357a669.png,235efa8c2d303efb8c558989bfd7b8e33eb36b3aae5111b9a51feb8780467d84,final_transform,2.0,11.1.0
961a08fdd1063e28,data/images/canonical/961a08fdd1063e28.png,e4de38b02483bed4182bfb4e3e25189b6b578179e3b5b488e7a4d9d8268b9763,known_prior_history,1.024,11.1.0
96243a6588c2e173,data/images/canonical/96243a6588c2e173.png,f604db21ec9cbb5ffd53198173d0652ed66e31f2930a77f569a57d6a88f169f5,final_transform,0.5,11.1.0
96328fd5d83619ec,data/images/canonical/96328fd5d83619ec.png,8820b31310f3cccf843da2ad814bedeee3b2dc3ee6846ba0f985bb3ab85b2d09,known_prior_history,0.6827,11.1.0
9656c10652975cf1,data/images/canonical/9656c10652975cf1.png,2f97de67a7167e18d843b1a904351927abb9f27adb42cc4d998d7556fc7bd6c1,known_prior_history,0.6827,11.1.0
96581157fb1a1565,data/images/canonical/96581157fb1a1565.png,d5b27277e6ef7d968dac91ea0ecab51ea3ee9e07963d6153b15daae54fe11d15,known_prior_history,0.6305,11.1.0
965db7685386ad2f,data/images/canonical/965db7685386ad2f.png,fa1e61290c1852608b80c423a24b5b06d685b3281f5447efca23c85488eb1752,known_prior_history,0.6827,11.1.0
96676cc2ee46a87d,data/images/canonical/96676cc2ee46a87d.png,c9a3fe8296a8bf0cf494eda2195a3a75ca55874182fcf7ffdb01df41fa36d10d,known_prior_history,0.5689,11.1.0
966f90bf160c1d29,data/images/canonical/966f90bf160c1d29.png,fe58720393e8deb28cf6dbe56037bd67b50e17a709f022fee62a3d5ff28da564,final_transform,1.0,11.1.0
967632d3333279ed,data/images/canonical/967632d3333279ed.png,683f847bd5b013095a9dc410cdfbf3fa8b8b45063759c33792164fbc0bb29fc1,final_transform,2.0,11.1.0
968bdc7b16fbacde,data/images/canonical/968bdc7b16fbacde.png,2d695d726285763e7b56513ad47641f3e0b8e34ad77d98b79c7d22890f1daf8e,known_prior_history,0.6275,11.1.0
96ae14ddadbef9a4,data/images/canonical/96ae14ddadbef9a4.png,baf2aaa2cce64dedbeb1d712564e8896af1a0397e7e7560aad822c32455ff317,final_transform,2.0,11.1.0
96b96b50920fbd93,data/images/canonical/96b96b50920fbd93.png,1b0b41362e456d26bae9bfc81ef5d3a2b4e8b1da1ea4b993fc004908f9c73dff,final_transform,1.0,11.1.0
96c77b74efdf5261,data/images/canonical/96c77b74efdf5261.png,8f85299c673cbc874ab118bdb23c0c95392780ffa17626b34989c98ab09fb199,known_prior_history,0.6827,11.1.0
96c969caea6fd6c5,data/images/canonical/96c969caea6fd6c5.png,843ae2a07208f375d9362079c435afee4b09d0aa8dd09d54472c789bb5b4c259,known_prior_history,0.6827,11.1.0
96d920063aac21c1,data/images/canonical/96d920063aac21c1.png,506cee3f2e5212bd475030d90a0ee2ea01ede240214b4cd6a09aaf19fe802771,final_transform,1.0,11.1.0
96dbffa0e9403432,data/images/canonical/96dbffa0e9403432.png,00e47d17db2510a9e6e4a92a249eeed218bd677661a0141e85e8109cfea17e14,final_transform,0.5,11.1.0
9719d1225767192f,data/images/canonical/9719d1225767192f.png,cf5ffc4d989029ee3d4b4ecba89c6efea29cd9be57ac7fd12220526aab39b337,known_prior_history,0.6827,11.1.0
974a7268e993cbc6,data/images/canonical/974a7268e993cbc6.png,0cac02c853301f68de6be979e756f37abfa890126ee7315ed88f55474a6ce786,known_prior_history,0.5333,11.1.0
978732daea40f3c3,data/images/canonical/978732daea40f3c3.png,f61b390da88156f6cb3fbe517839710572dc657472739a5ad636d8e3743088e3,final_transform,0.5,11.1.0
97a64c955697445d,data/images/canonical/97a64c955697445d.png,a5d90fa53f7622dd807ee2144d1b14969031883a334d5ab2bc1e4628fd0bbda5,known_prior_history,0.6827,11.1.0
97b56bd28ba1dd71,data/images/canonical/97b56bd28ba1dd71.png,e50a3ad5d9be6f2cc97ee584cc753eb583f1ffb9e9cff24679f71d7ffd3d4cb5,final_transform,0.5,11.1.0
97b668964d09d6e5,data/images/canonical/97b668964d09d6e5.png,17182bb27af368cc5591420c97a1dd8693233fc2cc94e19fe97c985d82b69701,final_transform,1.0,11.1.0
97c0a5c99159dfa3,data/images/canonical/97c0a5c99159dfa3.png,956ccc6ee06041950f12864d3a12aad758079218622a9966e76142ea975dc078,known_prior_history,0.5505,11.1.0
97ecaf1be5464aaa,data/images/canonical/97ecaf1be5464aaa.png,1927c8e3c90915dcc63868be99bacf2fedf93cbd9b545aa6a5726857d2ca0ad1,known_prior_history,0.6038,11.1.0
97f4eb8c39219035,data/images/canonical/97f4eb8c39219035.png,a9c67ce6165e872392a5aaf3aa3239abb967e494b5ad54f2550c32e65283d342,final_transform,2.0,11.1.0
97f539431ed834f2,data/images/canonical/97f539431ed834f2.png,a45371a3c1dccad27d9873572b8bf30c4b7f6f7181330ed4e0e5bd84b2d43a6f,final_transform,2.0,11.1.0
981378605cac2ac0,data/images/canonical/981378605cac2ac0.png,076f03f3bf24c8664acb913f94b4a7304cceb09cec467f8d1724623fc07434ab,known_prior_history,0.6827,11.1.0
98191d9a05743268,data/images/canonical/98191d9a05743268.png,85cc3d6fc236cff28c66e309db06dd0f701b2d6087c2faccdc1ce36d3b392c0a,known_prior_history,0.6827,11.1.0
984922b5a883ba54,data/images/canonical/984922b5a883ba54.png,d5b276c5151ce0a6efd2ac3052fb966dc5a1ef374cd7ec9f75b843f744361c39,known_prior_history,0.5435,11.1.0
987698fdab2b5274,data/images/canonical/987698fdab2b5274.png,6a3403951efed54edd28266cd0f0547d49dfd5844bd2c8ac2934368f5cd39950,known_prior_history,0.6845,11.1.0
9893d43aceb805ad,data/images/canonical/9893d43aceb805ad.png,09bd9cfb054fba431efde94188f375117c898d93052b59435e239eee1221d626,known_prior_history,0.6827,11.1.0
9896d14a1e9fc520,data/images/canonical/9896d14a1e9fc520.png,67e75fd8ff9584fd1a15a12ffaa189dcbe57f04ea6ef07c7baf041aa094e9044,final_transform,2.0,11.1.0
989dda268c9387a8,data/images/canonical/989dda268c9387a8.png,f0592b1b1d97e2a50a1afd4f20cba5bdf1fe883383248969c3e4d76b1484fad7,known_prior_history,0.6827,11.1.0
98c748ff0fb8af53,data/images/canonical/98c748ff0fb8af53.png,d2ce6b50eb6ad3e81cc819270723a4fd45d397a2747f21ccce4779017be2e1cf,known_prior_history,0.5639,11.1.0
9912db955ebd1e7f,data/images/canonical/9912db955ebd1e7f.png,917d7175be65119c009c7e4a9e8511b6602e50948a94b0052ae04670917203cf,final_transform,1.0,11.1.0
993f1032b0467c00,data/images/canonical/993f1032b0467c00.png,6134f205c6fb8c62074f91e9c7b398aaeb39fabfaa0fd33e799fc2c87811899f,final_transform,1.0,11.1.0
99410b2a71fa5218,data/images/canonical/99410b2a71fa5218.png,8ede6956ef38079d3e7f6102232f7b6d244eca511477c0d1686d4f1314437f33,final_transform,0.5,11.1.0
99681debc064864a,data/images/canonical/99681debc064864a.png,174436d0b38e574df67eaed061b29717597159031fba5f88587ec51b6227cc81,known_prior_history,0.5689,11.1.0
998135d7dffb9367,data/images/canonical/998135d7dffb9367.png,6e71613206e7515d07a95edd88189b513a326d24f680d73835cf38dacc473cce,final_transform,2.0,11.1.0
9986996bd77a711b,data/images/canonical/9986996bd77a711b.png,7d76ebfcf69e867b36a650f52774476c4410b983572dd53128105851e29f223f,known_prior_history,0.6845,11.1.0
99883c028e87320b,data/images/canonical/99883c028e87320b.png,d42b680369d4c788527c8514d10659fae623db79f8118374962fb9947cc39a91,known_prior_history,0.7711,11.1.0
999be6f76e8fe911,data/images/canonical/999be6f76e8fe911.png,bca05ad4b935bf93fb1eb9d648b982c7ca1cea5f62aeaa1e3dca10e807beaa2d,known_prior_history,0.5577,11.1.0
999c89243f92bff8,data/images/canonical/999c89243f92bff8.png,2dcd09d66001a503b345f1428e4d64ca43f032ddfbc5a9532ba7afefec88ed82,final_transform,1.0,11.1.0
99aa8b36cf33b489,data/images/canonical/99aa8b36cf33b489.png,f42ffac9ca2ba83fe73ae2501db599e0608114d18b488d84230df4051cd9dabf,known_prior_history,0.6564,11.1.0
99aae51786b1a62a,data/images/canonical/99aae51786b1a62a.png,9045b5d4ef7a259b4ee512dda923dea5a9c30b8653695b238c3ca5e6d62a3abd,final_transform,2.0,11.1.0
99ad36807362d90f,data/images/canonical/99ad36807362d90f.png,5707d5a4cf445c6b9be24552f58349edf656156bbfa9892ad59873a36b7f75a2,final_transform,1.0,11.1.0
99bd4dccaedc820a,data/images/canonical/99bd4dccaedc820a.png,536fe8a97ec801c623f526a1018bf651d772c66cb7a2478c57dcf1678638d408,known_prior_history,0.6465,11.1.0
99d0a9071dc93c6e,data/images/canonical/99d0a9071dc93c6e.png,69d52341bb345de333a92d926768841a0e94ac04a8f66a35fa15648cdf287766,known_prior_history,0.6827,11.1.0
99dc5d98ee745653,data/images/canonical/99dc5d98ee745653.png,40b1894e30534d20ace8ca3a7542cb2e928f84438f6f237b2638fd514c48d754,known_prior_history,0.6827,11.1.0
99e72a93852b31d5,data/images/canonical/99e72a93852b31d5.png,454db123b65cebb929c26bef4217a712d6d6521fc0b2f182ce8b747e21063499,known_prior_history,0.513,11.1.0
9a026d5e832ce719,data/images/canonical/9a026d5e832ce719.png,e262bec932d591b5df2a563045a8a327e3561b22f988a8672a10d655433a7323,known_prior_history,0.7711,11.1.0
9a302de4e6c2d123,data/images/canonical/9a302de4e6c2d123.png,ad5297ddef5d3409e2f62a3b2fc5a330e349bdc33f471d7b401614631b73d521,final_transform,0.5,11.1.0
9a58a86c301912ff,data/images/canonical/9a58a86c301912ff.png,deb4039db850582125c48ce35d42884b8251af84f8233fb7a5627b20c293185c,known_prior_history,0.5267,11.1.0
9a64d543efd5d889,data/images/canonical/9a64d543efd5d889.png,c16d71e5bad3ed1b88a058b447fa54c5029d4537bab049c349aad10304815dc9,final_transform,0.5,11.1.0
9aa14e51ef0104f9,data/images/canonical/9aa14e51ef0104f9.png,b008ac241a9c0387c6c02ec615787e7b22acdad7d112fc78f595b9e2756722d9,known_prior_history,0.7688,11.1.0
9ab4932c1c960406,data/images/canonical/9ab4932c1c960406.png,0d60cddce6c4d85c85f10c67ae7df01491223c201b3415925d6b02707a86c6cb,known_prior_history,0.6827,11.1.0
9ab49956d76e7347,data/images/canonical/9ab49956d76e7347.png,dbc80870763c1172f56e4fe08858c28c43244a9930b27c10206fc3fc598901c5,final_transform,0.5,11.1.0
9ac562901573a484,data/images/canonical/9ac562901573a484.png,5766161cb565d8312d5eecdea96b54d8fe6677aef66daeb4880bc3b67bdb91f7,known_prior_history,0.6719,11.1.0
9ad00f1102144156,data/images/canonical/9ad00f1102144156.png,4969565c67b64c97bcaae80af76238cfd57a7e2879a14ea40a83e5ad2bc90bb7,final_transform,0.5,11.1.0
9adc9051842147d2,data/images/canonical/9adc9051842147d2.png,b0931074db6ef486b50e843f80922087278a4c6f90205fde3f2f2d0011ba9219,final_transform,1.0,11.1.0
9afe41ea459314a5,data/images/canonical/9afe41ea459314a5.png,29133b9b137a92bc2630e8c295755d2ecb54aad7eebda9bbeac08e83386b5f91,known_prior_history,0.5367,11.1.0
9b1b1815a42db849,data/images/canonical/9b1b1815a42db849.png,5e68e5e8d95546e7d867b8192d925776d58eb2ba01f365faf1efa5646c45ee90,final_transform,2.0,11.1.0
9b35c53af4fa9d67,data/images/canonical/9b35c53af4fa9d67.png,0d88cca1c3c8262b656f15f1131b900fd8630cbd5355c79a5b2ea87aa3a51a7b,final_transform,0.5,11.1.0
9b3aff4b6d02ea8c,data/images/canonical/9b3aff4b6d02ea8c.png,c2f25b38bfac4fbd671b3caa19479c6ad68df4fe4be241dd14ac7f2fcaf856d3,final_transform,2.0,11.1.0
9b41c5a7d4e30240,data/images/canonical/9b41c5a7d4e30240.png,03545e549ca944b0a7bbb970b031521b9c4431858d5798dac2bda3ff4f7f9187,final_transform,1.0,11.1.0
9b6c653280ebff35,data/images/canonical/9b6c653280ebff35.png,b690bdc7b22c8c062fbd4552cc095c43f7aad1ff35b212697df5377b7d4391ec,final_transform,0.5,11.1.0
9b6ddc87996d71dd,data/images/canonical/9b6ddc87996d71dd.png,d2a9ca2e986f6bca618bc5e0f5a10d6cd8f667df017f60db98838fe6f3754801,final_transform,1.0,11.1.0
9b7701e60a57bd31,data/images/canonical/9b7701e60a57bd31.png,3ab49ea3fd06e981829eadb4b51a181ac0825ec306593c68960ca53f777dcddb,known_prior_history,0.6827,11.1.0
9b872cc18c537f1a,data/images/canonical/9b872cc18c537f1a.png,4c6a322fcc1c2b07caf10dc0e41772326a9c690426c7520734d7bceae4152d51,known_prior_history,0.3333,11.1.0
9b922602c5fa2ba8,data/images/canonical/9b922602c5fa2ba8.png,51f6ceae5dd9980a99f2e937807dd067fdb70e1614b8cb6f44c363ecfcba2541,final_transform,1.0,11.1.0
9b932a40a65ee5b8,data/images/canonical/9b932a40a65ee5b8.png,2501679764a8c04c0d9300ba4178431545d5b319240e8f3db5a18889d8ae5048,known_prior_history,0.6827,11.1.0
9b97093c962efb1d,data/images/canonical/9b97093c962efb1d.png,a798a7a240418c079f20f39449a57c1faa75c02abe9bb82d27f1c26539fad804,final_transform,1.0,11.1.0
9b9ccebf08ebf4c2,data/images/canonical/9b9ccebf08ebf4c2.png,16a9ef2f090fcd086292c99d1ff81ccfb1d84ff236f7f532bab418bb8528033e,final_transform,0.5,11.1.0
9ba3a019f99ac84d,data/images/canonical/9ba3a019f99ac84d.png,3980dbf8dfdd028aa5c6c09cb5d048975bed0688867911103742f756e05b5127,final_transform,1.0,11.1.0
9ba4c43788ffce36,data/images/canonical/9ba4c43788ffce36.png,e974d00ba6de459cecbf6343defbb71f8421e29808824e3b7471b213c2847835,final_transform,2.0,11.1.0
9bc0879f6b59c194,data/images/canonical/9bc0879f6b59c194.png,d6dd060c99e335fb8ffc91b5cb0d6ccd24c3c485609aea3b4d7f4cdea35b167f,final_transform,0.5,11.1.0
9c009fb736a01c2f,data/images/canonical/9c009fb736a01c2f.png,276abef6437b4678cc134e6b1efda9fe821dd68146ef9b8278a93e9259c05722,final_transform,1.0,11.1.0
9c33395607f86aad,data/images/canonical/9c33395607f86aad.png,46c299709ecd0533a2b53a06587f623096901c9c3ec6d54a9ee559f32c7a1a0f,final_transform,1.0,11.1.0
9c36d2bf2bef1cc5,data/images/canonical/9c36d2bf2bef1cc5.png,c9e40ee19c29477d2e95cb1e19a61a6ff48330af7cc21fd26e580c98d3561b4c,final_transform,0.5,11.1.0
9c477602272947a6,data/images/canonical/9c477602272947a6.png,5a7ba811e42a2aefcf62ffd22cbd94138b6c0f7ab6ed705a4066502f03cf2e19,known_prior_history,0.547,11.1.0
9c509e5efbb65a52,data/images/canonical/9c509e5efbb65a52.png,4d17c1feda7cf87ebc24ce6e1d298973d04f6609ee6d039a43c06266ff25a981,final_transform,0.5,11.1.0
9c56cd4dc3696962,data/images/canonical/9c56cd4dc3696962.png,76ff2caa9de13e18f268e6a6cbc6f7f500e78bac3565bda6d80b5a54ccb2bd18,final_transform,2.0,11.1.0
9c57f588cf6c0775,data/images/canonical/9c57f588cf6c0775.png,8bb09b0e4477b0749038fa6b90149de9cd327e35e021703f4d9e70f2541d0bd6,known_prior_history,0.6755,11.1.0
9cc5d3d579a22e72,data/images/canonical/9cc5d3d579a22e72.png,a2a60c921d36087a44622350d16d0f8c8db9c95edc9467beabb9ef01ed755bf5,final_transform,1.0,11.1.0
9cd56338d1d7d175,data/images/canonical/9cd56338d1d7d175.png,d5b35e1e446ca09925b83f9985eb7f3c2a3c68132aff6b629fdb4429cafc31e7,final_transform,0.5,11.1.0
9d127dac1058a83e,data/images/canonical/9d127dac1058a83e.png,b52df723f98c980d5d4901a9f327ab02c81f09e56460fddcbd715d504329590a,final_transform,2.0,11.1.0
9d14bd27c0dd1817,data/images/canonical/9d14bd27c0dd1817.png,a6d785d38246bc3211e9cee376ef3d5df8669eef1534222b883672a0611f2298,final_transform,2.0,11.1.0
9d1f5fb6c86ca804,data/images/canonical/9d1f5fb6c86ca804.png,c98d320dcd0adaafe5463952e804e3032de5044f1da7ae47bac9a861360b3f94,final_transform,1.0,11.1.0
9d461f8cc6830fbc,data/images/canonical/9d461f8cc6830fbc.png,0e0fc1f0ae54902bda576efa93521532d8ac60161ab02c4a7b5c2c512d3c101c,final_transform,2.0,11.1.0
9d470a0a338691d5,data/images/canonical/9d470a0a338691d5.png,f392d5827cd3770312a268d0ed86170ea92d7e68008ff72738b69f98ab3682d9,known_prior_history,0.6827,11.1.0
9d525ed57fe8630c,data/images/canonical/9d525ed57fe8630c.png,4203a3da24a40ae2eb5b6b98234b395eb2e0d4d443d73f85af757369281fa61b,final_transform,1.0,11.1.0
9d70cdd1bb9b14fc,data/images/canonical/9d70cdd1bb9b14fc.png,6834fe270253f4a15537f4909c11c390197aa7705085ee9b385179342fd03cf3,final_transform,0.5,11.1.0
9d83e2da273bd9e9,data/images/canonical/9d83e2da273bd9e9.png,d0b2d24e4ad839c1806863bc0d6be2f19aeaed5b9f714f49fd87a6be85cdabc0,known_prior_history,0.6827,11.1.0
9e2632830d705d22,data/images/canonical/9e2632830d705d22.png,cb3965b04b32d71143293c28cc51bbb3f274e53b42370a862a2a3ec633ccf499,known_prior_history,0.7378,11.1.0
9e2a523592b8c929,data/images/canonical/9e2a523592b8c929.png,760bab7facad19feee0052fc83dec79b24b9c8cc358bd5b4e1e23baccd3dc0ab,known_prior_history,0.6809,11.1.0
9e2df1732c0cd95d,data/images/canonical/9e2df1732c0cd95d.png,3413983dcb16af481c19d1ed4e49bb7aa56a0dd585c8a89b85474832682c0e40,known_prior_history,0.7975,11.1.0
9e38134641dc2f4b,data/images/canonical/9e38134641dc2f4b.png,bfdbfeaa35302fecbef5fa5f1ffe54a440c0e1266da0c20f1cf32a4c08e2a5b6,final_transform,2.0,11.1.0
9e4c41886b3fa79b,data/images/canonical/9e4c41886b3fa79b.png,35862ebc7179fe42c643624ebeecc9c202a6d973354aa762562a29de6edecc97,final_transform,2.0,11.1.0
9e904179e4cbb56d,data/images/canonical/9e904179e4cbb56d.png,8fb82482ee8c9b9ec17f24bfa2d4601c2bd524e34c1bc1fea8a56fa000c4e1bd,final_transform,0.5,11.1.0
9eae216a7cbcb00b,data/images/canonical/9eae216a7cbcb00b.png,80bac4e832a1192d8b927922885da0935a00792ae85873f1e24a13f890e2265a,final_transform,1.0,11.1.0
9eb074b9102efcae,data/images/canonical/9eb074b9102efcae.png,7f0759c76c3edae5cb6c86a5e36ef440e3b75bd5f6890a9d22692756e35f8c1d,final_transform,1.0,11.1.0
9edf8ed46677eb8b,data/images/canonical/9edf8ed46677eb8b.png,8cadc6a77295d7b630eafe7d863cf01337aa3afe76f7e592d834811d56056b75,known_prior_history,0.5141,11.1.0
9efcb5ea00a82cf8,data/images/canonical/9efcb5ea00a82cf8.png,92dd5fc28127c3c6af46dfdd5ff209511a4ccea7ddb495bc4f9d0623b82f015d,final_transform,2.0,11.1.0
9f0a0209981f52a9,data/images/canonical/9f0a0209981f52a9.png,a0f690558464ef919a712bfcee9a52360fc506b26c90e801d276293066eccf0e,known_prior_history,0.6124,11.1.0
9f0d4b88002ea27a,data/images/canonical/9f0d4b88002ea27a.png,b766aaa0076cf36bbfd4c17143795909218133136b5caf287d29f39c1dcf61fa,final_transform,2.0,11.1.0
9f2ca186c11c995a,data/images/canonical/9f2ca186c11c995a.png,a29b694b850a1ef4f94f9836758e3de7f8c834e47efdd8adfaa298636f7d8c81,known_prior_history,0.6827,11.1.0
9f39aa3bd7a431bd,data/images/canonical/9f39aa3bd7a431bd.png,a4fe067e55e0cd256889dd4b1abaff8d177bfa9e05dba1822d088539d2a780f3,final_transform,1.0,11.1.0
9f3e51551efaae3a,data/images/canonical/9f3e51551efaae3a.png,cb7a845f3acaf9918a9061d29640345efc07b7d298f09c4ffe04209ae5eb81a2,known_prior_history,0.6827,11.1.0
9f6aeb82f8d414a6,data/images/canonical/9f6aeb82f8d414a6.png,8a256bc097516406c83bee82007b021d39a66a55d262749f0a229d78eafbccf9,known_prior_history,0.7688,11.1.0
9f933392579b1c67,data/images/canonical/9f933392579b1c67.png,a6d47b054e86693257a1c1f36c18deedf878d17c350622aac886854ca75e224a,known_prior_history,0.6416,11.1.0
9f97999a0b965832,data/images/canonical/9f97999a0b965832.png,743341c6ee9efe16b8efcae26ab4aa17b732deaa17a45cec9aaa4fd4b0d19682,known_prior_history,0.6667,11.1.0
9f9e9b40cdb7669a,data/images/canonical/9f9e9b40cdb7669a.png,5e8fa80dfd0c38dc41fef5938d04d8f2f15f3e389a536126fef3bedc29de824f,final_transform,0.5,11.1.0
9fa4e835de2af999,data/images/canonical/9fa4e835de2af999.png,1a57b55b45a453aad8a7b12eb0b8cb3cd942faa7e1d54eea18ddf518277b5300,known_prior_history,0.6827,11.1.0
9faead9dbbc6e958,data/images/canonical/9faead9dbbc6e958.png,eebf13f526646a1dcff2abbc9b08a2d7c1f3ca1446f3af1391bb87d29dbe96d9,final_transform,1.0,11.1.0
9fb43d88863c6850,data/images/canonical/9fb43d88863c6850.png,376253d0f58f681deefcf6aea18432359b31dd2310fb15cad6030de1632021d0,known_prior_history,0.7688,11.1.0
9ff0401f4dfbadd0,data/images/canonical/9ff0401f4dfbadd0.png,169efbd83758457320473e7207b99a5dd6147992b5432044f0d0597eaac6d44b,final_transform,0.5,11.1.0
9ff22f85707cbbe4,data/images/canonical/9ff22f85707cbbe4.png,afe5d425bcce20d289137834e9c410e6a214d7575c76ecd0edf0c5d739e0acc8,known_prior_history,0.6827,11.1.0
9ff27ee59ea83609,data/images/canonical/9ff27ee59ea83609.png,c06ec220b16938aa4763f6f6ad9c65bb3aee7c5d63b83945cbb368ebca8a7eaa,known_prior_history,0.6827,11.1.0
a00cfb18264ec4b8,data/images/canonical/a00cfb18264ec4b8.png,aaab68411d5de5a4799320e70ae21dcd0686a083a6ee370040e41d6a8ced733e,final_transform,1.0,11.1.0
a01605076164fa3d,data/images/canonical/a01605076164fa3d.png,d42c4ba0074ffcd43f05a929de2c4096938ad8df28fcb7fe492d44e8edf31803,known_prior_history,0.6827,11.1.0
a029ebab8d491b38,data/images/canonical/a029ebab8d491b38.png,9d8285a8330ef3ee49421059590659f913c14fb385615ebc2916ec7a6b43269e,final_transform,0.5,11.1.0
a08d26762487d93e,data/images/canonical/a08d26762487d93e.png,f9f2c1403ef7a9bcdc9cd721c3814f37c0613f65375b9477cb94c18ab32a33d1,known_prior_history,0.6827,11.1.0
a0ceb797289cccfd,data/images/canonical/a0ceb797289cccfd.png,f486b0696839948029d0c375b4e70ffa40d352de6ef003f1b546f1b30d1ddc1d,known_prior_history,0.5967,11.1.0
a140c9263c76c7e3,data/images/canonical/a140c9263c76c7e3.png,ae57c423e88efe7b7f1d38738ec44f9d82b50303ba05b489254b2257cb9315f3,final_transform,1.0,11.1.0
a161a750c1c6ac9d,data/images/canonical/a161a750c1c6ac9d.png,b3927ba916ef2be37aa8ce24996ed146dfe3368e7afbb653eba621f5b7aab051,final_transform,0.5,11.1.0
a1896b23fba7d1c8,data/images/canonical/a1896b23fba7d1c8.png,5f49570d8a26bb0a2011dc6a7efa30f822b47ed8c99d48e8f77a4c776174ab8f,final_transform,2.0,11.1.0
a192b600631d5a5d,data/images/canonical/a192b600631d5a5d.png,dbae7acc3368e559ce2475593528a221f87fa37ae665868f98b42ab0eaf37383,final_transform,1.0,11.1.0
a193daf618248dcf,data/images/canonical/a193daf618248dcf.png,6e09cab9bddbfbe2d3c554b64dd86c2a7dccec4afd9ee843d1d9583224d84634,final_transform,1.0,11.1.0
a195ab6e24b1b1fc,data/images/canonical/a195ab6e24b1b1fc.png,dfff56fe8fda9c1e88e0bf5e8cd67c69bc980f81902a74095edea9cd4b6b1746,final_transform,2.0,11.1.0
a1d669056d5a1f90,data/images/canonical/a1d669056d5a1f90.png,25cc8366f44c484e8184e1531b40411149fa5ff4c863f87e9aeb99d708750391,known_prior_history,0.3333,11.1.0
a1d78c7c46d19fa0,data/images/canonical/a1d78c7c46d19fa0.png,f96eaec24b7cd14f5e2c3f6fb5721fa8fa873fbb7d243d9c9a154a12b7ba03a1,final_transform,2.0,11.1.0
a1deb77551ba1187,data/images/canonical/a1deb77551ba1187.png,1fa482b93af14cddadcf3db68203cfa4d85e08bf11e5a8c573bc9bf77c141a1a,final_transform,0.5,11.1.0
a21e3318668cf05c,data/images/canonical/a21e3318668cf05c.png,b96a4217e4d93961ca7bff98e31fea5361195289745073376db90c59638c6b42,final_transform,2.0,11.1.0
a23590535e118b29,data/images/canonical/a23590535e118b29.png,28dcbbf68f02ec32f972928c78281c4118e05383d2c7fa3ae5c0059f8faa2e1a,known_prior_history,0.6667,11.1.0
a2669bb43ab66d5e,data/images/canonical/a2669bb43ab66d5e.png,3d6508061c196677ae9c9dd01f45e62b041941c11582382c83206c0e8f809deb,final_transform,1.0,11.1.0
a28b112e7d2f336d,data/images/canonical/a28b112e7d2f336d.png,bfc94daf942c8abbd48baafa0d37085b7656958e233fd6b345426a200f9cd2f4,known_prior_history,0.6827,11.1.0
a28f2316acc621d1,data/images/canonical/a28f2316acc621d1.png,ee41f58e90b0e54a9f43d465346d67935d26b4d123fea7a56e6ba887779949e5,known_prior_history,0.2424,11.1.0
a2b6f63fdf10035e,data/images/canonical/a2b6f63fdf10035e.png,b1c0b6e5c14187e6269fb7bdca8c184f26e2a487f893c26b3712f413b19baf9d,known_prior_history,0.7781,11.1.0
a2d126b03046538b,data/images/canonical/a2d126b03046538b.png,6649499acca5eff120c2e0a47d1510551fc6337d9ec142f641653418e6230ee6,final_transform,2.0,11.1.0
a2d159ee87ab5a29,data/images/canonical/a2d159ee87ab5a29.png,23d401d65b6c3d414f84059a5796e02e1825b07e3033b1d9fc968a6d3f0813d9,final_transform,2.0,11.1.0
a2d31dee789ce273,data/images/canonical/a2d31dee789ce273.png,650b2cc48d42366ee8786c686d380236f974004351a468fc8570c58bc91ac9b0,final_transform,2.0,11.1.0
a31f464f15c1bc9e,data/images/canonical/a31f464f15c1bc9e.png,3962d9def5e64fb14377b578ff2598b95ea32135802c86636df358fcb6553cd6,known_prior_history,0.8127,11.1.0
a34539c5c47ce380,data/images/canonical/a34539c5c47ce380.png,74594899663e0565ebabd93ea52df72a86987416f4b688c9cfac816b2639a606,known_prior_history,0.6827,11.1.0
a35868ec3d30b078,data/images/canonical/a35868ec3d30b078.png,053258475bf38ba3090e49048b7590ae0d04e27f22e65d07dacf8f0aac6a6b6d,known_prior_history,0.7442,11.1.0
a35bf1604e9bf199,data/images/canonical/a35bf1604e9bf199.png,86a8aa6c50de5cf2a8e059b7a1b3809a62b426da7c25b2aaeb42fcaa329d0193,final_transform,2.0,11.1.0
a36b2fe748f194fa,data/images/canonical/a36b2fe748f194fa.png,557e35bf365bb1d1da4086b7c265e41fd0b0403264c9f551d3f4ed39ee89f481,known_prior_history,0.6827,11.1.0
a37e4dd9abc84f4e,data/images/canonical/a37e4dd9abc84f4e.png,7b8b7c8d69c9b64014e8dc7e280e0f81ec98fb9a79fc72709f95db11133191d1,known_prior_history,0.6827,11.1.0
a382842ef5964440,data/images/canonical/a382842ef5964440.png,847e5862bfe619a9a0fb501f8d97852b1347738b8579a3940cdde3e38b48898b,final_transform,0.5,11.1.0
a39eb778998f5085,data/images/canonical/a39eb778998f5085.png,bb266a60edcf5d5b19a91f66a3c37fe089767a281409768ea6ce92b748bbe2b4,final_transform,2.0,11.1.0
a3aac979edcf8a87,data/images/canonical/a3aac979edcf8a87.png,d45b3216c2a56a7f819f433eb5b9de8f8aab68e529658176cbbff74abf647bda,final_transform,0.5,11.1.0
a3cb174e6d7e4e16,data/images/canonical/a3cb174e6d7e4e16.png,b0ec93bca016df91f13ec5e1f501fb5e7b7d70bc33645e0b5273cb80caaf828b,final_transform,0.5,11.1.0
a3e0541aa6a3e40b,data/images/canonical/a3e0541aa6a3e40b.png,c62a929d189795db596eb085a9797ddd0a41af696727ada67d988b2d9700b5f0,final_transform,2.0,11.1.0
a3eb87e7cdecc9ab,data/images/canonical/a3eb87e7cdecc9ab.png,05560ab5e574ba3a5e37f7af6e2d75e03646ba39ed9af288698f4dbe6d4d9615,final_transform,1.0,11.1.0
a41c9872ec8cd320,data/images/canonical/a41c9872ec8cd320.png,c76b88e354e3d7d7987a8439014c41bed1087d0f6ccda4f6f49ba1ff084d01a3,known_prior_history,0.6416,11.1.0
a434cfef96c8dfb8,data/images/canonical/a434cfef96c8dfb8.png,9c0af47820554479cdb5d23fc4ccb5241c96dcab4406d4f2c78980266d67f867,known_prior_history,0.6259,11.1.0
a43f54af075c4165,data/images/canonical/a43f54af075c4165.png,f4fd86156791d4db6c940816565cb72d7501470c346388526a2c1a5e8cb96cd3,final_transform,0.5,11.1.0
a44ac6c5cf2de8ea,data/images/canonical/a44ac6c5cf2de8ea.png,88f8bbb60a9fa731df6387b005f79333cf5600b31c27e467e7bdc32b4566840a,known_prior_history,0.3196,11.1.0
a480034c33525968,data/images/canonical/a480034c33525968.png,91d670580e394e539043380493cea59d2a860623f13e51eeb129454a8bffe3fd,final_transform,2.0,11.1.0
a4866c6e252736aa,data/images/canonical/a4866c6e252736aa.png,ceaec9d1d915afd195b701514c5ad616f83abd59f78a03282144285adc33caa5,known_prior_history,0.6432,11.1.0
a4a12f9f988624ce,data/images/canonical/a4a12f9f988624ce.png,854fc87dc9f664bca612f8bc5421aad2cedd77e49c1a407b463b26a0b0b01e30,final_transform,1.0,11.1.0
a4b522ba6e2d7e24,data/images/canonical/a4b522ba6e2d7e24.png,2501b12d374578a0cbf9d6a2ca5960743cb29c79068a2451c5fe2ba4073506ae,known_prior_history,0.6827,11.1.0
a4c9c1e21a7ec708,data/images/canonical/a4c9c1e21a7ec708.png,c7cf40f03e71e321a84af61e97afb368a271a25f87c337f708b72af061967094,final_transform,2.0,11.1.0
a4ea5b355e6b4efc,data/images/canonical/a4ea5b355e6b4efc.png,c84c85b2ada0f0549676a210d70315092b49794cfa2d4338a7ed524cdefcf57a,known_prior_history,0.6827,11.1.0
a4f9a814bb5b89b0,data/images/canonical/a4f9a814bb5b89b0.png,ba6b25f251759eee1420fd976ab84969e4f6bf6474b7fbfa0c999e2fbfc6b2f2,known_prior_history,0.6052,11.1.0
a515f3de03f50dc0,data/images/canonical/a515f3de03f50dc0.png,026952513cabd93131ae7d65488de82beef4f2cc9062facc0f23b3fe08e69e6e,known_prior_history,0.6827,11.1.0
a53db65ffffc368c,data/images/canonical/a53db65ffffc368c.png,0e6de3418658a7991e6f51fff31ab221141b8a5d1dec04acb7f303d01f443f97,final_transform,0.5,11.1.0
a54f158dd65e077d,data/images/canonical/a54f158dd65e077d.png,5cd8da9ee56c917c98fdfdc71a315d3b94ec4c43f3194d997a66f605a164db84,known_prior_history,0.6827,11.1.0
a55bbc769e952b8a,data/images/canonical/a55bbc769e952b8a.png,267877d81ac81be46f053ebc3f9f2817dae4fc2c172c36bc6fc45ea19842b6bd,final_transform,1.0,11.1.0
a55d04b567318c3e,data/images/canonical/a55d04b567318c3e.png,b9c8943cd89287d0f99d0df9efb5ad4dc77b255c4924613b6ba7520a06aff271,known_prior_history,0.6827,11.1.0
a573fa94ad1b33d9,data/images/canonical/a573fa94ad1b33d9.png,68c8fd03f9edb4600d68ee4158ae50e87eeec79bb5e141e1aaba57dd1fa36f53,known_prior_history,0.5967,11.1.0
a5766c194011ff41,data/images/canonical/a5766c194011ff41.png,8f1c8c49742f5b0fc493eb94ebef24ffe6c72d0ef37649c9ac1e29dc3593986e,final_transform,1.0,11.1.0
a591ce1737dfbabf,data/images/canonical/a591ce1737dfbabf.png,74f46d0d6a2ebb5594353024f5d371e1e23d409c85d783c316bdf791224db6d5,final_transform,2.0,11.1.0
a5a0271cabac04da,data/images/canonical/a5a0271cabac04da.png,af678faf3849746b5f173032beee84658ec1c639000dc152a92259b85d049a05,final_transform,0.5,11.1.0
a5a2928f3e45e313,data/images/canonical/a5a2928f3e45e313.png,1810d237ad505990a443024a7b4736951de4e08f0b5f0cb5af68bedb1b8d4784,known_prior_history,0.6214,11.1.0
a5adee6ebb0a0d21,data/images/canonical/a5adee6ebb0a0d21.png,29adf6c7f0980537614051309540cd15087dd58d32e26b08024ee9187ead7686,final_transform,1.0,11.1.0
a5caa1b3316b2926,data/images/canonical/a5caa1b3316b2926.png,7d879515d4f1c88ce9be9fff29c79cb8286b59b9cb75d4bacabb8e9571fa1531,known_prior_history,0.6514,11.1.0
a5f29f1a36999717,data/images/canonical/a5f29f1a36999717.png,6915b537c9bac12d83f3f6c041f8843e86b85d96fc50925b26e4154d29278fa1,known_prior_history,0.6827,11.1.0
a613d3d58f899ede,data/images/canonical/a613d3d58f899ede.png,d7ee004ad4336364e47d65782de96236264223cbca0ce20fe5922f99ed0903ae,final_transform,2.0,11.1.0
a618759137422564,data/images/canonical/a618759137422564.png,4e9824f88f845b109f956c8e761c5876085d46dc4e8c516454a086b0172ea185,known_prior_history,0.6827,11.1.0
a633599aed59d42f,data/images/canonical/a633599aed59d42f.png,adb23debdda885d3a77ef3892d086b51f276d46b012474796d0d822c50feaed5,final_transform,2.0,11.1.0
a637b86016c22188,data/images/canonical/a637b86016c22188.png,4da305a9b3559e664933ed0a4b776e80d1f7ccabd67ea2dda86bd38b566115f6,final_transform,2.0,11.1.0
a63cf52d5299b2c7,data/images/canonical/a63cf52d5299b2c7.png,d95f9b72499f6dea68365da97db31ad0bdd55c2b6b072580152420d68c57472f,final_transform,1.0,11.1.0
a67efbfb2ad89bdc,data/images/canonical/a67efbfb2ad89bdc.png,28c703f11c7e16e2c45d72fc80801c091a9e9ad00b3e69284dbedb4dfb6b5a5a,known_prior_history,0.6827,11.1.0
a682d3e2d1011b9c,data/images/canonical/a682d3e2d1011b9c.png,a6d2cc81c24295306b3cc13ef4f2e6e7e230b93295979c1bfc11555eaf9b2984,final_transform,2.0,11.1.0
a6abc37048e4c718,data/images/canonical/a6abc37048e4c718.png,a54317dd9046141de1c05ccb6bd5535f9d179b232a8fda9f3d89fb8a82db7c50,known_prior_history,0.6827,11.1.0
a6da80a8cb7f7878,data/images/canonical/a6da80a8cb7f7878.png,88718f965ab8efb4cbc910363fa50ae241fb9f9723c1613c397436a971154197,final_transform,0.5,11.1.0
a6e17374935e56b4,data/images/canonical/a6e17374935e56b4.png,1122565f47f606ae7c46e2d5f20ea96b56b3e50b6131cc1ec6a6182ba6d372a1,known_prior_history,0.6827,11.1.0
a6e56e985b67d9c8,data/images/canonical/a6e56e985b67d9c8.png,025152c3792d456aa76c06aa239d3dd2bcb7aafef0a62ca2e26ec72e8e69aa33,final_transform,2.0,11.1.0
a6e75642675132bd,data/images/canonical/a6e75642675132bd.png,d1c99e410fcd23a30ebc7582a82ff5ffd40d80d1f6307fed169117f9c9fd44d3,final_transform,0.5,11.1.0
a6e91705458c0228,data/images/canonical/a6e91705458c0228.png,1d9639293eb983379096a1280596a8f099ae081c1fbe97e6a42caf844b3f238c,final_transform,0.5,11.1.0
a6ea123fce7f210a,data/images/canonical/a6ea123fce7f210a.png,98beaf4dd510cc6384d0d52cd52c46fdca83f2b7cab66be4a222e7a062c54cba,known_prior_history,0.5482,11.1.0
a7045ee9c5042d09,data/images/canonical/a7045ee9c5042d09.png,7507a7865ebcce30e563c90dc0d11d579418be4ac044b5e1c6bc92fd74737847,known_prior_history,0.7642,11.1.0
a72c4dd16fc0c524,data/images/canonical/a72c4dd16fc0c524.png,78e43854c92a0f9bffddbe94c320d63d03b6e19a68cad2d0c2e066825729326b,known_prior_history,0.6827,11.1.0
a7456eee93660faf,data/images/canonical/a7456eee93660faf.png,3d8e6dd944d6585c3d830d1107f6b3f617aafd47c7f895e2bb24e71300e32026,final_transform,2.0,11.1.0
a7748208655783cc,data/images/canonical/a7748208655783cc.png,7d63d70644f55defe2956433e9207ea4d9ad4bdd44e6bae3d1792f17bbf6a8a8,final_transform,1.0,11.1.0
a77f09b647d843a1,data/images/canonical/a77f09b647d843a1.png,d53d86f758599c1429fe1d9ab7f195578f40f5ef2884fa8be9da83c53582bc05,final_transform,0.5,11.1.0
a7a1b9f1835ef280,data/images/canonical/a7a1b9f1835ef280.png,093d82756fe4fb96e1d4ed50040ecd37b3dc659c530cb405e13e8dc273acfa39,final_transform,2.0,11.1.0
a7a9fffafbdb822f,data/images/canonical/a7a9fffafbdb822f.png,a4ebeaa493bbdbe8c5360ee5b0bea8dfb18e1b7a6285489ba7fc80d5b7572a4e,known_prior_history,0.679,11.1.0
a7cc30f6845ed5b8,data/images/canonical/a7cc30f6845ed5b8.png,e146174930768074959f712eb0ce0cd1d35049f9a0e3ddc1b96883e92ba3f96e,final_transform,0.5,11.1.0
a7e45ca229fa9c60,data/images/canonical/a7e45ca229fa9c60.png,baaf85e4c25ce4f60e38ef148cdae9f9bb0c5f81f7198d235b722a7ad4631828,final_transform,0.5,11.1.0
a7f70f840050cb3d,data/images/canonical/a7f70f840050cb3d.png,dde003e293f905d6393f5bea36e425de6b13c2566fc207c15bed59a57cfbe4c4,final_transform,1.0,11.1.0
a80f2b262dc9bab4,data/images/canonical/a80f2b262dc9bab4.png,7bbdc12fe0a39214f5d065721113202fe3e0d3c98ed267203078fb2021756afc,final_transform,0.5,11.1.0
a821482a79c62872,data/images/canonical/a821482a79c62872.png,ada93e23b5f6619435d87f345a532a37d842c43497b0634f4bcbd5d3ba7f0866,known_prior_history,0.6827,11.1.0
a83644fcb50b1d82,data/images/canonical/a83644fcb50b1d82.png,8cbc78405c234a8ee10021d59adf5279984f5f564ef6fc6f79b52034bd38f603,known_prior_history,0.6827,11.1.0
a84490af1869b316,data/images/canonical/a84490af1869b316.png,5c2b9cdda5393b02fa6aba1b5a747d0cca46e565c22af4e9dc198664f3a0f71d,known_prior_history,0.7314,11.1.0
a84bebc2f58ff5b6,data/images/canonical/a84bebc2f58ff5b6.png,367d5579d50f1ed8a8408bb153a825209bdf1eb1947eb9ec6204728e636c6a2b,known_prior_history,0.6827,11.1.0
a84d9200134bbc6b,data/images/canonical/a84d9200134bbc6b.png,cb1a5e3530d4a173743965ec2e892ad73a01e08c5afd34a7f51d293a11eea303,known_prior_history,0.6827,11.1.0
a84ddfb9f293165f,data/images/canonical/a84ddfb9f293165f.png,241f0f3018d0063f59808f7774f8755c63e443ab4674b09d3e96148be7d92fc4,final_transform,2.0,11.1.0
a8736b28d8e77f9e,data/images/canonical/a8736b28d8e77f9e.png,01b64d23d8de4abafa1cc67ee7db56910b5eeb2a17b4a82428e4464bdaf915fb,known_prior_history,0.6827,11.1.0
a8ab0de158b0c8d1,data/images/canonical/a8ab0de158b0c8d1.png,dbfed767a4b9482a824e4e97d87dda98b453db5d531e4b83faa6b8cb1ce205dc,known_prior_history,0.5235,11.1.0
a8c0722a5cbc983b,data/images/canonical/a8c0722a5cbc983b.png,cf4e9c52f4edba488c78d32af65144f3ca4f9b1102ec14cbe8d6a354a6159451,known_prior_history,0.6827,11.1.0
a8c1d3f4a52a198b,data/images/canonical/a8c1d3f4a52a198b.png,3b86d757410780bac11c2a20820670436f65369a2902019e721160c56d2c4419,known_prior_history,0.6845,11.1.0
a8d34a6b83003aa0,data/images/canonical/a8d34a6b83003aa0.png,90b82dab5594646d8f9b0b8f8876be89bfad9f871064c7a19722a9e5b9c608a2,known_prior_history,0.5151,11.1.0
a8e18a83b918f323,data/images/canonical/a8e18a83b918f323.png,6f54bf705d8869787e7b3175b860026f6eea7d87cfdf49a2b6caf27cb968ff94,known_prior_history,0.7665,11.1.0
a8e9c974b3f42fd0,data/images/canonical/a8e9c974b3f42fd0.png,7a767539e28199596eeeddbb9da518ac2c5462577801caaa69f33c0d066dce19,final_transform,0.5,11.1.0
a8e9e88baa98484e,data/images/canonical/a8e9e88baa98484e.png,ef8e52a3f3c53ffa34be2b68b5d2e7e414aa25c22d6df50729df22744c977b5c,final_transform,1.0,11.1.0
a924ded9f99251e3,data/images/canonical/a924ded9f99251e3.png,ce21915a495fda36c998bd50a2f2798ef35d3c8b96dfa599a18b8ab9e8aa3cc4,known_prior_history,0.8533,11.1.0
a93703451ede3b1e,data/images/canonical/a93703451ede3b1e.png,9fe1171b0af03cf76d9542518bfb7afc8b76f04475e834f68f400fcda764aa07,known_prior_history,0.5494,11.1.0
a97b5575a2941988,data/images/canonical/a97b5575a2941988.png,d8368e7acefa5f1f60f24bcfedd9fca2d8d1c55e3c9997f3d106973ea5223a04,final_transform,1.0,11.1.0
a984db9f9a20c6ec,data/images/canonical/a984db9f9a20c6ec.png,d71d9ce79d84ef20e799d93ed1708d1c10fc0e2aacdbcc1bdabf447caffd41ac,known_prior_history,0.6827,11.1.0
a9a543525db0de75,data/images/canonical/a9a543525db0de75.png,e301c1440b19cdebba2982be884cc268e283d6622924d43026cef6cebdbba2e4,final_transform,0.5,11.1.0
a9cb2a1d1108d9db,data/images/canonical/a9cb2a1d1108d9db.png,0ac7056197d7a9a2633e70705b8132962ee288f07e14a17f5465db084cc48979,known_prior_history,0.6809,11.1.0
a9dbf97670f51182,data/images/canonical/a9dbf97670f51182.png,b854364218bd5f4099262d182e7d7c6e0d1ad9ace3ebfaa5df2f5da3f15a4ff2,known_prior_history,0.6827,11.1.0
a9de5b1ca43c3784,data/images/canonical/a9de5b1ca43c3784.png,fcc0ea8fd030437e4bdbbc983cb6f26ebe0902617d7127fa77e73a5078345551,final_transform,0.5,11.1.0
aa01f60eaf90c191,data/images/canonical/aa01f60eaf90c191.png,486940b7ea420004bdefd0b5f0d725da480901b75cf13d0eed3493b92c39cc19,known_prior_history,0.7642,11.1.0
aa13391d501497b0,data/images/canonical/aa13391d501497b0.png,644614ff6ac18d0a3c6f7ddee64be33336bcf6323d41d9cf4f45a85dc061af69,known_prior_history,0.6827,11.1.0
aa23cfaa8c7f9ec7,data/images/canonical/aa23cfaa8c7f9ec7.png,1eab4de1717c1aa148b73fdc5ef0cf692266f0435a1542fd0542eccde64f9d0e,known_prior_history,0.7171,11.1.0
aa723c4c3575c1c0,data/images/canonical/aa723c4c3575c1c0.png,80288cc5074c27923cc2ae8270a88d67ff69e284a0dc4ef8074395ba4da8c1f7,known_prior_history,0.7688,11.1.0
aa831894c52190fb,data/images/canonical/aa831894c52190fb.png,dc8ca25f7276697953ee609c688b8c6306f8bcb3262be19ded859632dbc16221,final_transform,2.0,11.1.0
aa88e5566a01f66f,data/images/canonical/aa88e5566a01f66f.png,93d54c2ccc041fdd35223bdd2d40bbebce429882bfba456a430fa2e2f1b5afc0,known_prior_history,0.5805,11.1.0
ab22644752e22243,data/images/canonical/ab22644752e22243.png,7304b537b5e542da9606d9d7795296f34a0e50d885c15ce2e8034417c13016d6,final_transform,2.0,11.1.0
ab24f5b9f401fed2,data/images/canonical/ab24f5b9f401fed2.png,be62ade455cdcd43184aa257f1e254cbb27b27ae155d8d29eeb5fbd51bf6b6d7,known_prior_history,0.8982,11.1.0
ab2c7ce4c415d3ff,data/images/canonical/ab2c7ce4c415d3ff.png,2df1ff82d806b65ba09b4a6ca66a729dd314e0ebb68db7d4e8f7188e6100b325,known_prior_history,0.6827,11.1.0
ab66f5fd70ba3f1b,data/images/canonical/ab66f5fd70ba3f1b.png,f492d44dd8449320bbe59cdb911eba0dfbb328e39d87dea94c92f6dd906a4f65,known_prior_history,0.7642,11.1.0
ab7eeed87fd0fd27,data/images/canonical/ab7eeed87fd0fd27.png,0dc745335c337b6eb1e6eac94347599b10554af15bb0dcacb380584b54412040,final_transform,1.0,11.1.0
ab8375ededc60c64,data/images/canonical/ab8375ededc60c64.png,8755a664c9a55fbfc30d8118f039e3c6111cd2a82c159f735eee2a737a315538,final_transform,0.5,11.1.0
ab94428c130e0d53,data/images/canonical/ab94428c130e0d53.png,f72fa64192b31ac5ef86909b5743ef1a29b0e7c17dad8707148a906bdfae1560,known_prior_history,0.6416,11.1.0
aba0f09c94407a0b,data/images/canonical/aba0f09c94407a0b.png,d660122c09bfef8d146beb6b40b9632faa70ee5c206df7a94115e076fb863195,final_transform,1.0,11.1.0
abab5105d0263188,data/images/canonical/abab5105d0263188.png,72e0191f4ba1f5e438858627ad88fdf203439d8999357021bd03191c58b8d428,final_transform,1.0,11.1.0
ababc4c3ada82511,data/images/canonical/ababc4c3ada82511.png,1ebc068929849576914252551ada3508c9bead2ef182cc84e0bc6715181bfece,known_prior_history,0.7688,11.1.0
ababde0f637e07b4,data/images/canonical/ababde0f637e07b4.png,ca69a1ab6ffaeed087d98bb6d517179e88ca93c9ea7bea1cbc0ed7fe758a6436,known_prior_history,0.7642,11.1.0
abafc797a7702978,data/images/canonical/abafc797a7702978.png,9774ae9c83582f7e0b7b439bc4910b539f8b415b3b52ea174f4682284112e456,final_transform,0.5,11.1.0
abb4f7e9dc5deae7,data/images/canonical/abb4f7e9dc5deae7.png,9b4478787106d2571fce451339165f64b8a2e92a10fb5c8e4deb059077f3481e,final_transform,2.0,11.1.0
abbac8833ebd862f,data/images/canonical/abbac8833ebd862f.png,4792abf12f03609086d69d888cba35769c16f8ec6ddd90f909f2ff6e0742a4aa,final_transform,0.5,11.1.0
abbd96d1f2343d53,data/images/canonical/abbd96d1f2343d53.png,0dcca5a3f1dddf1c4c5256a1e095ed78c763d96baa212c6936af3e1a6cfbe000,known_prior_history,0.8339,11.1.0
abc6d8e98a22111d,data/images/canonical/abc6d8e98a22111d.png,239913f8a2f4d0ca486fc543fbd5e22a7c0842a8126a0b847c697b79d53303b9,final_transform,1.0,11.1.0
abe8f374c8b1fddf,data/images/canonical/abe8f374c8b1fddf.png,efe3c6fc7f9de8bdb43fb774b4e70da8667ac29197d446811f985c1b5a364d51,known_prior_history,0.7111,11.1.0
abfa9ad2d11d33ee,data/images/canonical/abfa9ad2d11d33ee.png,3a1a625d76fbc3820c175f5954dcb03cc6905be4785eb09746036b3755bddf26,final_transform,0.5,11.1.0
ac09f8847b99d6fb,data/images/canonical/ac09f8847b99d6fb.png,0fb2c777d997e679f04b976f40bd53be1eafc9ee869ec5dfdb880b137de92487,final_transform,2.0,11.1.0
ac249e1587dce474,data/images/canonical/ac249e1587dce474.png,475465780ed40950469fba3a164bf3fc39e3d9a323f2edebf0ea71632997d3f0,known_prior_history,0.6827,11.1.0
ac2cf4cfecf51188,data/images/canonical/ac2cf4cfecf51188.png,e858808a4e17e3c165f3b5f9947535b177df519fa53bdde0ffaa307eb1394a00,known_prior_history,0.6827,11.1.0
ac369c54a4ba722d,data/images/canonical/ac369c54a4ba722d.png,2ae58d32f5f4b9d3a1c99cf0e44bf21a8023a672585463ff1777e31374f9872c,final_transform,2.0,11.1.0
ac3d496824f5855d,data/images/canonical/ac3d496824f5855d.png,dd352f752b6da507e01856baf951cc0fea2b58803aab046250dd077566e8de3d,final_transform,0.5,11.1.0
ac52971a2ecaec46,data/images/canonical/ac52971a2ecaec46.png,ff20b76a6984dd14c91bf4159a29403d0066b19c6b31e4e19a65c245fb05d548,known_prior_history,0.6827,11.1.0
ac6a9c491a60c53a,data/images/canonical/ac6a9c491a60c53a.png,b4db3acb9de65e291101f0f816b0f310987a007c5e27e810b57a96fa728daf4c,known_prior_history,0.6827,11.1.0
ac73687117eb1691,data/images/canonical/ac73687117eb1691.png,615f9da47d32ffede66d867ccac57ce6e238b938db546cd5c7f24f413d468dae,known_prior_history,0.6827,11.1.0
ac84fef8b9b8eb4a,data/images/canonical/ac84fef8b9b8eb4a.png,5b65de843853eef4ca24fed5edc1aca6cd59e0b83bb22490afae5ddfb48a5960,known_prior_history,0.6827,11.1.0
ac87ba1ff0079666,data/images/canonical/ac87ba1ff0079666.png,0de82e6d446077f9a90ae0b0339d1af23f619ad5ddaea8e6f2b3713b44a1c031,final_transform,2.0,11.1.0
acb4230e546b5ea4,data/images/canonical/acb4230e546b5ea4.png,0f631624d9ff1d8ae4d2efc15f416ea3067179dd811c9ea3261328b434ad6b1d,known_prior_history,0.5872,11.1.0
acbc5908e499d28e,data/images/canonical/acbc5908e499d28e.png,ef1fecf57af78f83450be5902c6c8eae49be1f53ceed048c216d2ba5dc50c463,known_prior_history,0.6827,11.1.0
acc6c751d9ac0d3f,data/images/canonical/acc6c751d9ac0d3f.png,d098981f01bc3ef819d81485793a75a1cc515f7380f26be67be1902a8e6dc57d,known_prior_history,0.64,11.1.0
ace0270419551005,data/images/canonical/ace0270419551005.png,dd50243adb61ca8b4694d4b72c7f7d2ba7c9edb49d7feae0f53bb9046ffcb776,known_prior_history,0.6827,11.1.0
ad0636ec694d78fc,data/images/canonical/ad0636ec694d78fc.png,6790fad72a173a64c3d822878461e9095b4e4106ac1caf6d46ca36d4e03ba30f,final_transform,1.0,11.1.0
ad0ac796a68ae501,data/images/canonical/ad0ac796a68ae501.png,ff5434babc22f29f8bb554b63da1240ea284a1ca878b577089863cf0f8f072f3,known_prior_history,0.6649,11.1.0
ad1c7c5722d3bd79,data/images/canonical/ad1c7c5722d3bd79.png,1922961acf0715816ca902e9f92aef8cae8a4edb487d0b6fe36a7b3787dad7a7,final_transform,0.5,11.1.0
ad303177b315c06b,data/images/canonical/ad303177b315c06b.png,c08fa426f1cb7aee980b2706fd4c55fd0b045ec0e1d558fbfa72428776a946e8,final_transform,0.5,11.1.0
ad34aae15c705ada,data/images/canonical/ad34aae15c705ada.png,b93b4ca1af18fd56dd7596697b5a00cc5c0cc7adbbca8e4020ab8eab29921a2a,known_prior_history,0.6827,11.1.0
ad7e31f384b57624,data/images/canonical/ad7e31f384b57624.png,39da26385d03f37d056d06bb85c22f7c7e42865877207f25dca0f98251a19ab3,final_transform,2.0,11.1.0
ada5488cfb15b362,data/images/canonical/ada5488cfb15b362.png,33908a4f74b7a2ee89315bddc861b7f612d0aa24597eb5eedbe05a16d5cb3360,final_transform,2.0,11.1.0
adc13d03e219125f,data/images/canonical/adc13d03e219125f.png,ac371a920cb9b309d82931dbd2155d696f8a31e1bc4be6247a82b0b0b2b153a2,final_transform,2.0,11.1.0
adceeac5d0e0fd90,data/images/canonical/adceeac5d0e0fd90.png,c7a73c783cd21927b5684278bb0d3816d42a1e5087870b5b5b5d9b93613d6bf7,final_transform,0.5,11.1.0
add46ce70c00257b,data/images/canonical/add46ce70c00257b.png,d025dca16d8991286bed3c2224c335ebb16fef3855b043775e445ebc6526426a,final_transform,1.0,11.1.0
add5fd3ce7e6508a,data/images/canonical/add5fd3ce7e6508a.png,44a3934ffa6a98a0280c49b2201533f4218f638a1d26e948236e59bb9882a61a,final_transform,0.5,11.1.0
ade537af6bca1d0f,data/images/canonical/ade537af6bca1d0f.png,9379f5be6fc07dfdf72840dbf307785affb122c3d2df13f50699e61fb9275272,known_prior_history,0.64,11.1.0
ae0a5d6b37e7bd49,data/images/canonical/ae0a5d6b37e7bd49.png,f03defe60a68ff378822a2abbf2ddf55a0a62416a114e5a0023e4e3ca653b39a,final_transform,1.0,11.1.0
ae257668ff46d487,data/images/canonical/ae257668ff46d487.png,b1792da87d52313d74fdaa50f08e25c9425384c9ce19b17512520cf68fc79115,known_prior_history,0.6827,11.1.0
ae33461396346a9e,data/images/canonical/ae33461396346a9e.png,653bba24f2e43673769026a0b4205f920c397505eae5c6363dd0644efe0e065b,known_prior_history,0.6827,11.1.0
ae35a986891c95b2,data/images/canonical/ae35a986891c95b2.png,70552e77e95e80ae6441ac203add2079b7ee9e717acee43b41568bd566400574,known_prior_history,0.6827,11.1.0
ae5d06209a4c50ba,data/images/canonical/ae5d06209a4c50ba.png,5c10a1f1081e0adee10af4a8bde6e83a582e357d6d1c2e890ccb8a127c7de0c8,final_transform,2.0,11.1.0
ae5e2b949a4b21cd,data/images/canonical/ae5e2b949a4b21cd.png,822007ae7e5edebbfe9050580a1ba80358691de591dd59abeca5c4713f2b87a7,final_transform,2.0,11.1.0
ae69f0419481fdf5,data/images/canonical/ae69f0419481fdf5.png,987f59d40e9c589827d5faeae862634653d0508763d8552ffb853ddf2015068b,final_transform,2.0,11.1.0
ae7633669fa1c4cd,data/images/canonical/ae7633669fa1c4cd.png,e71fcfaa42e62bd5bafc1aa57513ae9239e91788daf1c1d661c38605e69b7b01,known_prior_history,0.6827,11.1.0
aeae931a1ecc2926,data/images/canonical/aeae931a1ecc2926.png,684ba2af95c24af510adadb42c62a50053e68778d7dd7d2068f30c1c437bd318,known_prior_history,0.512,11.1.0
af28334d42d118ca,data/images/canonical/af28334d42d118ca.png,7d66d1c29cb664438b3532c721d39f75e0d97926d6630fc950d3dbb27a4b71f2,final_transform,2.0,11.1.0
af28d4acee794401,data/images/canonical/af28d4acee794401.png,88ca5f97e3f919a319f0167d5bb0a28e91abc8cedd18bef5bbb0fb510334b23d,known_prior_history,0.3048,11.1.0
af4e7c646e8a2286,data/images/canonical/af4e7c646e8a2286.png,c24172818f90fc79d303fd2ebd848f6cf515a32f1bbdc5a4e8d2c1c24683efa4,known_prior_history,0.7688,11.1.0
af5a702d6c7e1fb1,data/images/canonical/af5a702d6c7e1fb1.png,197170c417c7d7322088c340de10b0bd06c1685fe57cf387940c4d326298a3c3,known_prior_history,0.6827,11.1.0
afa5ee294e033a9e,data/images/canonical/afa5ee294e033a9e.png,6bd29c308e7260e2de84c6c2505affa4ed97bc3f9db61db50d4f0f108cd8afb5,final_transform,1.0,11.1.0
afb627a93f3b90d2,data/images/canonical/afb627a93f3b90d2.png,7701f240becd6ead2ce7c8a60064d8f54bc8b5ae4af91bc1ccb8f26a46e547ec,known_prior_history,0.6321,11.1.0
afc74f7aa9e0a15e,data/images/canonical/afc74f7aa9e0a15e.png,e5f3ab8584d34394b674a40b31c0613cc03950cfcbbb1f1ddc653e0eb496b917,final_transform,2.0,11.1.0
afc75c4e3cc2f5a4,data/images/canonical/afc75c4e3cc2f5a4.png,f4e6685dbabf63ee800f84ab597da3cbaaf16743cba17435271f9c311692e44f,known_prior_history,0.559,11.1.0
afddb2f0a75f68fb,data/images/canonical/afddb2f0a75f68fb.png,160c3487d899966a07d3d539d81f236f88ddb43785b9b757e99c7fd9d0b25000,final_transform,2.0,11.1.0
aff3f58308d5fc5e,data/images/canonical/aff3f58308d5fc5e.png,8b8e71c98f0c102b9e561c894080247c0a0cd3bccd8f6180cfe1f05b6db8f109,final_transform,2.0,11.1.0
affe49a66686ff0e,data/images/canonical/affe49a66686ff0e.png,30b5e35cd60fcf8e8ad19f7c5d34c39c0b65b2f355fd609b0054c14f4c9f1fb5,final_transform,0.5,11.1.0
b0042c12779878b4,data/images/canonical/b0042c12779878b4.png,e339a8613ce4561ab5486f0e87f21d6c2dc5cdadceecda18634186e58d7ffff8,known_prior_history,0.6827,11.1.0
b01bc81272b749de,data/images/canonical/b01bc81272b749de.png,2a5970092582d976effc2c3c368c02174ef768f0f0bcab1e154cef79fb667b66,final_transform,0.5,11.1.0
b04f33aeeb6691b2,data/images/canonical/b04f33aeeb6691b2.png,3c5c51ceb94891b3305805e54e5d7c65370d8bbf98c8e5d2553e7c57bca60361,final_transform,0.5,11.1.0
b0530a1dc9c2cdfb,data/images/canonical/b0530a1dc9c2cdfb.png,f6a0a3dcdd3a2b55cabf831c0a76aeea14f732d85dcd752e83a57c1b87a0351f,final_transform,2.0,11.1.0
b054b5b65b4655a3,data/images/canonical/b054b5b65b4655a3.png,3dc80badc61e1f3630043ff95a561426c45d87645b0df422a6caa338630396fa,known_prior_history,0.4444,11.1.0
b0550d68a75300a4,data/images/canonical/b0550d68a75300a4.png,cc4d38621508844867b66b88a7976793eb44d3d10446acf2d4b342d4f1028e53,known_prior_history,0.6827,11.1.0
b07f1e2832c14af8,data/images/canonical/b07f1e2832c14af8.png,9d4281d34b7d52202511076526ebe3b04cfc460686c11f66fb6a342d8e46642d,final_transform,2.0,11.1.0
b08c4705d4034dfb,data/images/canonical/b08c4705d4034dfb.png,e271f4b02667757c1d76ed3799d0b7eb40556dad113c43fbf326a35459ecad65,final_transform,1.0,11.1.0
b08ebb2fff38be38,data/images/canonical/b08ebb2fff38be38.png,2dde49aafb6960b7eececec996ed95a7cc4a056fd972877e1ed455de378019f7,known_prior_history,0.6827,11.1.0
b09ca388a4f86c15,data/images/canonical/b09ca388a4f86c15.png,e8a94dcd99d2ca172fca2d09dcfbbe69e7297eda58228ea386eefb35403e827e,known_prior_history,0.6827,11.1.0
b0bd5fe1d695c4f2,data/images/canonical/b0bd5fe1d695c4f2.png,4b7aac38a5f3cbd87e3c23856c1440e23d6c2bb0de6f34968171d0a3838c9339,known_prior_history,0.6827,11.1.0
b0c5f2bd18a01171,data/images/canonical/b0c5f2bd18a01171.png,9f91e69f0d317ed53967d4d6acb453719a829366ed1f5370b705798ac967a3d7,known_prior_history,0.6827,11.1.0
b107c0fd57b5f251,data/images/canonical/b107c0fd57b5f251.png,9634299037d01c7d3e151bf225f6b3973958d106eb09d10149bf711e6e06b73b,known_prior_history,0.8533,11.1.0
b110a9990a843779,data/images/canonical/b110a9990a843779.png,c79b2d68eb016f61968d40089b0e7be85eaeb26b438a8634aa66ccebb37a0ece,known_prior_history,0.6827,11.1.0
b1807481ef0e36eb,data/images/canonical/b1807481ef0e36eb.png,96e4c0f4a186bd68faf5feca035335125ee11cd369ce449e4f19cb21fa3753a8,known_prior_history,0.8797,11.1.0
b18aa38ebc9c8574,data/images/canonical/b18aa38ebc9c8574.png,64e959cf558291be093fb59e5f2a23adabd48a04d948936d17ebbc77447c3a3f,final_transform,2.0,11.1.0
b18dfe5996c16439,data/images/canonical/b18dfe5996c16439.png,1ecd160eca811177a7c5f907c69516079be77bb9762c0e35c8a22adaf0db5166,final_transform,0.5,11.1.0
b1915ddf02962cd7,data/images/canonical/b1915ddf02962cd7.png,1a117ff8559c4931f6f8c040deba81fbed361f134e5b187ee0bf3c30c163a2cb,final_transform,0.5,11.1.0
b1940a087d822950,data/images/canonical/b1940a087d822950.png,383c1776a8d1a6db14760e3e376c1aaeaa666aba67ef2e058f0ada145b2e2492,final_transform,1.0,11.1.0
b1d93026488a7658,data/images/canonical/b1d93026488a7658.png,e94078ee2c596deaf1b3d817af6145bf541f52b2857ea9fc83f53aacac909f45,final_transform,0.5,11.1.0
b1db91efbcfe8f1d,data/images/canonical/b1db91efbcfe8f1d.png,5b1d5975bb61affed4046194221adf20f2740e052a8dced7c1cee3cf0deb6d4a,known_prior_history,0.679,11.1.0
b1e39774147eb24f,data/images/canonical/b1e39774147eb24f.png,224ee4460978837f37f0a9c6687be0bce230f7fee1afc0733d22e0a8c82b0755,known_prior_history,0.7688,11.1.0
b1f101abf9b44674,data/images/canonical/b1f101abf9b44674.png,69c8f911f1ba5e155622de9a11ca1a41e3e60f51f88cfc22ebce6c3d5420b712,final_transform,0.5,11.1.0
b1f7bb5ada2f3e4e,data/images/canonical/b1f7bb5ada2f3e4e.png,d9a5f082c38d53d0827e763ea9fae454381dc6495003c2f8229abb762c5edbe7,final_transform,1.0,11.1.0
b1f8ee596b4d624f,data/images/canonical/b1f8ee596b4d624f.png,349dd6c280ea78fc2b9498c8ad4ca3beb961f9c4b7c3e74bbea7bf765d0e97a2,final_transform,2.0,11.1.0
b1fea07cd91a4a0a,data/images/canonical/b1fea07cd91a4a0a.png,fc3abe653005917d598f3c61bc2d1ac3ec969fb17f08e063924a005f17687129,known_prior_history,0.7688,11.1.0
b2147724ef8e990b,data/images/canonical/b2147724ef8e990b.png,dd2dc3eb6cfbde9acbb25d7408eeed9608baac7518889169c07ab525870ea630,known_prior_history,0.6827,11.1.0
b22db284c7fc5c70,data/images/canonical/b22db284c7fc5c70.png,30910e9b7e58268658ef1727785e798b201ac42d65e59624634ce1017af32e67,final_transform,1.0,11.1.0
b238c7933c078cca,data/images/canonical/b238c7933c078cca.png,b0af19edd0c40f576a0a57684066bec6420141f02dcc0775ca1f793ecddd678c,final_transform,2.0,11.1.0
b247951d84384ece,data/images/canonical/b247951d84384ece.png,edb52cd773ca1eebb2f9bb37796b24c6b5a87e845050a1ad587832e3b628d434,known_prior_history,0.6337,11.1.0
b24fbb5d09ade147,data/images/canonical/b24fbb5d09ade147.png,8791a6aa87131e2d5f90544af317b4c9cefce9653c8a921272d0d0c5bb8b11f4,known_prior_history,0.5203,11.1.0
b26736da9782212e,data/images/canonical/b26736da9782212e.png,68bf57e2a71fcddffcd44db8ffaed465ca12b8bbe58787a726fd29b0f2ae98dd,known_prior_history,0.6827,11.1.0
b26d0ed0b17a8295,data/images/canonical/b26d0ed0b17a8295.png,aa8039c162c8c2829babb45fd84698edb04b54db6088194d54199ed96cc9d126,final_transform,0.5,11.1.0
b270f308d266524d,data/images/canonical/b270f308d266524d.png,186ad3738bd3bfd1d553e315af096a73081ebee731a268353bc759f75d772f3a,final_transform,0.5,11.1.0
b273822094d12e5f,data/images/canonical/b273822094d12e5f.png,352221baffba29356177f5e82c42361762f07af0b0562a424dd86f19799f6ae9,final_transform,0.5,11.1.0
b27c1862f0a79601,data/images/canonical/b27c1862f0a79601.png,7a9fc8d98bc3c055a98f5ae375bc1b4b5d7e3b81f4e10b5b080ad88d3e050d39,final_transform,0.5,11.1.0
b295dce6bfa7421e,data/images/canonical/b295dce6bfa7421e.png,ce8606d583ef6d839b39c2a7d821f72e36f069e32e245b68a9314fe713c98a7e,known_prior_history,0.6827,11.1.0
b2a6ef8cd21b5312,data/images/canonical/b2a6ef8cd21b5312.png,2f731570a3f25a2cb2c97ca84609cbe5958200dbd3f2a075a07f63cd50ec68b6,known_prior_history,0.7688,11.1.0
b2ba6ada0f5a2257,data/images/canonical/b2ba6ada0f5a2257.png,f72489bfbc15a6c05060ac548767e308b2a2a25a2c0095931fa22e97a900df6b,known_prior_history,0.7442,11.1.0
b30b1ea80b75de9e,data/images/canonical/b30b1ea80b75de9e.png,6975b3bf62e74c3bed0eaca8da50badecf0a94e375104839796832603774d27e,known_prior_history,0.6337,11.1.0
b328a812a9829401,data/images/canonical/b328a812a9829401.png,2dd02006d0f3df0bb47e55f9ba516f409250af034333b84230360cf18c0238f3,final_transform,1.0,11.1.0
b342b25f0bab8050,data/images/canonical/b342b25f0bab8050.png,604c479b814b7c3d2e080687c1238778f98f268c84fd35b46da6497ecf10a9c6,known_prior_history,0.679,11.1.0
b346537abd34ed67,data/images/canonical/b346537abd34ed67.png,c56551be283055e89b3ae52702eb9c65b599c28c17d2a93a00a70f029afb946e,known_prior_history,0.7688,11.1.0
b3595f0a0c3c98c5,data/images/canonical/b3595f0a0c3c98c5.png,7f1e2bbe3c5c825ffc234354c0d6dd7093e4d53a89e937cf225cb161bef67dbe,final_transform,2.0,11.1.0
b3a1b620848f13d2,data/images/canonical/b3a1b620848f13d2.png,ea01e7ea98eff9ffcf1e3d6bc29923d52c7afa1f39bc6cd9e765e774e7db2fe6,final_transform,1.0,11.1.0
b3a586dbaa40f0fa,data/images/canonical/b3a586dbaa40f0fa.png,d40b1c4185ef4e748c38d6aed1ca300c10099f6d0b52c395cb93e674d680f18d,known_prior_history,0.4267,11.1.0
b3be5ad70af6542d,data/images/canonical/b3be5ad70af6542d.png,9b623666ca9c383bde151dcb40ad89e0bfbecabebe8e76ea046f5082d2a151e5,final_transform,0.5,11.1.0
b3deb804cfaaa41f,data/images/canonical/b3deb804cfaaa41f.png,840464d07188564a98fd55e67bed017fc62d56460026fb0d533a12454d2c2212,known_prior_history,0.6244,11.1.0
b3e97d4b8bfe05f0,data/images/canonical/b3e97d4b8bfe05f0.png,ff7cd82b94b4cf9c2b0d1219e2be02a29ecb3c8850fbbe0e5ffc9558a786afe2,final_transform,2.0,11.1.0
b404918e65e1674d,data/images/canonical/b404918e65e1674d.png,051c791acefdcb92a0172afea48e1342d7de26f902f5f0ce0a5acb034cbbcca9,final_transform,0.5,11.1.0
b406c0274de3f10a,data/images/canonical/b406c0274de3f10a.png,d7937cf449dfa2ebedbe20dd126b3d013bd660a2f959f90ab713c6beec81069f,final_transform,2.0,11.1.0
b41c206f7d28d773,data/images/canonical/b41c206f7d28d773.png,81a7cc664649ade7daa8843fff5a900ff8a86c2bebfc460f137cd2ca9f60f25a,final_transform,2.0,11.1.0
b446d64c93f9783e,data/images/canonical/b446d64c93f9783e.png,330b336a5e0521d9c8f1ea1f5cb459ca82e62757ee1cc6e9ccf9e1e80f15ad58,final_transform,0.5,11.1.0
b4515eaae11a2cae,data/images/canonical/b4515eaae11a2cae.png,669cfbf8f7267646e6b546327a63b362f393d6cd378d8d991e18e317aae7b354,known_prior_history,0.6321,11.1.0
b47e89b4eb37d696,data/images/canonical/b47e89b4eb37d696.png,2bb0d5a8ecd7f347d3f78f8d7715f7b04273e71fdaffed55efebf70640581e78,known_prior_history,0.7642,11.1.0
b4a8b0a864bbd1db,data/images/canonical/b4a8b0a864bbd1db.png,2f451883e5be719a678af6ef7d353728c6baa38c6dff95f51f042acd1ac818e4,final_transform,0.5,11.1.0
b4b977b7247219af,data/images/canonical/b4b977b7247219af.png,5a644959a124790732a24f835ca0ee3c5201ea83d03ee1a17161930015938302,known_prior_history,0.1779,11.1.0
b4e39e9821f1c050,data/images/canonical/b4e39e9821f1c050.png,de36379dcdafcf88a808c0e0ee90046e887ed8c8250629e83688c1ca86f11c87,final_transform,1.0,11.1.0
b4e5079c0f58397d,data/images/canonical/b4e5079c0f58397d.png,5269d16be5375499fddd5183804fb851a65a2d35a84f4199e44f2752fba09f6e,final_transform,1.0,11.1.0
b4ff69411d0ab3be,data/images/canonical/b4ff69411d0ab3be.png,2ab3eaee93135c2a2f10458d7cba3cb03a0e086a9eecd4d806a3b524b2c6c3af,final_transform,2.0,11.1.0
b502984e688b37b9,data/images/canonical/b502984e688b37b9.png,1c0da5fc0bc3703dd876d4a52a26ec638ab5e3e9614202fe4b1c933ca36dbb95,known_prior_history,0.512,11.1.0
b5100b8aed85247e,data/images/canonical/b5100b8aed85247e.png,80bd151b290588847c2462bb093568e80a1d372d84e36e9dbff8fae6b7f134e5,known_prior_history,0.4267,11.1.0
b51a83c4e6240aa1,data/images/canonical/b51a83c4e6240aa1.png,83627b5acb31385a629fb736e1d0f470d40aaf07fc65a736192e8e00d69718d3,known_prior_history,0.6827,11.1.0
b53734f3185be111,data/images/canonical/b53734f3185be111.png,3df35a0b4de4d22efa0682baf83686b06606260337ff8fe00e96ed661054fc8a,known_prior_history,0.6066,11.1.0
b53737a8961df942,data/images/canonical/b53737a8961df942.png,4b31b7c4fa57d6a5bb8d95d3a64b41e1c00723b5c3dee6a9c76053a54ec949cd,final_transform,2.0,11.1.0
b5492bc425d89cc4,data/images/canonical/b5492bc425d89cc4.png,acefaffe78d9936cd2df4abd19132d5637abb5097eead28e4e13a9384f08d1ce,final_transform,1.0,11.1.0
b5b8f83b6fa55a41,data/images/canonical/b5b8f83b6fa55a41.png,f80e511ed96a41a8e7d8eb6aa903695feca7b644e7c2376f8f5aeda183fdfa94,known_prior_history,0.7688,11.1.0
b5be2a3c295c48b6,data/images/canonical/b5be2a3c295c48b6.png,00dba1193fbb9be48848110388b6dff80cbfba103058a3991807047cbf9567c1,final_transform,0.5,11.1.0
b5ca4f8b31a2f51d,data/images/canonical/b5ca4f8b31a2f51d.png,34cd7e4e70aa67203490060c992f8f61070304073bd68d95d4975ae38c416337,known_prior_history,0.7688,11.1.0
b5d2919716f6b850,data/images/canonical/b5d2919716f6b850.png,1d0393febbe86991a5b2a6e97ae09b894e22cc322181c9b837d12f03103b7e80,final_transform,1.0,11.1.0
b5e5e39c7c065f3a,data/images/canonical/b5e5e39c7c065f3a.png,97fd3c2dcf915adb3b3be638ec0524fe38574973c98544f745c8cda2c57659f3,final_transform,1.0,11.1.0
b5fe9442e0ba279f,data/images/canonical/b5fe9442e0ba279f.png,9e18289d48917d3f64719515ad2f33b9e805b851ff262fbdf570be10f626f32e,final_transform,1.0,11.1.0
b6328f18e4feadde,data/images/canonical/b6328f18e4feadde.png,ca3c93bd87b425406223354246a9a498445f63886d6674ca4c0264ef60cccbd9,known_prior_history,0.7688,11.1.0
b636a0a9b161b048,data/images/canonical/b636a0a9b161b048.png,f557a619fe20f7147f272e5eab3c32ea3c1c78a69d10d37eecfdf3f19f2436c6,final_transform,0.5,11.1.0
b63bbcb0f4f4dfb8,data/images/canonical/b63bbcb0f4f4dfb8.png,1fb600cfed6620630f83af17a6f6b9902c398ce1c47a291c9ee26cda99e59cdc,final_transform,2.0,11.1.0
b67237786951eba8,data/images/canonical/b67237786951eba8.png,56fd10a48436a2ceb5daa407ec74d7c9a734fd3e63e26b06af3ff127fe656b58,known_prior_history,0.6737,11.1.0
b6aebe68f5736190,data/images/canonical/b6aebe68f5736190.png,138650a9ab21e7afe0eec0de1f6f2b958398be30859069e73df7b4290e7be4e5,known_prior_history,0.5766,11.1.0
b6c84b5e9b967afd,data/images/canonical/b6c84b5e9b967afd.png,c44d454751c4273685ce2a941d44cbe8db147442e2217afc1782bf933d358ade,known_prior_history,0.6827,11.1.0
b6cc2bc04d648f26,data/images/canonical/b6cc2bc04d648f26.png,4da8a82b03e03239cebe5fe0c923554c175e01818b7c8900ba9b8a25654bea42,final_transform,1.0,11.1.0
b6ef5d7f02a8dfae,data/images/canonical/b6ef5d7f02a8dfae.png,4ffa3c7e01ac38007169ea9831201d61d714f5324f341490a3ba1567fbea87b2,known_prior_history,0.5,11.1.0
b6f0e50e4b64a3e8,data/images/canonical/b6f0e50e4b64a3e8.png,89821c42c90e12251d9e37551890d1ee2f0c585bc65977227c957a850c39ec2c,final_transform,2.0,11.1.0
b6f35add0f72255b,data/images/canonical/b6f35add0f72255b.png,57c437e4691728fbcfe47417aee8811c82075c84ad8ffa8c3326a18a192a8338,known_prior_history,0.7665,11.1.0
b77f222b12be221d,data/images/canonical/b77f222b12be221d.png,8b0e2f1e5dfa44768329e09c3cb13637d40f35d7bbf507635be87b28ff784908,known_prior_history,0.9014,11.1.0
b77f4f1abb0f28e6,data/images/canonical/b77f4f1abb0f28e6.png,5a04c62846cfd481f0d50ef6dcf5ab398a775a6d10051e2e0d0daaac22f9c9ab,final_transform,2.0,11.1.0
b799dae4aa1baec9,data/images/canonical/b799dae4aa1baec9.png,468170573e118a85fe8fef7ba9bb3b257c6f9dc23e473ac7eb932c3a8ca5ff82,known_prior_history,0.6827,11.1.0
b7a408567bebdb5d,data/images/canonical/b7a408567bebdb5d.png,04c725f75d80d00a84db82bcb473ae252b8b4f353d8d1a62f2cf6a5e3faef4cb,final_transform,2.0,11.1.0
b7ada1da1dc8a805,data/images/canonical/b7ada1da1dc8a805.png,5d97ecbb8183fb51aa3eb8575001d43c21d6d5235ddedd1543c226362ea53118,known_prior_history,0.6598,11.1.0
b7b14ffb4fc78513,data/images/canonical/b7b14ffb4fc78513.png,01b22d1fc49e87ecd9fb7ac509813570e51939a274818c99ef8aa4714aa70bbc,known_prior_history,0.7665,11.1.0
b7d196b4a5b4486e,data/images/canonical/b7d196b4a5b4486e.png,72dd690ba3a13ce21054269f0985699dbb1ee5dab28cce3bc4815016c6f05b76,known_prior_history,0.6827,11.1.0
b7d808b35b6ce8f1,data/images/canonical/b7d808b35b6ce8f1.png,2da7ca90d7004fdcd0e91ee8eeb71b7914257940abb43e66445d4c12a31af895,known_prior_history,0.6827,11.1.0
b7d8737d38714a2d,data/images/canonical/b7d8737d38714a2d.png,7e09d9d31a6dc3eab7a1c6ce6f7c5366df15eda571069b7f2d651ce9d0b761df,final_transform,1.0,11.1.0
b7f9d8973e53a366,data/images/canonical/b7f9d8973e53a366.png,819136233f20838d85d7174cfdb658740e0906e9c1a78d57ca55d915c3e9e5f4,final_transform,2.0,11.1.0
b80d309e02f6f837,data/images/canonical/b80d309e02f6f837.png,6c5760715b716f4951bd04df682f4c52c8443b714f3618f80f6d943c3fcd3fe2,known_prior_history,0.4267,11.1.0
b81b3a8f40b01b6b,data/images/canonical/b81b3a8f40b01b6b.png,3092bf1c6f778e16d3b472b0efdfa782735fae46e97386fbe9744565d26ea78d,known_prior_history,0.7356,11.1.0
b820a7b106774cb7,data/images/canonical/b820a7b106774cb7.png,bc664eac39dae290212a124bcac66334ee8517fe6e53a06791898d09d7bbddad,known_prior_history,0.6827,11.1.0
b83f7ebc71250fc8,data/images/canonical/b83f7ebc71250fc8.png,461a78bae78c70baa8aef685043fd0d9159f74005697e5b720cb3cb7b7127481,known_prior_history,0.5517,11.1.0
b855333cfba10497,data/images/canonical/b855333cfba10497.png,67f69cb04ceed1c0a603ff0c07aee25558d834d2254a5155b4428af2fcf1bb43,known_prior_history,0.512,11.1.0
b858df01af8d5f3d,data/images/canonical/b858df01af8d5f3d.png,8934d6d62db5ef7f7e933e646fde18b02181bf2698a65d15d9871014828659a4,known_prior_history,0.6244,11.1.0
b898575f3a468137,data/images/canonical/b898575f3a468137.png,9c9dce1dce046d274bb562db2bdc451c8f84dab46ca09c1bcd1de4f26313d07b,known_prior_history,0.6009,11.1.0
b8ae49e2246b230a,data/images/canonical/b8ae49e2246b230a.png,1acb99a1f037178dc8bfce8e65d472faa23e6514b19876dab12321391530b22d,known_prior_history,0.6737,11.1.0
b8c894ec33293afd,data/images/canonical/b8c894ec33293afd.png,44c81c798cb30705b86b8124fbf6468f75ba85bc694563d8a40c44c1e133b2a0,known_prior_history,0.6827,11.1.0
b8c957e4258da94a,data/images/canonical/b8c957e4258da94a.png,7c8b5df263752592b7436739e311a667cfaebb80d734fa16e7bf361f37466389,known_prior_history,0.7507,11.1.0
b8dfd4604f2c1f56,data/images/canonical/b8dfd4604f2c1f56.png,50b72db5a5e367a86866a2b0c154d83c2a4f59a4ea73fbac049f8c58a4e6fa34,known_prior_history,0.6827,11.1.0
b8e4fa95a0f7d46b,data/images/canonical/b8e4fa95a0f7d46b.png,d2e24c05140afd4d594b377439d20ae3d7c75e918b3a810f51727204949a9aa7,final_transform,0.5,11.1.0
b8eaf2579695939a,data/images/canonical/b8eaf2579695939a.png,3ef2b1ac01f4fdedff034ade9ce92cf08c036be12555f863ae0f0afeba45ca7b,known_prior_history,0.5494,11.1.0
b9092873c857f302,data/images/canonical/b9092873c857f302.png,e3551def2efb1bd2cbd55c3db479ca4bbb62b0cfba1c89985c2c306ebd7f520a,final_transform,0.5,11.1.0
b90b6955fcd0f39b,data/images/canonical/b90b6955fcd0f39b.png,9c918bdcdef6dace6c84a33c0d6acf956d99ffe059f5bce274666fd0c2932f35,final_transform,1.0,11.1.0
b91579ce8ba4c7bd,data/images/canonical/b91579ce8ba4c7bd.png,3a6a6c0241a17e272751dab40335ee6adbc9f710ab73270c1b4df6d6d0521d27,known_prior_history,0.6066,11.1.0
b91ef2aa051924ef,data/images/canonical/b91ef2aa051924ef.png,f735b3e1a398f4f50a763d5200995e698d65db9a80a3ed5522462582a0dd7f1b,final_transform,0.5,11.1.0
b93c55e2be0adcee,data/images/canonical/b93c55e2be0adcee.png,a23e8de99c02b697d5213895c513739733c10a19cef77545d2535f8421c3ad62,known_prior_history,0.7665,11.1.0
b941432290eeed39,data/images/canonical/b941432290eeed39.png,0fab3aceec5367f4bcf3ddc6b87fb109c133e69eba41909b6f54f7e08e59e52e,final_transform,1.0,11.1.0
b973d5f9390c8d8d,data/images/canonical/b973d5f9390c8d8d.png,6425a23ee8b4919d635aa0121d4d7ed45553ff7207953274756883031af1705a,known_prior_history,0.7665,11.1.0
b983a188bcb1df94,data/images/canonical/b983a188bcb1df94.png,a628b9d8bb9cb3a4ed6585adf457ad83573e0cd8b0e0df11290b83135dda12dd,known_prior_history,0.5714,11.1.0
b99398a918f87143,data/images/canonical/b99398a918f87143.png,4d085e729e4018e8fcbfd3e354566483aebb40d9c4a7e57414c5277bdbf48630,final_transform,1.0,11.1.0
b9a91a5abbcdb4c2,data/images/canonical/b9a91a5abbcdb4c2.png,c60408a1e0179b56c0d1b7d89924ced787e53606fa2e550b897cc8127d5413e3,known_prior_history,0.5602,11.1.0
b9aac246ae3c645d,data/images/canonical/b9aac246ae3c645d.png,e731e30196bf62d58b271943549e47552a6d9380b187b5f77041f07577ebbe7f,known_prior_history,0.64,11.1.0
b9e3555208669ad2,data/images/canonical/b9e3555208669ad2.png,15ba4c59608cf9948cce61e6e2411fe44999f642eb178999abce0dcd04ef47c5,final_transform,1.0,11.1.0
b9e3d449a16b024b,data/images/canonical/b9e3d449a16b024b.png,f1eafd545c220a8cb43822e4922dc1805877a04f91a1f044beb3579ad1fb92b3,final_transform,2.0,11.1.0
ba0a3755d5f1bc46,data/images/canonical/ba0a3755d5f1bc46.png,11a1faa7d15af127d5520114cf30da2037829b545172718d205d485511c718c3,known_prior_history,0.6827,11.1.0
ba3c6c5c58f25ee1,data/images/canonical/ba3c6c5c58f25ee1.png,a4f0a2453b6f876af108e05040b3cb10459796638465a2b92c80aea0e0ac65f3,known_prior_history,0.6827,11.1.0
ba66102048f5a0ec,data/images/canonical/ba66102048f5a0ec.png,b7d3ab8ba10494761962e67dd28b1b877cca803d3d038119637f29b4d787cf36,final_transform,2.0,11.1.0
ba6c8be65a8b944c,data/images/canonical/ba6c8be65a8b944c.png,ecb195698060322cab926635b740a6d8a40fd2ab30b0174b36895f0e4c457ac5,known_prior_history,1.2929,11.1.0
ba768663ef33543f,data/images/canonical/ba768663ef33543f.png,b18f2cadbe8afec94ac761c3dad5a09799958e1d42c04ce6f1d802879fcd07e3,known_prior_history,0.6827,11.1.0
bab47bdc9b750389,data/images/canonical/bab47bdc9b750389.png,a54023da07b709bfb4f967bcb22047b84744f4fad719e52c440b3c7b7c681a25,known_prior_history,0.5333,11.1.0
bac194b6603658fa,data/images/canonical/bac194b6603658fa.png,9e78f520a65cd92566d4ecf9fa68c8753f2e219e2c6cb2300d53937e9469d9c7,final_transform,1.0,11.1.0
bac31a1b03d66fbc,data/images/canonical/bac31a1b03d66fbc.png,5e5017c0c46191fdab3b66bc4e10e68b718f31aec23f3265a8a92bf2024710ab,known_prior_history,0.6827,11.1.0
bac5f2b787798a03,data/images/canonical/bac5f2b787798a03.png,4cb4005d42e8d1b9275b6dd5a802a69e2a844385ba816cc1322dc360cf263566,final_transform,2.0,11.1.0
bac77039f86a2e09,data/images/canonical/bac77039f86a2e09.png,a74d29a0efc34fd344aa7f72b5c0635e23d24138a5a1ce352da3c7adc5eda0ae,final_transform,2.0,11.1.0
baf426dc81e6179c,data/images/canonical/baf426dc81e6179c.png,3f7a79e92eddc29625a9c41d0a1d63f69beb5de7285859f968a27e3cb368975e,final_transform,0.5,11.1.0
baf8577ac2ed8986,data/images/canonical/baf8577ac2ed8986.png,97c23519e2453459c10e5a0cf0f0e07528db30bb078e67b642c5ee4bc62c4b2c,known_prior_history,0.6827,11.1.0
bb005bffb669a093,data/images/canonical/bb005bffb669a093.png,571714ac4481975e1d5f9be6567b62f97058bd69eea166c295c16c3f93e5319e,final_transform,2.0,11.1.0
bb31cad3b5ddc8e6,data/images/canonical/bb31cad3b5ddc8e6.png,02bd88dfa9531f009c1cd024c94ed9e504bf47bf1e36b0e79cc629d511bde271,final_transform,0.5,11.1.0
bb3ea74a77e6972b,data/images/canonical/bb3ea74a77e6972b.png,3af8ab279fd2e51de2cdc4f46c71543796ce8612e93cab0c74a37adfc95233e3,final_transform,2.0,11.1.0
bb3f92a4df15af24,data/images/canonical/bb3f92a4df15af24.png,e6bc9335d5131859432bf9d0d43d66b5340300f091cab95def0cd2358b153fef,known_prior_history,0.795,11.1.0
bb44eb32a59824aa,data/images/canonical/bb44eb32a59824aa.png,98ec5749d270852cfbfd6c1857379c4cf91803a916485b8fb9ed7f1e7d6ecd83,final_transform,0.5,11.1.0
bb4c1416a516b153,data/images/canonical/bb4c1416a516b153.png,74c463304880efb8f1db376e5c21a4ea23030136060dcf8994be13899ad04642,final_transform,2.0,11.1.0
bb5a22e00ac6f029,data/images/canonical/bb5a22e00ac6f029.png,5d6978c4e04bc332da9a776d1a12509752ed4f7f2cf9bf1ecf619f1e23f0cc52,final_transform,1.0,11.1.0
bb61fdcba619db38,data/images/canonical/bb61fdcba619db38.png,8b94a77a4ec867689cda55b77ef86fd480b3654cb6a2da48dad473b0216ffd7e,final_transform,1.0,11.1.0
bb6768b5570f3b83,data/images/canonical/bb6768b5570f3b83.png,4e860d829ef9817dbb7e8fbea835b77e2cd91dd8bba5077e5f4d635ebdbee0de,final_transform,0.5,11.1.0
bb6ffafa0748507b,data/images/canonical/bb6ffafa0748507b.png,fc31955cba798c4e654b56a1fff5ddc407536ae0c63b7a023d2355ab68d39801,final_transform,0.5,11.1.0
bbb95fabc03b4682,data/images/canonical/bbb95fabc03b4682.png,24b6363d5302314ac7e3f8663e0df301972e990ceabf6166606aa7b46d94d856,known_prior_history,0.6564,11.1.0
bbc45e9b512e3242,data/images/canonical/bbc45e9b512e3242.png,6abae979a4c54d1c675ed0e9461ba405f36d3e07f6c5506628dc20584768206a,known_prior_history,0.512,11.1.0
bbcdbbbc90473890,data/images/canonical/bbcdbbbc90473890.png,f99b363b71d259be4eb33ec5623ee97fb474923e384548bc1279d22bed1d77c5,final_transform,2.0,11.1.0
bbd70cc04404a4a0,data/images/canonical/bbd70cc04404a4a0.png,abf8848c963657931a003a7cd7198510dd087dcb47f6dc3dc4f65a2310af6059,final_transform,1.0,11.1.0
bbdf039c06dcb2f7,data/images/canonical/bbdf039c06dcb2f7.png,b6ebac128cbc2037502cbce73526ab59de4212970cb82f23670f9467c3344b1e,known_prior_history,0.512,11.1.0
bbec38d4aff03dc8,data/images/canonical/bbec38d4aff03dc8.png,2c31ebaef9593edbb3eb51768671ac00ee8ce9333d1478b95142149a2d698dcc,final_transform,1.0,11.1.0
bbee71687aaf3032,data/images/canonical/bbee71687aaf3032.png,0bab561dcdc6cf48e1490b42a4595e92d53f1dcbf10953c62335f215d9108af8,final_transform,1.0,11.1.0
bbf54e2151005e5b,data/images/canonical/bbf54e2151005e5b.png,577526a0f7da22798113614866ffdcb2dc2b6965176abbf641d75ead38588376,known_prior_history,0.7688,11.1.0
bc0a9c42d45395bf,data/images/canonical/bc0a9c42d45395bf.png,8d487abefae3d3ad1c5bec23bcbcd13815fcbbeec708792bf69221824c265168,final_transform,2.0,11.1.0
bc223f89d469d8e7,data/images/canonical/bc223f89d469d8e7.png,0843b9210cb3da5f1b980259917f3f03ff5b565151147443cde47c8f115f4bad,known_prior_history,0.6827,11.1.0
bc28f52b03f47405,data/images/canonical/bc28f52b03f47405.png,5ecaed4315f0948d95622fc0b429ceb5e6cd6bb5ebb693decce2467aff6dd0ab,known_prior_history,0.7442,11.1.0
bc49ed53ab502afe,data/images/canonical/bc49ed53ab502afe.png,484d9e180b0d313e11275f0bae0af67970887e5ce0f7665a09e6287bc0430369,known_prior_history,0.7688,11.1.0
bc6d9de97cb07cc3,data/images/canonical/bc6d9de97cb07cc3.png,8d9073b2f9f630aeb0fef97706b0df8b522a45f2373dfe7f6f392d4b3a37c945,known_prior_history,0.512,11.1.0
bc6e3243269cd7b6,data/images/canonical/bc6e3243269cd7b6.png,d5218099e98e57ac5a702b988e75dadbf70ae648e8624b0a96ef5e1c65b5ae19,known_prior_history,0.6827,11.1.0
bcb243d4903cd11d,data/images/canonical/bcb243d4903cd11d.png,1a31d7b59fff09bfd5374d24e8dc39b86d5bbdd2924d1eade520a8b459028600,known_prior_history,0.6827,11.1.0
bcb583d8996d326e,data/images/canonical/bcb583d8996d326e.png,f69797bde5a8628100dc10ba96bb298dae5d61a4c4f8990e1af804dae1a4c9ba,final_transform,0.5,11.1.0
bce50c4984eadc6f,data/images/canonical/bce50c4984eadc6f.png,7ac0b56791d47b4ca59dd0ec0384ee71c598711cf7137afffc31bb86d3162e96,known_prior_history,0.7574,11.1.0
bce8a799d1176223,data/images/canonical/bce8a799d1176223.png,62f48f8fa304f12a75d2c3a3eafc34657770c4b4008582eca8d6d2db062f0193,final_transform,1.0,11.1.0
bcf431cc46cb58e1,data/images/canonical/bcf431cc46cb58e1.png,4e32dc8eaf5342166771e28aed1077f6eeb5cd53b1fd2979570664e91c01bc8b,known_prior_history,0.5435,11.1.0
bcf63e6aaf3f1f29,data/images/canonical/bcf63e6aaf3f1f29.png,04346c7cc7ac397ffa78847ad2b95688feea4d48f39185e7e055bbd4a358d747,final_transform,2.0,11.1.0
bd00fbdfa5a66284,data/images/canonical/bd00fbdfa5a66284.png,fab2b97e45b6f68aa19f219b8cdedf4ec94b6d07826f76e994c2f0c55ba32be5,final_transform,2.0,11.1.0
bd0f68692ba15f47,data/images/canonical/bd0f68692ba15f47.png,391fae0f87ae983fef36d3b74c1196d3b8504ffadf9a3ac77f4318dd01ae23ae,known_prior_history,0.679,11.1.0
bd19573cb215a081,data/images/canonical/bd19573cb215a081.png,0a0f2cae4bf1231e12d425f9f968ff2e09be921292511e6f99c8d4fe715f6af3,final_transform,2.0,11.1.0
bd5845c47cb52315,data/images/canonical/bd5845c47cb52315.png,d797b0f64a853907de32e5006696c0088138ae8c0dc1653d263a0dbcd6c706e3,final_transform,1.0,11.1.0
bd621aec2310780c,data/images/canonical/bd621aec2310780c.png,68100bec73a75352583775b118facb94ba564f18fbe527d096899a2a235a6449,final_transform,2.0,11.1.0
bd9bff569afb8101,data/images/canonical/bd9bff569afb8101.png,84a5d1125fa778dd2ae14bd5368e0bda0d98eaf99eb3ecf5a586926902970757,final_transform,0.5,11.1.0
bdadf71ec71037d3,data/images/canonical/bdadf71ec71037d3.png,d4ed9c9e23e8c4097db7a6ed98b6b6c2b08420fffdddfcec370958020bb9ffa8,final_transform,1.0,11.1.0
bdaf870478ae86a3,data/images/canonical/bdaf870478ae86a3.png,9ff900752a63ab21498c1ae44bdea9d5ab74bf7bdf8154931d6c631e7d06f7cf,final_transform,1.0,11.1.0
bdbbebc9f2d1ef4b,data/images/canonical/bdbbebc9f2d1ef4b.png,c6260da9406744314d69e02fe83d0c2aeb4b55c5445ab567be624717ab07f0dc,final_transform,2.0,11.1.0
bde12e0988a52f7e,data/images/canonical/bde12e0988a52f7e.png,4c3845ef33340a0c86595c7033d473c760d9aa206462ae946147af89b845e76f,known_prior_history,0.6514,11.1.0
bde827ac195f3b8b,data/images/canonical/bde827ac195f3b8b.png,383f87fe7ef9f98dc0779ea8741295ccf01796e7a457e444cb1c080f7fa14510,final_transform,1.0,11.1.0
be049727c42dee52,data/images/canonical/be049727c42dee52.png,d0c389bb8e0408c3c2644f836924bb54fc15f308233058ce545f45c2a8d053d4,final_transform,0.5,11.1.0
be24bd6dd6fa6025,data/images/canonical/be24bd6dd6fa6025.png,6cf3d3cce0daa5df5b5b45c049bf5f7625e1fdd585d6c8886e8f3e40768c9034,final_transform,1.0,11.1.0
be334a84eb998161,data/images/canonical/be334a84eb998161.png,3fa17bc41ea1698f6b6b9467ce0bd674fe900ef67abfa505075ef4e770a84183,final_transform,1.0,11.1.0
be88a6c099912484,data/images/canonical/be88a6c099912484.png,6ee36ee2fa4d219ac66bcc94e97a57a85dea55018ab085510f87fba7033d0166,final_transform,2.0,11.1.0
be9cb5a24ffb6ca4,data/images/canonical/be9cb5a24ffb6ca4.png,46c9e8c90cdfca1d4333fb6293280e11b196c85af3e9ed3261a7af37e5927941,final_transform,1.0,11.1.0
bec65c4a4ff3cabe,data/images/canonical/bec65c4a4ff3cabe.png,f4cf995efd949e3c29b829bb033e3da393c611f932d1e18652e65f3a36a4bb0e,known_prior_history,0.6827,11.1.0
befd08e971bebcee,data/images/canonical/befd08e971bebcee.png,7f0c7b8b9518e5326ee2e15f04f39a34660a5ee338ad0bfc38d6c6927921d2c8,known_prior_history,0.513,11.1.0
bf0904f1fa11a10b,data/images/canonical/bf0904f1fa11a10b.png,4b1de7e2c40356f41319ff817ef8ea38633159f8f0cc36a3f1a984d68fa47937,final_transform,1.0,11.1.0
bf4a509bdba3cb1a,data/images/canonical/bf4a509bdba3cb1a.png,c75d2fb8d05287b5e031182de9a8394aede675dcfff01178061e485a91bfbb38,known_prior_history,0.6827,11.1.0
bf4c45df26da2e06,data/images/canonical/bf4c45df26da2e06.png,b3b4c09c37040132db73b7486944bc54278d699a087a40072be6a81489614a40,final_transform,2.0,11.1.0
bf56aacb7b950727,data/images/canonical/bf56aacb7b950727.png,5a260006568655c099593dabecbb492803799886076dc683d404b4a532cadb61,final_transform,1.0,11.1.0
bf650c410686da78,data/images/canonical/bf650c410686da78.png,49f0a5cc19e6b52fe546a3504f4b7cd6bb781f23b0d05b592011d0a01c94f70a,final_transform,1.0,11.1.0
bf790126d7440912,data/images/canonical/bf790126d7440912.png,f256d58141bd216bef333cc05d7a2b4536eced593cdd84e468488b5db75c043a,final_transform,0.5,11.1.0
bfa5f5e381ccb235,data/images/canonical/bfa5f5e381ccb235.png,9c533ed88d561f1cdc9e7f77397ae13d479dae377cf4f74064959da195781c62,known_prior_history,0.6827,11.1.0
bfb4165e10ca57fa,data/images/canonical/bfb4165e10ca57fa.png,462449c71b972cabfe6b1e18866e2ccdb11fddc91e5df927d55d1874d94a4396,known_prior_history,0.7688,11.1.0
bfd942267ae4b51f,data/images/canonical/bfd942267ae4b51f.png,90977fa44083784724502d0e2e419cb72dcc3cc5b42fd913fd636ad2ff43a7a8,known_prior_history,0.5333,11.1.0
bffc2af1b949ad69,data/images/canonical/bffc2af1b949ad69.png,723df3bb17cf788d62f5f3e261d2384bc6f9baa3671c331fe1ca072c802079f7,final_transform,1.0,11.1.0
c0025af3f11d5cc1,data/images/canonical/c0025af3f11d5cc1.png,d48b49d80b0d030d502fbb151a0c812aad669f8ffb3a0e405ba498d3f1a7bdd6,final_transform,2.0,11.1.0
c0081432a836cc2c,data/images/canonical/c0081432a836cc2c.png,adb9a2be5f631529a854b5f9c87283e94af389555bf99529a8ec9be562e55b04,final_transform,0.5,11.1.0
c00caac204299218,data/images/canonical/c00caac204299218.png,4463bce3d697330755af02f5186b38e08544ce7d31acae2126bf21403df54d8c,known_prior_history,0.7688,11.1.0
c037c68ffa807457,data/images/canonical/c037c68ffa807457.png,e5db573bc2c6c5fe2acc3b5085953e20a6d49c8a37803e80e204ad4beb4e8f0f,known_prior_history,0.64,11.1.0
c06abcff62d37490,data/images/canonical/c06abcff62d37490.png,7d653521e2ba990a0abbbb81dc71b2afdfa26e3d7b1feb2155dabfa9a8be4230,known_prior_history,0.6827,11.1.0
c072f9c50ce06b37,data/images/canonical/c072f9c50ce06b37.png,b53988b903784f64641db83e9c0612930e4b12136aa2d2ba566689279b8ec981,known_prior_history,0.6827,11.1.0
c087ea83801dfe7e,data/images/canonical/c087ea83801dfe7e.png,3633307ee243a5b7ff6e468a9afaff60c857dc73bf9502f2714ee06bda96e2a5,known_prior_history,0.6827,11.1.0
c095e6ee8e686870,data/images/canonical/c095e6ee8e686870.png,d7ccb28692ddcd2252dca7d1c0c9de09d6bcb912251fa12eef5c54a12b44541a,final_transform,0.5,11.1.0
c0a361539732ef34,data/images/canonical/c0a361539732ef34.png,a66939ddc3f2d1c96ff8f7129ecaac82d4bc81ce77e4c7eb2f624026dd54e83d,final_transform,1.0,11.1.0
c0a7fc927dbbc3ca,data/images/canonical/c0a7fc927dbbc3ca.png,c350db103ccf290ba7a3365b01c62ddda0a3e5b6b4bdd5880d665284e2558d56,known_prior_history,0.7688,11.1.0
c0e682435d588228,data/images/canonical/c0e682435d588228.png,0a8596eeecf275cfaaa90f89e1567f678acb2d293f3979fe9a92f32f200c37d3,known_prior_history,0.7111,11.1.0
c0e83ef75829943a,data/images/canonical/c0e83ef75829943a.png,2265065ab7353b9d255d1c88da2b507cb9985d34daeddc955b4cb2faddb17391,known_prior_history,1.3989,11.1.0
c11787e2ca6caf62,data/images/canonical/c11787e2ca6caf62.png,30cd1b5cf0967e443c941da50f90838c4e6ab0aa79f38480f0b738d4114484e8,final_transform,0.5,11.1.0
c14e872276e98c11,data/images/canonical/c14e872276e98c11.png,830390ed10f159a9603aa04fe371cb96ba195218ec435efc77a3affb7aec9626,known_prior_history,0.5689,11.1.0
c1732bc874255829,data/images/canonical/c1732bc874255829.png,6f2cf04e02daa5b49723dee97750b33407c5e99a68bdc108410d646bf531d104,known_prior_history,0.6827,11.1.0
c175fc6f2f4f9a27,data/images/canonical/c175fc6f2f4f9a27.png,3fc45f300300bc4d33d1feb0986d6e89d3d5e82ed9f5b78379dc82252930b99d,known_prior_history,0.6827,11.1.0
c1dd5253ccbcc319,data/images/canonical/c1dd5253ccbcc319.png,baea7f684d2ec1d693a307267ae4e04b7d86c2200ca9a6a2823b21a0d5f95693,final_transform,2.0,11.1.0
c1e3013aa6888bf3,data/images/canonical/c1e3013aa6888bf3.png,6a77cd235ab5701fd768a471a53392a5937d2384c87e1610bc8fdbff6a54fa05,final_transform,1.0,11.1.0
c218508c505efbda,data/images/canonical/c218508c505efbda.png,48c157f196824eda71e2a110dd29635f040803363ac082e6e4c5e901e0e73c02,final_transform,2.0,11.1.0
c23ba1f904d84e5e,data/images/canonical/c23ba1f904d84e5e.png,6dd1a7e9d494d53dd476c4d4cef6c616f6735e811af58cbcbc9e57752c808030,final_transform,0.5,11.1.0
c264d2a08d089f3d,data/images/canonical/c264d2a08d089f3d.png,719fd63ea40205d2e5f1d3cc8e0ceee8b8ebe1887e7ed7cc9e94e453a37600d8,final_transform,1.0,11.1.0
c2782a636f88e649,data/images/canonical/c2782a636f88e649.png,d11274f9d501f640678680d6dd6db598d613341f97568717c1c395e50dde2393,final_transform,2.0,11.1.0
c2c064379bd1729f,data/images/canonical/c2c064379bd1729f.png,48e95ed23396f7d9dd8f78b30feba8cef942176d1b4b6b642cdc1d6089bbb22f,final_transform,1.0,11.1.0
c2c09df4ac9ec5fa,data/images/canonical/c2c09df4ac9ec5fa.png,16815259f1aaa03ffd30161cec3ab7cfd2f901634fcef178cfcdca8e47bc94cd,final_transform,2.0,11.1.0
c2c3655fc5f792d3,data/images/canonical/c2c3655fc5f792d3.png,8f8033e09d6aa5200d62d5d565d743bd101863cd12403a8c39debe818466c738,final_transform,0.5,11.1.0
c2d13bbca0c35aab,data/images/canonical/c2d13bbca0c35aab.png,60947e1b758b3cb043b70400fa3f61467ec0b83f84b78c8c9a899ec27b4b9555,final_transform,2.0,11.1.0
c2f1290e61a5843f,data/images/canonical/c2f1290e61a5843f.png,c793e3c600ca089e77cc218d175a640e310b9b28fb0825493d384faf31b7af0b,final_transform,1.0,11.1.0
c3327c363474a548,data/images/canonical/c3327c363474a548.png,4c99dd9d7fb2800ffb4916b5bafa5c5e97b6fc3960e863b44b5175da37e160ce,known_prior_history,0.7665,11.1.0
c3478e5cb0950417,data/images/canonical/c3478e5cb0950417.png,6138bec82cc573e8fd82bbd08302f73c827f5e4d43cc526ca67622c891ebae8a,known_prior_history,0.5367,11.1.0
c381a9e749380d5d,data/images/canonical/c381a9e749380d5d.png,bc5b239c72190d96a0416bdf4115c577768764e5ddef48d8ed9771f5284b5d2d,known_prior_history,0.6827,11.1.0
c3cbab6f21810c5b,data/images/canonical/c3cbab6f21810c5b.png,0219ce446b247d96a8b3caaa2066abafaf9f5526cecc15f02fcdc6f03e8ec1a3,final_transform,0.5,11.1.0
c3db4cbd7e31494c,data/images/canonical/c3db4cbd7e31494c.png,3612d1ace51abd8eacc42461b496d34f34587cad3cd74a6224aa0f919bfb895e,final_transform,2.0,11.1.0
c3ea8a4d8dda0006,data/images/canonical/c3ea8a4d8dda0006.png,1cd5e5c579e3daf8378bef0ab471d3a8be196305c334c43b7a8be021b5bef75e,final_transform,0.5,11.1.0
c3f69aa198e6a62c,data/images/canonical/c3f69aa198e6a62c.png,3068512a4fb79ed80df65053fe0c31bca7dbadc3a5a23ce9cd4a7a72d1e5b481,known_prior_history,0.6827,11.1.0
c3fe4aff519da2ab,data/images/canonical/c3fe4aff519da2ab.png,7feb3aff7baeba8f34eb95c52f6549ba25a0b9830a169de7f0fb30abf5749965,final_transform,1.0,11.1.0
c40e189c5345737d,data/images/canonical/c40e189c5345737d.png,1f569bfaef1fad3f082c5e963efc6657d679085e5aa9929db75964b5b9a1a8e6,final_transform,0.5,11.1.0
c42594bd3ad571e8,data/images/canonical/c42594bd3ad571e8.png,a43edf56a7593fe96b26f19402d4363f7bab48ab4398860ab3b0704bf4ab90f5,final_transform,2.0,11.1.0
c42a78088686351c,data/images/canonical/c42a78088686351c.png,ab35a3ce01da3366b271c64ea5bd40f4c3700be4ff4236d790c3c2a5299f3be6,known_prior_history,0.6632,11.1.0
c431aa0c1c4a72c2,data/images/canonical/c431aa0c1c4a72c2.png,cfffb22e12434b5a613e499261725495ba0deaa996d445352c962ce2e3542213,known_prior_history,0.6275,11.1.0
c451177be6d1d399,data/images/canonical/c451177be6d1d399.png,f4854ae67ff1f816261ec1f350050fc1078c1ab0d647e2e6bd117d0d6de2f699,known_prior_history,0.6827,11.1.0
c46de4f9b99a6422,data/images/canonical/c46de4f9b99a6422.png,49b54c7aed9152680b9af51140379833d261b23dd62ddb1b99d4155156b9be1e,known_prior_history,0.5689,11.1.0
c4826cbc7a9a4f24,data/images/canonical/c4826cbc7a9a4f24.png,a6e49ee512a306b7504e2790d19b9e7d68b10ab3b35ad47ab485c815873011a2,known_prior_history,0.7688,11.1.0
c485b35f641df03c,data/images/canonical/c485b35f641df03c.png,969f601fb320852d822fb4db66434ed4c05e709cedb2e71315b8bd9244ec948f,known_prior_history,4.2667,11.1.0
c48c94b1dbd3ca30,data/images/canonical/c48c94b1dbd3ca30.png,e3a26192236ae1708417e66b3994e337acfc76b6df94c27885b4d075890a8b37,known_prior_history,0.6827,11.1.0
c4a2ed080309daf7,data/images/canonical/c4a2ed080309daf7.png,e113a11cad3a28951d813463d98fca2e2fb2aae8e905a82e85052805f03e59ba,final_transform,2.0,11.1.0
c4ac0e7b69d22646,data/images/canonical/c4ac0e7b69d22646.png,eba871869082fae42676a85c7c9b6cba35dfef399787bc3891a8f8f2effd34d3,known_prior_history,0.1212,11.1.0
c4b5f6dce8778b62,data/images/canonical/c4b5f6dce8778b62.png,8dca33cc3997a016965e604e9874c92dbf3b749e10b1ffb6e9581bfb4ebde8e4,known_prior_history,0.5151,11.1.0
c4b980f79085b611,data/images/canonical/c4b980f79085b611.png,c6d42705687f07e34c8227870f72a3c5e445b498a549a29a8c25ef13f39e3798,final_transform,1.0,11.1.0
c4c728fb738554e5,data/images/canonical/c4c728fb738554e5.png,00533126df8977a7ea97ea82abf6f8b8ae7d81673e39046bc9c2757ebb8165ca,final_transform,0.5,11.1.0
c4d249cc09980b9b,data/images/canonical/c4d249cc09980b9b.png,42a6ccf42bc32adfc881aa53cbe3a1f9fbb7167d60dc42a7164bcf14220d6943,known_prior_history,1.2864,11.1.0
c4e58c69dbdcfb7a,data/images/canonical/c4e58c69dbdcfb7a.png,460ecb7fc04059340c8ed67750594767514f04fa93e0f66bab193bcdf372fdca,final_transform,2.0,11.1.0
c4fff1ce2799a8ba,data/images/canonical/c4fff1ce2799a8ba.png,cce7157b83acad280c6da870e3aa051076de38227f8b2f96b87332fbc982d9ba,known_prior_history,0.6827,11.1.0
c51ec7d6a679f140,data/images/canonical/c51ec7d6a679f140.png,0385857677f8d7faeba656541242cb14ffa91f9ca952226460a50a08b7e12fec,known_prior_history,0.6827,11.1.0
c538a51da01be308,data/images/canonical/c538a51da01be308.png,0f17abc6d931170b84205a7444532da288c368928711f0e107133dc169069471,final_transform,0.5,11.1.0
c548efa0d711d032,data/images/canonical/c548efa0d711d032.png,30cc41c87f00df2a71576d817010006063324a5a3a1197d3a287bd6107092841,known_prior_history,0.6124,11.1.0
c597c88041840044,data/images/canonical/c597c88041840044.png,7ab6db38c57377e046b456d0b723517795994d5aad75c07a981f779b7ea58d76,final_transform,2.0,11.1.0
c5986a08c985dd19,data/images/canonical/c5986a08c985dd19.png,f8680af59423bc659ab09fe886e916fbe4899c946000e34eea5e1c034fdb7742,known_prior_history,0.5235,11.1.0
c5af115e1be06ac8,data/images/canonical/c5af115e1be06ac8.png,1c63c238f1133717342195dbc7aa9e0e24f09d38ed54acaf3fa082fffb1aee32,final_transform,2.0,11.1.0
c5b9705c1177913c,data/images/canonical/c5b9705c1177913c.png,89eb7be38086a115c6cf9535cf20aa0e14fa0154e6238cacad645d18015387c5,final_transform,1.0,11.1.0
c5ed9e4d0e99396c,data/images/canonical/c5ed9e4d0e99396c.png,17cea93a3611c3b8ee63b46871232477cc6cd320a9949019b889a7e94584e8ef,final_transform,2.0,11.1.0
c5f5533652fbd48e,data/images/canonical/c5f5533652fbd48e.png,3783cac18bdf9d5c6711c6c73fa5b9486c9a778563c5d399f078b142f9eaaa31,final_transform,2.0,11.1.0
c5f64e4a54721c26,data/images/canonical/c5f64e4a54721c26.png,65852463e08c84d079450ce06cf5dd5a69bfb4cbde7eea13d7c56ffe56fed80c,known_prior_history,0.512,11.1.0
c606c369aac09f68,data/images/canonical/c606c369aac09f68.png,61b5a5f2528693290b3ef8c845abc9d54cc32edf583ab7a9b4afd622fbdd1969,final_transform,1.0,11.1.0
c611f6d0cc2e5cbf,data/images/canonical/c611f6d0cc2e5cbf.png,9fb6f664f24dc157f4e65ba4be46a8b82cf4646ec41c61ff1c91d88adc71e2e8,final_transform,0.5,11.1.0
c633e0293c4fa99c,data/images/canonical/c633e0293c4fa99c.png,38f2417d51f4c02dd85598a63b914fc7a1d64ca3c5f9205f0d64e59f3b278bef,final_transform,2.0,11.1.0
c63665ad1fd5e365,data/images/canonical/c63665ad1fd5e365.png,e2886a99d667416db4d43c1a5f60c54946212cae445ded7749d9873721ef0b88,final_transform,2.0,11.1.0
c63d8ef7deede0a0,data/images/canonical/c63d8ef7deede0a0.png,9b97d95395642f9598fe785f459a83f63a3006202006927c68c1175e2e5e43cb,known_prior_history,0.6827,11.1.0
c63ef0e04fead8d9,data/images/canonical/c63ef0e04fead8d9.png,8bbd4f181c4c0d06f55b976449a5e2aad650164ffdbd1b2663142e48d6958e25,final_transform,2.0,11.1.0
c64ef0cffc873084,data/images/canonical/c64ef0cffc873084.png,03746e0a097b4ec3893b64be226f19d6438ac626c7e5853e88623d3eeeed8e87,known_prior_history,0.7665,11.1.0
c674639c95b6aab9,data/images/canonical/c674639c95b6aab9.png,7eab79ed230f5932e2b4fe505b7fab7930fb4d70a21cd3793e988b358eaa0071,known_prior_history,0.6827,11.1.0
c683ca30f61b02b2,data/images/canonical/c683ca30f61b02b2.png,eed7c552007d3c72828deeff08c72a29f79c35dd69eef887847f2143ad2a2c36,final_transform,2.0,11.1.0
c6a9fbe7a4ea399a,data/images/canonical/c6a9fbe7a4ea399a.png,d3b6d9d5c8b45235f494bf289e942afad3599bdbdc5a4607b7ce67006908bd42,final_transform,1.0,11.1.0
c6c0191bfcc841db,data/images/canonical/c6c0191bfcc841db.png,47d4bb89f035a920c9bcf94e2eded4bbb794f62bf42446dd00973f00741cd167,final_transform,2.0,11.1.0
c6c03cd9c733e155,data/images/canonical/c6c03cd9c733e155.png,f889ebbabff1a5e98788d62a3b11b9b68b5f1ef664378254b74e55ebd5d99042,known_prior_history,0.64,11.1.0
c6cf407ec30bf1ba,data/images/canonical/c6cf407ec30bf1ba.png,1c1c400dbb8fb24abbcff11108dcf8c10ef850c860924da0ddecc5ded66fc2c8,final_transform,0.5,11.1.0
c6d0911f498d8711,data/images/canonical/c6d0911f498d8711.png,342fb76e2dd0b02202420a658e178871d0d1cf20ac82cc8121df32bad59e528e,final_transform,2.0,11.1.0
c6dde0c0c3a45605,data/images/canonical/c6dde0c0c3a45605.png,25396d42a504c52f44415473a408520e93782ee1317e4f4cbe0e682e28b15596,final_transform,0.5,11.1.0
c6e12c7f1e72f6b7,data/images/canonical/c6e12c7f1e72f6b7.png,024b9d78ade2ee5546dafef8045a75add68d7545956504a1e455e01bc18b4dc8,final_transform,2.0,11.1.0
c7088111d53a81c8,data/images/canonical/c7088111d53a81c8.png,98df2e59d7243019d3afec6eb63dd53b99510894d3b766f246086a516902ba00,final_transform,0.5,11.1.0
c7218077b75daa01,data/images/canonical/c7218077b75daa01.png,7c00a457d4ae9ed889e8d77244f5685cbc197ad0d8f037e629b2ce645374fd8d,final_transform,1.0,11.1.0
c731f8793dce74f1,data/images/canonical/c731f8793dce74f1.png,58c4fd4f8f7f8d7fa81f00a34a6683449839b3c56d9d9ad675a64c96bfb609a2,known_prior_history,0.6465,11.1.0
c74c3dcb82bf0c8f,data/images/canonical/c74c3dcb82bf0c8f.png,d8e6fefe47b1abca8db62eb40dc80c0d9e226a5faa0f8721148bc3ba2f183e32,known_prior_history,0.7642,11.1.0
c777df044fb2f824,data/images/canonical/c777df044fb2f824.png,56891cf814962f38bfc7c1ff9fa917c82a61a2f03a4b46676c097c13afc35f1a,final_transform,0.5,11.1.0
c77d6602608b6488,data/images/canonical/c77d6602608b6488.png,ecf12e552282d9ba13b61828db982bae999e0e3e3b50b8e07414eac7880d8b9a,known_prior_history,0.7688,11.1.0
c78a44f6e35f212e,data/images/canonical/c78a44f6e35f212e.png,91eed8fc7f1ad15f9016ada495c4d39c4d12a3d4249fc5cba567425cc2bdaa2b,known_prior_history,0.6352,11.1.0
c79658fe266136fc,data/images/canonical/c79658fe266136fc.png,02e79ec344bb77975b0719512c2a0c28a6ee14333601e8c37ab1fe4302537dfd,final_transform,0.5,11.1.0
c7ab251554dea74e,data/images/canonical/c7ab251554dea74e.png,62b726bbd58ef98eec41fac48f13216912e24f80a87108ffc638135e118dc8f9,known_prior_history,0.6052,11.1.0
c7b310c2a6838a6f,data/images/canonical/c7b310c2a6838a6f.png,988113d1f5de69aa48d87700b56773a1ec7a5d832c1ec225e395f3b0345d4129,known_prior_history,0.6827,11.1.0
c7c2ef5032b3bb2a,data/images/canonical/c7c2ef5032b3bb2a.png,4d0e90d3e835b481806cda63ddbfea5ada1e42607938b2eae3fe89921f8b308e,known_prior_history,0.6827,11.1.0
c7ca5532e9c85a3e,data/images/canonical/c7ca5532e9c85a3e.png,628a2d9db666f46d464d65e6d2200ab334c80336434c5ab0603f766f007bf6d7,known_prior_history,0.5333,11.1.0
c80ae9898a498603,data/images/canonical/c80ae9898a498603.png,3bc5ec71286ff71aa29b59171d634791070f9da70ee0f977bc1b2184a3a97ec3,final_transform,2.0,11.1.0
c811105357663f05,data/images/canonical/c811105357663f05.png,be5a94c98f0805cecee90009b9e32a0b030e94244ea4ceb890ca044661a2e236,final_transform,0.5,11.1.0
c81762e0a9dd799c,data/images/canonical/c81762e0a9dd799c.png,e8a4a77981bfcea0298a5851d5fc0d2b2c9e6d651609e047dfc1af42c4fde6fd,known_prior_history,0.7665,11.1.0
c823b280a35cfa84,data/images/canonical/c823b280a35cfa84.png,a3e519e632d10d1344f5cc7c3ca32fbf368e1eb4c4d8311328da775fae842637,known_prior_history,0.5858,11.1.0
c823dca5c79b5305,data/images/canonical/c823dca5c79b5305.png,bff4a5f215467113ee82abf1ce6957d367e6b903ac2dcc161a5715e5dd2378bd,final_transform,1.0,11.1.0
c82bdfd8b2cc0389,data/images/canonical/c82bdfd8b2cc0389.png,85c9ebfd09de9f28e1fa308e218760b9a13b16e10e6147061320730cec9bdde7,final_transform,2.0,11.1.0
c84bab1df5e86ac8,data/images/canonical/c84bab1df5e86ac8.png,60457885e1347cb0aa0cb73d91b890d63b9b15bf8e20774094a2ac4a7499e27a,final_transform,1.0,11.1.0
c85ec51d26d557a9,data/images/canonical/c85ec51d26d557a9.png,97b4cb3970132ef28065c79f70bf862495da7e637165e70a55930a876f06dad1,final_transform,1.0,11.1.0
c863fd635da7d645,data/images/canonical/c863fd635da7d645.png,5f7c93be2217d08e63e2af1c3258cb269f4e45cfcee740969b105a1f15072faa,known_prior_history,0.6827,11.1.0
c8b2bb0ec5d0885b,data/images/canonical/c8b2bb0ec5d0885b.png,bd959f70f074011319936ded01939fb4ac660d42267af3d2c18f576b625f252b,final_transform,0.5,11.1.0
c8c078eac4e836ca,data/images/canonical/c8c078eac4e836ca.png,1cf82910769840c9c4038b870433e56561b30f0f19ca4a80e72f4f718e183bd9,known_prior_history,0.5926,11.1.0
c8d9becd61efa0fd,data/images/canonical/c8d9becd61efa0fd.png,ca4a10c403a92685dbf5cf15f2d978263d84bd833571b9d0a208e64208fc5fa5,known_prior_history,0.7734,11.1.0
c8ec6a28cdcaa53d,data/images/canonical/c8ec6a28cdcaa53d.png,b5144eeb4ab9bfb6d706ac7d28a465f79678e5108c1634a0667e2754b3cc0c73,final_transform,0.5,11.1.0
c8f08265648d8bc7,data/images/canonical/c8f08265648d8bc7.png,94ab2160e4c837bb9c78b3a2ed96e817d54dab495f38b5e655c7f244c8ea63cc,known_prior_history,0.6827,11.1.0
c8fb83ace927b166,data/images/canonical/c8fb83ace927b166.png,59a409f0443979ea024517a8efa594510da1713d9c1a230def24e42a50c3c288,known_prior_history,0.7356,11.1.0
c9024a785741857d,data/images/canonical/c9024a785741857d.png,36cdc6a0637ab8d078d420e92938aef155e09abaaaea93c24932252b243fa3bd,final_transform,0.5,11.1.0
c90457069e642568,data/images/canonical/c90457069e642568.png,4851f00ed185a44a95db19958b0890e3552f16bc368ab141e7ef5afca3aaa000,final_transform,2.0,11.1.0
c90b13dede8098c8,data/images/canonical/c90b13dede8098c8.png,afbebe0742995937a80ff48af25d2f9bb2ea37cf9f080eaa753e24b4c4842b51,final_transform,0.5,11.1.0
c94567cd94a80695,data/images/canonical/c94567cd94a80695.png,5680518d3810576df70761c05b359c417df52f69265211592051e207c9af52d8,final_transform,0.5,11.1.0
c94d0e01204579f9,data/images/canonical/c94d0e01204579f9.png,8e2a545610505fe924dc7909208985bab2d8072007a9119697006d833df393d4,known_prior_history,0.6845,11.1.0
c94d1196d9074cab,data/images/canonical/c94d1196d9074cab.png,d08cf8e7be5b091a7507f9537578cb22e8d8c86b0cf7407d7f9b65b01da713e1,final_transform,1.0,11.1.0
c953257cf548465f,data/images/canonical/c953257cf548465f.png,162d8411e291b4cedd62f63d3ef7a6953c7ff0c6687a700a04650ec9350fc8b4,final_transform,2.0,11.1.0
c957d909a45135e4,data/images/canonical/c957d909a45135e4.png,3839d6be6e74ac75af1ca6463533b909976e6b5a71d87df5c7d8195732508744,known_prior_history,0.0936,11.1.0
c96cb12105b6a862,data/images/canonical/c96cb12105b6a862.png,5ba03c566af5782c9101b5c0e7fc7c23b2e6d68c6908459d430451350dcc090d,final_transform,1.0,11.1.0
c97dabcb9ccc69e7,data/images/canonical/c97dabcb9ccc69e7.png,c1690111be9b19cfa103814dbb2321e58337533c45eece747c30b93429042eed,known_prior_history,0.512,11.1.0
c994dbe26bc135a9,data/images/canonical/c994dbe26bc135a9.png,f64701053de851dbae98f9f19b3ddd0f9bc9eb092c39b564b2e16785c53d25cc,known_prior_history,0.6827,11.1.0
c999edc420b8b349,data/images/canonical/c999edc420b8b349.png,89ff45a10ca9b220d1236ff67f543664c7e438caae89e5a48d667384ecf43ee3,final_transform,1.0,11.1.0
c9cb3db46a35ff67,data/images/canonical/c9cb3db46a35ff67.png,dc38fffaaa3d48cc42425afd89b1e7c92db94dc79182e41186c99ebc8ee1c549,final_transform,2.0,11.1.0
c9d5b5559a74b47e,data/images/canonical/c9d5b5559a74b47e.png,ae50ae385f673cbd57c72fa4ce37049bf93e16ff8c5d64b9e039e681a4a8240d,final_transform,2.0,11.1.0
c9ded21501d0d3b8,data/images/canonical/c9ded21501d0d3b8.png,4067772cbfbb70aeadbea2487629dc479d8c412da54a4fdc0a1b19caf4abf2dc,final_transform,2.0,11.1.0
c9f954d57df5d991,data/images/canonical/c9f954d57df5d991.png,d4b8c1d5f58ce2f943866f8c2c56105bc2e3e5d26fe4950fcf37fecd1603371f,known_prior_history,0.6827,11.1.0
ca0ba88ed5917cf8,data/images/canonical/ca0ba88ed5917cf8.png,e1963255bf8d77febb8428d660bf636b99b223d7bacfb04ceb7bf3bfa442191f,final_transform,2.0,11.1.0
ca0cd6fc435b4a11,data/images/canonical/ca0cd6fc435b4a11.png,f8487c623567163fd9d71782aa4deafbd7b9658ad128f0ffc684d7b3012f2f1d,known_prior_history,0.5602,11.1.0
ca1b03c31553f797,data/images/canonical/ca1b03c31553f797.png,eff5b8622d4136698cca815efcded576bf898e5344549e1179057eb577af2793,known_prior_history,0.7688,11.1.0
ca3379907173a211,data/images/canonical/ca3379907173a211.png,7d88a8e79d607cab58f9c834eb42cd63d91e87e9a88a827a02a63d3c49ce122a,final_transform,0.5,11.1.0
ca4f611f83a3878d,data/images/canonical/ca4f611f83a3878d.png,2d5d8248ddc71f3e537faa8ae875424c4ca0b7e0efc4282490f9f5b35b61e680,final_transform,2.0,11.1.0
ca74ef5b1de6b5f6,data/images/canonical/ca74ef5b1de6b5f6.png,314148dcf1ec8f53331936896be3169f63e761ca9e9d965ec830531c56d0772f,final_transform,0.5,11.1.0
ca77de05e5b3d01e,data/images/canonical/ca77de05e5b3d01e.png,3c033818fb0f1bd50f2e6b338b65ad95727e8c6af35d2c7e3bb99146b3e373e1,final_transform,0.5,11.1.0
ca7d5cd88f5da711,data/images/canonical/ca7d5cd88f5da711.png,d3afed976f6e81b100fef5e0146d94c4b4c7bb5d8bc3a7cb2e68abc9f9ead2ed,known_prior_history,0.6827,11.1.0
ca7d7ddbd2ecfdf8,data/images/canonical/ca7d7ddbd2ecfdf8.png,618c6259f5eb76e2cfaccb5fc99941cff806f562b8c780f4c3d8ffb6eaeb2c4a,known_prior_history,0.7688,11.1.0
ca803178ab2bf4df,data/images/canonical/ca803178ab2bf4df.png,6ddc1a4810bd3a5b95e1e273279acae2a6906a233cdabecbcea78a6da53a3673,known_prior_history,0.5981,11.1.0
cab9ad8acf209783,data/images/canonical/cab9ad8acf209783.png,3c8f7b36643f4359f1b4654442086f7b32877a3e5b961be8d738866ced5472fe,final_transform,0.5,11.1.0
cae04459da7eb093,data/images/canonical/cae04459da7eb093.png,ef28b1fb528f8d4207eb612ff7f61b7b6498a5cec8b68c02a12a628a4038bb17,final_transform,1.0,11.1.0
caee9ba3922423b5,data/images/canonical/caee9ba3922423b5.png,0ffff5f7a26f7534b938a11a4f1d3a0d7dbd9f25117bf517f070465033469887,final_transform,1.0,11.1.0
cafd7d8b8743a9a5,data/images/canonical/cafd7d8b8743a9a5.png,affa95e4502e047e37ba2bdbf7484443c40daba191ed2b1e8497d22c9c28634b,known_prior_history,1.0119,11.1.0
cb0345ae7ee9c29f,data/images/canonical/cb0345ae7ee9c29f.png,a8c24efbcb6c98cad74f4880030448817d71a7303aabe03b897bc8afa6eafbdc,final_transform,2.0,11.1.0
cb0d4feaf35b448b,data/images/canonical/cb0d4feaf35b448b.png,66b3940208d6b14ab3a8adb4b9a5f9cc60ec85778ac99db0cf48e58ea85f736a,known_prior_history,0.6827,11.1.0
cb0f8e2f19fdd2ca,data/images/canonical/cb0f8e2f19fdd2ca.png,6b8c41c387c6bebc4276e804ec3fab3678f3605c2f183d24b9f668784bd67c8e,known_prior_history,0.6827,11.1.0
cb1b24285884920f,data/images/canonical/cb1b24285884920f.png,83a8079336a3cd6a243e5c122510ba9040416b17c0d5967d6e16f5f96db86b86,known_prior_history,0.5689,11.1.0
cb2f64a766f10f10,data/images/canonical/cb2f64a766f10f10.png,ce3a68b2afaac65cfccef2956880e3908f93a73d810594a501b298b92a66b36e,known_prior_history,0.742,11.1.0
cb3fa19ee38ff444,data/images/canonical/cb3fa19ee38ff444.png,df8d29a7ed279d1d7e5768aa20408888e9e4c8d80242810433648e97e4ae9d1f,final_transform,0.5,11.1.0
cb488f109e98f1f0,data/images/canonical/cb488f109e98f1f0.png,4d79f95db193a0e90a32bf65c83eb1db351e53db702bb6cb835e9f791c48d8c5,final_transform,2.0,11.1.0
cb5174aba56291ce,data/images/canonical/cb5174aba56291ce.png,5278a21bb540871ce9f11604c4ec754ac1b1a8300b49b86452ce031dcdcc319f,final_transform,0.5,11.1.0
cb676a50f8290fb8,data/images/canonical/cb676a50f8290fb8.png,e93f5a4dad10271dcce91d2483018d1d54aa0ce1e583b2ba515a7ab2fd87ccf3,final_transform,0.5,11.1.0
cb7099f7ee05883f,data/images/canonical/cb7099f7ee05883f.png,3f0e6c866cc0e17041ef254839748158f12600ccc9c685df750dfec35ab84973,known_prior_history,0.7131,11.1.0
cb7775aa56e3e0a7,data/images/canonical/cb7775aa56e3e0a7.png,4539c3d0605268334922cb9269db336c13d2f6cec01e41ec5373b8124d46f688,final_transform,2.0,11.1.0
cbadce0a1f704915,data/images/canonical/cbadce0a1f704915.png,ca2e56eac587aa632fafb9e66dc45856678196698813705e37d36dc623faa728,known_prior_history,0.512,11.1.0
cbc778496b901e6a,data/images/canonical/cbc778496b901e6a.png,53b39e4e24f43a273905bda48021a117756261e2e621b4adc3a41e1c2d87e847,final_transform,0.5,11.1.0
cbd3d7a62a021103,data/images/canonical/cbd3d7a62a021103.png,a97565d8334b0e777a377e8e0fbd3dc460ee840dd9d344009739a146e04f9795,final_transform,2.0,11.1.0
cbd923cba5fcda36,data/images/canonical/cbd923cba5fcda36.png,52f7331f16863564e0d6c1871e345b5a20990b84bd2e58c5be1d86620f5b3464,known_prior_history,0.8562,11.1.0
cc06da421d8270b8,data/images/canonical/cc06da421d8270b8.png,b28f897d703f0727c5601039cffb511ab2e60618cc3a80f4da9e79a0b919f0ff,known_prior_history,0.6827,11.1.0
cc1231f3d5357a77,data/images/canonical/cc1231f3d5357a77.png,559ee93cca4b97823bd5a1801f5d36a4645cdd425951fa1d0a2da8a23a4519bd,final_transform,2.0,11.1.0
cc14229a51dccc8e,data/images/canonical/cc14229a51dccc8e.png,c9bbff4baf6c1e7fc9fb831e9ab4e5cc3e159aab5d14fe9b644978561b0a9409,final_transform,0.5,11.1.0
cc67993513202e58,data/images/canonical/cc67993513202e58.png,468124c0cd8b9a4e99e2f37d2a44d2fe57ffe448370dce7aaf8632abd13e4efb,final_transform,1.0,11.1.0
cc80c0edad31b95f,data/images/canonical/cc80c0edad31b95f.png,7a9aa1d53946afe5762c54c4b9b3927722662277329e13f47a64dd8f1d3ea9a4,final_transform,1.0,11.1.0
cc9fd06437b73a04,data/images/canonical/cc9fd06437b73a04.png,236af6f6f393e57ba8e8a48fe773fad7c6d35e75ac2f02432dd299a6b1c421e0,final_transform,2.0,11.1.0
ccc392f553804474,data/images/canonical/ccc392f553804474.png,8fcdd79bd5e7dde2bfa794e354e591ca0976590648a41f063ae99528b7054bed,final_transform,1.0,11.1.0
ccc9a1cd0c2b9cba,data/images/canonical/ccc9a1cd0c2b9cba.png,551f56e7d3236973d875f1c2dfabafe74a1d6681d3d68e100004c91273d4249d,final_transform,1.0,11.1.0
ccebca0e62d03479,data/images/canonical/ccebca0e62d03479.png,265612da626fcd1f2ddc21bd8e3137a1988833b6092228ed86975668b329fc55,final_transform,2.0,11.1.0
cd0827728c3a22c8,data/images/canonical/cd0827728c3a22c8.png,38d738ca4d159b9381700434101ecb89223a9970ed118f9b6399687014530c11,known_prior_history,0.6827,11.1.0
cd305dad9473171d,data/images/canonical/cd305dad9473171d.png,9d245249065c7d1c2d9ff1a356d7c6b4a696463965152057d7f4bd613c938666,known_prior_history,0.6827,11.1.0
cd3287fd03df0f34,data/images/canonical/cd3287fd03df0f34.png,b80b19e5e0be47c0d506d9775eb4e6d4e5780fc44efd65f51dadffd0e64ddc8b,known_prior_history,0.6827,11.1.0
cd4c1bfad6044399,data/images/canonical/cd4c1bfad6044399.png,10c9cbe7a491b39fce779cca0fd49073913dfd939a6f80da40432388af04825e,known_prior_history,0.6827,11.1.0
cd7a4fd5ac10e792,data/images/canonical/cd7a4fd5ac10e792.png,83b64ca3d8d4969b977b11ab28b50ba0fba78da42ec2de585ef688dc8823fd84,final_transform,2.0,11.1.0
cd7bdc4431109064,data/images/canonical/cd7bdc4431109064.png,0f7cfdcce061b413912ae794cb6b422061fb83270309e0baa4a909099f53f833,final_transform,1.0,11.1.0
cd82bfbedec99c63,data/images/canonical/cd82bfbedec99c63.png,001bc4998a41d270cf5ec4c4e30c7e9bb5fc36477829a14dfe3b4a9b34a13719,final_transform,2.0,11.1.0
cd9c36a41741fed9,data/images/canonical/cd9c36a41741fed9.png,5bb65cd0ba97510ab6262acb5a6365c744c23a418959f01eb466b9bb04b3912c,known_prior_history,0.6827,11.1.0
cdadea19a9fe0432,data/images/canonical/cdadea19a9fe0432.png,651bbe303e056efb5e63d120d39c1a9ad638b8d32fd24ef3756bb5e52ecf23cf,known_prior_history,0.5505,11.1.0
cdb72c4836f73cdb,data/images/canonical/cdb72c4836f73cdb.png,0d42462716ba04c0ada7f877b81bda9b38d4cf66926962d49f1834bf265cbf10,final_transform,2.0,11.1.0
cdbdf83b58dd97ab,data/images/canonical/cdbdf83b58dd97ab.png,6b90b677729bda1184c953951ea365aa98d69beed925d1da8996b775247403f4,known_prior_history,0.6827,11.1.0
cdc325f9d50ccd76,data/images/canonical/cdc325f9d50ccd76.png,311370c99215b040bb9c163b87935285debb68b54f1f49890e52db0860713c24,final_transform,0.5,11.1.0
cdc945d636074b32,data/images/canonical/cdc945d636074b32.png,7315534b11bd775399866abf72e04ab43ed6100176ef719a2cf765e9a73fa476,known_prior_history,1.0667,11.1.0
cdec406fadfc584c,data/images/canonical/cdec406fadfc584c.png,0ee131adcc21132c13452fd288b719703c5e2d8ec6ec580a8e409dda007bcf02,known_prior_history,0.6139,11.1.0
ce239be586a84d99,data/images/canonical/ce239be586a84d99.png,959f852727aa5bc130f2e47510a432d4c64616cdea7ef351525136d2643e151e,known_prior_history,0.7442,11.1.0
ce42b85f74eaf043,data/images/canonical/ce42b85f74eaf043.png,b764764270de71b07a2f6f1c43ef2dcb438fdb0bf05dff356811581fe4fd253a,known_prior_history,0.8858,11.1.0
ce4993d61ee9e80b,data/images/canonical/ce4993d61ee9e80b.png,7f8eb80fbe9030893472bdbd391479bbb52272fb8be7626e9a69f02136d0be43,known_prior_history,0.7688,11.1.0
ce5707585921cd83,data/images/canonical/ce5707585921cd83.png,b7add03d237c7e419ace099bcbe1a5c5330b6943b7f636d37b0d4d903fa5e01c,known_prior_history,0.512,11.1.0
ce6e47bb97084751,data/images/canonical/ce6e47bb97084751.png,b5ae7abb1d92d5dfeb58c1e47af015216008922c5d6d5704e95526f1ab0fa81a,known_prior_history,0.7665,11.1.0
ce88a598a23dc517,data/images/canonical/ce88a598a23dc517.png,31fe79ed66c21593ea7f074234506097ee2669e77a79827f25b7f6e6464d184d,known_prior_history,0.6827,11.1.0
ceacc55f948f941d,data/images/canonical/ceacc55f948f941d.png,4ea4dd9bad8489c8546c2980e71aa771e05ebf9e868fb5782df4bf250e6f0da8,known_prior_history,0.5995,11.1.0
ceaec45b7aa97c94,data/images/canonical/ceaec45b7aa97c94.png,0fd2b09e5a029620f527b830fedda781ac40a44bb3f2ed21df8aa462efb3098f,known_prior_history,0.513,11.1.0
cecfdf2d324e6914,data/images/canonical/cecfdf2d324e6914.png,8a4d2f92e2519a9db1c07ff3bc79bfb4661adea39abe7a57841df62d28135156,final_transform,1.0,11.1.0
cedc8a817c76c22e,data/images/canonical/cedc8a817c76c22e.png,f88c25ded936858832243fa0c570b1fa82aaf917be225065f0bba256ba0ed352,known_prior_history,0.7464,11.1.0
cee7f9cfd04be938,data/images/canonical/cee7f9cfd04be938.png,481740eb127c86bbb66a5960a6b5d10b919549797794145b3b75accbd225078e,final_transform,0.5,11.1.0
cefe0962c4fff197,data/images/canonical/cefe0962c4fff197.png,40a119a5ed571a6c91e08de6418d68fa1000199d60c645937b61dc148367425f,final_transform,0.5,11.1.0
cf02cefce47fcd98,data/images/canonical/cf02cefce47fcd98.png,3ad6db3c75d0b6ad8061a5b18953a14553a7547f682d071ddab2a464a29ffbe7,known_prior_history,0.6827,11.1.0
cf25ea103a5995b4,data/images/canonical/cf25ea103a5995b4.png,cfcc56c7435faf8fccd5e2a2babebeb2e37b0e985f6ffa688ffe5613e2b2e3c7,final_transform,2.0,11.1.0
cf4106bb00deaf1a,data/images/canonical/cf4106bb00deaf1a.png,3500aa10df652d983388c70ac982c49d55eb4a20713cc0483461f28f15f4279a,final_transform,0.5,11.1.0
cf42916fffe777c3,data/images/canonical/cf42916fffe777c3.png,9e16a4cc68f1bd3200240551af40e128ec53295630ba3bfaf70ba1dd954428bd,final_transform,2.0,11.1.0
cf750ba514240bde,data/images/canonical/cf750ba514240bde.png,c151a2eac49ac826f9740454ef536d021412f17befc34ffd30cfc1d12832e998,known_prior_history,0.6809,11.1.0
cf8333c9baf1c805,data/images/canonical/cf8333c9baf1c805.png,b98ec79c499e97ad0df0ffc850ffdd931c708940fba74b18bc879fdaeb71cecb,final_transform,1.0,11.1.0
cf8cc9a6afa98f3c,data/images/canonical/cf8cc9a6afa98f3c.png,8fa423b1915a9f2b03795c191f1f251a08b4c1c46157b765281677b6e4d73d6b,final_transform,2.0,11.1.0
cf96dffd518ace6a,data/images/canonical/cf96dffd518ace6a.png,64754f0c3caed0863499d8ddf78dcb5e8ec21bb17da1882278ed3d5ff088015f,final_transform,0.5,11.1.0
cfbd9f4526cdf7cb,data/images/canonical/cfbd9f4526cdf7cb.png,c37f546afb9eb9c4a20924d101960f8374b9e4e7be32ccebcdbb4b77cca8d844,known_prior_history,0.6827,11.1.0
cfe1b75601aa9f1c,data/images/canonical/cfe1b75601aa9f1c.png,9a4461f048fd180bee48213f985db6216c93c0ae6d3d0b4bef07313586e82a51,final_transform,0.5,11.1.0
cfe5efe4ae4770bd,data/images/canonical/cfe5efe4ae4770bd.png,d7350324c75bfb31ad5878f0057fadb551038e67e637265ef66f80ca489f8989,final_transform,0.5,11.1.0
d00957f3ed1b50c0,data/images/canonical/d00957f3ed1b50c0.png,e58515848b47675c2661c1902b0986d8274797bf9adf28c8258746c419bd01c4,known_prior_history,0.6919,11.1.0
d012eea322649a49,data/images/canonical/d012eea322649a49.png,1dbb97f0499a510e2cea7399b13ee8bc9ef0037971bbe8ba298dc9efad8a74f9,known_prior_history,0.6827,11.1.0
d035a457be538591,data/images/canonical/d035a457be538591.png,95164912fdc85043cee3792775c597f24656178172bfb69a43b0f8fc2024325a,known_prior_history,0.4288,11.1.0
d03873d7e0735239,data/images/canonical/d03873d7e0735239.png,b16837f091ed0fcdf7dd889e3f2ef4585848bfd3bf4dc53d1bc3ad22e6e04968,known_prior_history,0.6827,11.1.0
d03f02b874b4f054,data/images/canonical/d03f02b874b4f054.png,80575e9f7c53d75be2c81b8814512f26440606eb2d2a4b0dcc3ded1b6a01fbda,known_prior_history,0.6827,11.1.0
d05d5ef2a1ac72fb,data/images/canonical/d05d5ef2a1ac72fb.png,0212eb8bfdcecb0f501b061a7abc38e1c0f03c0d90ce5c69cf2d523c5e342898,final_transform,2.0,11.1.0
d09e322ed44d9a96,data/images/canonical/d09e322ed44d9a96.png,a94d72bf24ff78ac7d208b2d8671069f1df036c34dd83563d0b3f64fab5df5ce,known_prior_history,0.911,11.1.0
d0a1c5710521dee4,data/images/canonical/d0a1c5710521dee4.png,1f9d51efb084f24b410a9e27e89e32cf5db17541d9da15ac200df9a2e5365345,known_prior_history,0.512,11.1.0
d0a7c8bfd415395d,data/images/canonical/d0a7c8bfd415395d.png,4932c78fb6c0f235797bdd519dfbde25006a948e0eccb35b93cc7ab259e58190,known_prior_history,1.28,11.1.0
d0c37720fa2770b9,data/images/canonical/d0c37720fa2770b9.png,f3024393bcf1f227f8e52345ba1f620934d39b32ec8cdfea689cb85812a57b81,final_transform,0.5,11.1.0
d1045055f4f57922,data/images/canonical/d1045055f4f57922.png,4713a38606cd8593fa5ca8eb9f9789cbcce76762f7083b2718905284f41b9fce,final_transform,0.5,11.1.0
d11f968b77c544d2,data/images/canonical/d11f968b77c544d2.png,908b3ce076e46f8d42fbd08b0a733a739feaffb3469de32e2c19636f97c2427f,final_transform,2.0,11.1.0
d1787f728c3c425b,data/images/canonical/d1787f728c3c425b.png,cacc5a703b803aa012b5a4a7635def0c7376d30a7297787c551b10e6d23f3b70,final_transform,1.0,11.1.0
d1a14d3a9488c5df,data/images/canonical/d1a14d3a9488c5df.png,32711f05e974189ad1e7d5bbb8eed7c632c9684d11877a8bb800b3afcf1a26d9,final_transform,0.5,11.1.0
d1d1919b5a9b1607,data/images/canonical/d1d1919b5a9b1607.png,b6a527ba4cc2a7c302137edd6a18a76cfadc1e11646fbef029581b1f9d4a23c4,final_transform,0.5,11.1.0
d1dee0147f84bd2d,data/images/canonical/d1dee0147f84bd2d.png,f3f6ea957838e0e2cae6aac0b77d08f1c294fb76850a5ac14a250aaaf0ec2ea7,known_prior_history,0.6827,11.1.0
d1e64ca39bf01cb1,data/images/canonical/d1e64ca39bf01cb1.png,e83988b11bbd04c09f537d11112f024d71904ca5f4fdb7ec36e639aa25062528,final_transform,1.0,11.1.0
d22ef7fee7088bdc,data/images/canonical/d22ef7fee7088bdc.png,85145e599ae11467953c059220843cd1fd49038835c5b5f0a657dd750bd0f36a,known_prior_history,0.6845,11.1.0
d2429f029402c57a,data/images/canonical/d2429f029402c57a.png,5ed441eec6719d31b6e4d117cb5619ff2b5a25fa9a198aa984f27b3aec68aed8,final_transform,0.5,11.1.0
d253b8a9b2fa6565,data/images/canonical/d253b8a9b2fa6565.png,90965d3e872f81db5b34ce265d03f5cc13977e1b13593e2172a8bab7384e5b71,final_transform,0.5,11.1.0
d255171acd3e7126,data/images/canonical/d255171acd3e7126.png,52a278fa471729cef31c821b955878d1b95735e43bb197ed37bb66a76a4c84ee,known_prior_history,1.28,11.1.0
d25e1ecb1b0a4c54,data/images/canonical/d25e1ecb1b0a4c54.png,2422309119b8bdfaf9b41c2ddabdad09e7db55c88078b2c042b54a82b447021c,known_prior_history,0.6827,11.1.0
d27640e783875bea,data/images/canonical/d27640e783875bea.png,2f414ba191a9eddbd06f58266ab36763794ea473ac11bbe8fe6f2d171db34b05,final_transform,1.0,11.1.0
d27810bee988423c,data/images/canonical/d27810bee988423c.png,acbb6b2e9ffbd3a4ad90fd5ffb482e7a7191cd72f86fd09b2b6d13d983abba29,known_prior_history,0.6305,11.1.0
d28a49e78527808f,data/images/canonical/d28a49e78527808f.png,0a56e7f6bace021b7ba4f0afd546c543d884d40498ff3114d6ed32bdb408dd7c,known_prior_history,0.7688,11.1.0
d296d8555a85945e,data/images/canonical/d296d8555a85945e.png,9e0c71c0c65cb313b5620dd4c5d7ec6a650447f947c0fd74e50642ceacb91c69,known_prior_history,0.4803,11.1.0
d2b9488d497f1a5a,data/images/canonical/d2b9488d497f1a5a.png,b6eda557ca0ebaf2b9aee6e2e5a6242db7089c768d7b24722eef3d7c09580247,known_prior_history,0.6827,11.1.0
d2c1793b0bcf2966,data/images/canonical/d2c1793b0bcf2966.png,fbb97cd01919d00779e6e23ee84121a0031ae251a2f155fbe56bd75bcd898394,final_transform,2.0,11.1.0
d2cdc29bfafba4ef,data/images/canonical/d2cdc29bfafba4ef.png,3de6b1ac71c40e6fc2f7216794da28dd3d3f2b8daa4e0b1ba9a218bbe375c4ed,known_prior_history,0.679,11.1.0
d2d48100f8920fbf,data/images/canonical/d2d48100f8920fbf.png,4a53c4dc27b5732a07347a15440b975f5958ca21ae8c8453108f2b3a3456168b,final_transform,0.5,11.1.0
d2f63d3c332b5157,data/images/canonical/d2f63d3c332b5157.png,c4619d7958ae972531a44dfc6de6eafacfa87d4acdbfb9e3271a328fd5c33f96,final_transform,2.0,11.1.0
d33843a68e0c4c08,data/images/canonical/d33843a68e0c4c08.png,6f3b816e1a84beff062c1cf0049957708056c0318d7d7421fcb4f73951102601,known_prior_history,0.5517,11.1.0
d34d3dd931c453b8,data/images/canonical/d34d3dd931c453b8.png,36e8509c57d45da743e75c8690da1dc3fa7d0d34850ef58d6a93a980c790c1f6,known_prior_history,0.8,11.1.0
d352f879c85f5d60,data/images/canonical/d352f879c85f5d60.png,82f45e5c501ecaeb4cc453e9fa0ead3ab475b78fd3f0af7caedbac5a54a85474,final_transform,0.5,11.1.0
d37ec5d6f1a76712,data/images/canonical/d37ec5d6f1a76712.png,b7cc64130e43f8a2ad63b200e942e6ecb781f85551573897aaf7f3a68b275bf8,final_transform,2.0,11.1.0
d381f27efdd4f066,data/images/canonical/d381f27efdd4f066.png,affa40580688296293494aeb77a76ba7af5210e4ad1d0342748a0cb4159b6310,known_prior_history,0.6827,11.1.0
d3add19878e3c395,data/images/canonical/d3add19878e3c395.png,a78965486c5aedda3c54e363d33d562af2f33a7e235bcf3ef8e55a005d565de6,known_prior_history,0.6827,11.1.0
d3afcfc39cdbefe6,data/images/canonical/d3afcfc39cdbefe6.png,549ae6cdb612330b4b78f27da768b1ab510b537fb99b9c6a264f325d1fe82558,final_transform,2.0,11.1.0
d3bf8082e1986cbc,data/images/canonical/d3bf8082e1986cbc.png,9246e52eb78166b71a69b4eea03950c95543f8a629d74f88baa68c747d103b2a,final_transform,1.0,11.1.0
d4052563b666feb2,data/images/canonical/d4052563b666feb2.png,c0d3ce5d156b52e702f5fca5154939fc530844af17fba7d47d79a6d15bf5d49c,known_prior_history,0.7688,11.1.0
d40ecfebca3d79c0,data/images/canonical/d40ecfebca3d79c0.png,1efeb3193a645f65985a226ba4273b9c9e0eb6157ef1e8247ad430f9e8998a02,known_prior_history,0.6827,11.1.0
d429c4fdbaa9b894,data/images/canonical/d429c4fdbaa9b894.png,784f72cd56ee739d4f1c260688855ca17bb59abffe25fef4520342eb225624e1,known_prior_history,0.7688,11.1.0
d45d8db708d8d27d,data/images/canonical/d45d8db708d8d27d.png,f5afba373b7d41d2fe98d5282d53a2c9e12a4e8d46b39771bb078a784fd47f7d,known_prior_history,0.6827,11.1.0
d495a9ba019126c0,data/images/canonical/d495a9ba019126c0.png,af0912eafd169020cf9ce12763c5c0df093c336f8768c0c21ba8abbfece7e10f,final_transform,0.5,11.1.0
d4a212fc67b1bb30,data/images/canonical/d4a212fc67b1bb30.png,1ef415344807a74fdf890cd5e80192530f8bba59685ee6442228efbffe045d0e,known_prior_history,0.6827,11.1.0
d4b3a35ff9424e04,data/images/canonical/d4b3a35ff9424e04.png,be3633377fda24938b0ab6085160a35e4ac95243505e6258671e8d7b76f9ee53,known_prior_history,0.6827,11.1.0
d4bcfbd940eb7686,data/images/canonical/d4bcfbd940eb7686.png,0ada2a8a57ac5be76d9dd87a190fa7635e4d85cf2696de09df8ccc3d6de3c399,final_transform,1.0,11.1.0
d4cc2c694c944665,data/images/canonical/d4cc2c694c944665.png,251bf86d0cb9b02a6bd2cb9af5c5c2a7f1c217ff9631d912db6604d0df09192c,known_prior_history,0.6827,11.1.0
d4f7eab31c975a36,data/images/canonical/d4f7eab31c975a36.png,1a2441cf61c4d10b956049374659fac459268763fd6245e38d80ad2d6c9dac9d,final_transform,0.5,11.1.0
d5453937b847829b,data/images/canonical/d5453937b847829b.png,2308ff280cfc89eb822ff73965ff64f76414a8988a9cae683a6f51a441f3c0e7,final_transform,0.5,11.1.0
d54afdb3038d58c8,data/images/canonical/d54afdb3038d58c8.png,12b722a4fedca4e27522c63600760d309ed156c7a1d1b416d7d6be4242612549,known_prior_history,0.6827,11.1.0
d552a4ab0fab5c74,data/images/canonical/d552a4ab0fab5c74.png,53249626a2b5bcbd49aaef55b4797b8a3c2b89901f2f1a773acef633c68fdca6,known_prior_history,0.5981,11.1.0
d56da86cd53a299a,data/images/canonical/d56da86cd53a299a.png,8547821566225fa3e6e0b68e59f814c6e1d531727183640ac9fa85e139ff111b,known_prior_history,0.7688,11.1.0
d59dc7b192ae1c8e,data/images/canonical/d59dc7b192ae1c8e.png,5056c73ee5bf56f4f0295a7660f1d69f06515c84d82846c01a128a862584fdf0,final_transform,2.0,11.1.0
d5e1101983dfe70f,data/images/canonical/d5e1101983dfe70f.png,354e903a2467ec3253188372af11703c1015b6b6c1b7e528764cc9d756e9cd4f,known_prior_history,0.7688,11.1.0
d5eafdd1846dc9a1,data/images/canonical/d5eafdd1846dc9a1.png,0c3ed59226c8ff351d205f051a3464b7ce0469cdb03fff6b2f7c04bbca2474dd,final_transform,2.0,11.1.0
d5f5f11f7763ca13,data/images/canonical/d5f5f11f7763ca13.png,e8973a1e6787ac45a184ee69d3f9ab71c893d910ec5778517cfa3b3cb7ed6142,known_prior_history,0.6827,11.1.0
d5fdae412cc7dae2,data/images/canonical/d5fdae412cc7dae2.png,c6a1ca3a7025817a769e7417dfb59a932976dd07e637c4b10e466a283d6009e8,known_prior_history,0.7688,11.1.0
d603f502c76aac70,data/images/canonical/d603f502c76aac70.png,4e9f161ec58e4d0324c8f4bcce446f3436e98fb3ec8e58785f921b8081e031fb,final_transform,0.5,11.1.0
d60d6164028f9bba,data/images/canonical/d60d6164028f9bba.png,115dbec393239b83242eea2b3a3602ef4878e92d8645dd27d451646c710555f0,known_prior_history,0.7805,11.1.0
d612821f221b6497,data/images/canonical/d612821f221b6497.png,3100df349c9340ce76fe15e560d6202c33569b2a361eb36fd293ac5f6f3326ac,known_prior_history,0.6827,11.1.0
d6346502e13208dc,data/images/canonical/d6346502e13208dc.png,01b84cd916c2258d62b996af7a5e411f19e87d25dbde487231259f5c268fae5f,known_prior_history,0.6827,11.1.0
d63a6e35e89940cc,data/images/canonical/d63a6e35e89940cc.png,386ff06e23a1fb2426fdfc4b5c8c36e42683a372cead6bb9a859ee160c3570d4,final_transform,2.0,11.1.0
d65f528b7fcdd140,data/images/canonical/d65f528b7fcdd140.png,0204a9fbf2c367104d53966cf8e8ee948a4d21937dc2f6ce7c2c078be2e617bf,known_prior_history,0.5172,11.1.0
d65fa829add63d5f,data/images/canonical/d65fa829add63d5f.png,793d752ad52b7dbe8cc8144a46f122960889c4d836dae0e9d77dc0a2e719d1d6,final_transform,1.0,11.1.0
d668c809567c6dad,data/images/canonical/d668c809567c6dad.png,4796129b66d02f4d2f71838310a6a0403985d705f8137a475d2134bece2cd2b8,final_transform,2.0,11.1.0
d695019ffc1e4694,data/images/canonical/d695019ffc1e4694.png,bbfaceec9d2081056028847aec903516f12403c4d7ba9c191ee65575d900a279,final_transform,2.0,11.1.0
d6b528c3852bd211,data/images/canonical/d6b528c3852bd211.png,202a9c52d10abf4d8ca4057acefe1efa834a6c46e72c89e0a614c0567c66e458,known_prior_history,0.7293,11.1.0
d6b8db4357bab037,data/images/canonical/d6b8db4357bab037.png,f4ed75f23cad5b34488e67298ad8c0ed2ffd359af88e185d4137537a99fd2994,known_prior_history,0.7665,11.1.0
d6bcdd96da510061,data/images/canonical/d6bcdd96da510061.png,e21b14519f8db096b8b968a062d7ec15cea2fb74b6be3049755977271cb6e6ae,known_prior_history,0.5424,11.1.0
d6c941c3b045623c,data/images/canonical/d6c941c3b045623c.png,e87346e7306f9543ec3f66896002e4f3e3f50b6c45bc39de8c3d186e216eb7e3,known_prior_history,0.5151,11.1.0
d6f38cee55dd7683,data/images/canonical/d6f38cee55dd7683.png,500649148d8c37013c60adfde63b21578a627d8dd273252af3dc80a05565e549,known_prior_history,1.5422,11.1.0
d6f8e7a2bb5b5819,data/images/canonical/d6f8e7a2bb5b5819.png,05b1cb48eb996dc5d9bfa2be5290069a32803edacd68c2273726638c83b81e9f,known_prior_history,0.6827,11.1.0
d70cba77b4228167,data/images/canonical/d70cba77b4228167.png,e9e6fc569e08f854fdcb0e3647be8cdba1cb0dc383fe05de28ed03b27a13d92c,known_prior_history,0.7688,11.1.0
d713b3b5e6fd4da4,data/images/canonical/d713b3b5e6fd4da4.png,cf300fb17d4c67ba45c4f37dcbadec2a24b9dc1a8edf5a597549ccd8fac7df76,final_transform,1.0,11.1.0
d7168f9eadf7524e,data/images/canonical/d7168f9eadf7524e.png,5c6a36f8eb334cf39ea325509a76494a5ac6ba3feab04b9fc085f9303dd71adb,known_prior_history,0.6827,11.1.0
d73868790d84f4ca,data/images/canonical/d73868790d84f4ca.png,4c6a29e355e85d1dd6cfd609bc4e9ddc559fbd18f8e33f090b5485dc23aa6d9d,final_transform,0.5,11.1.0
d7483bc53146a436,data/images/canonical/d7483bc53146a436.png,34dd127bdd2dcf393fe1020ffb7c306a7652bd38cafaa14cc24cfb9b16dd1e6e,final_transform,1.0,11.1.0
d74b35827ddad79f,data/images/canonical/d74b35827ddad79f.png,e61318cc030e2af8a3e8adaf0c6c65681773cd41d70bd04f8a7b1a5bc8bcec31,final_transform,2.0,11.1.0
d762175660425e1c,data/images/canonical/d762175660425e1c.png,87d70dcada204004165d8d9587e7c8fa59cef9961d84436a9693007a646ab530,final_transform,1.0,11.1.0
d778dfb588f06487,data/images/canonical/d778dfb588f06487.png,cad3223c19f763eb512ea8932184cbeb9fcf4aafc26eb7840f9ac1af508ff0d8,known_prior_history,0.6827,11.1.0
d78a5feaa799fb30,data/images/canonical/d78a5feaa799fb30.png,b9cf6b5e4a90cbc00608ae3707d61aca7b3babb2baf9fa69605b798744a5e1ad,final_transform,2.0,11.1.0
d78d8c4ac64fe249,data/images/canonical/d78d8c4ac64fe249.png,583709997eb146ed55cf4294d5e800823619100fc7656cf7c3ef7da9e379248a,final_transform,2.0,11.1.0
d7bcf4b27ad7c125,data/images/canonical/d7bcf4b27ad7c125.png,3b6cddee510745f00186ff2e580eb0dc7a8674345e6b8d623397cf17ac37449b,final_transform,0.5,11.1.0
d7cf351f848c914c,data/images/canonical/d7cf351f848c914c.png,899c819c53356b9f49caee5a6a8f7868b660eac4b6b534130e59751ee45d7be8,known_prior_history,0.6432,11.1.0
d7fd886bf7abe497,data/images/canonical/d7fd886bf7abe497.png,56a2657c682a998115e1d0ca9813562c0c82c7a209d8095f60c576abc3dca115,known_prior_history,0.7665,11.1.0
d802934d97602d49,data/images/canonical/d802934d97602d49.png,66c5016255f82d7bc52733e81b1cec5cb137be7c8dea3c26e1d1bd935a357def,final_transform,2.0,11.1.0
d807353a079fa462,data/images/canonical/d807353a079fa462.png,06981072ee6dca04d7514c4a050311bc7e3faa557270f851c92ea9360efe3ddc,known_prior_history,0.4288,11.1.0
d84cf6812a117396,data/images/canonical/d84cf6812a117396.png,f2a0ffa0b884fe079c87bf6b0569743725bf58823853e60b801243a1c21660b9,final_transform,2.0,11.1.0
d8889fa4cdcbfc94,data/images/canonical/d8889fa4cdcbfc94.png,f37491aabdf66f47346e7c9e51a091bb8ec9228f37223e71bf3727cf6c91f7fb,final_transform,2.0,11.1.0
d89c0198255aaeef,data/images/canonical/d89c0198255aaeef.png,cac16c3b801ba00df2ceed0c3fed5fef5c78560529e5d473e91da8d445a06d0f,final_transform,0.5,11.1.0
d89ee0da458b4269,data/images/canonical/d89ee0da458b4269.png,a2886f633c050c22cf0cedbd78c11bad411520a9fa3a26f512269384ed955524,final_transform,2.0,11.1.0
d8c33ca8fd43b65a,data/images/canonical/d8c33ca8fd43b65a.png,052b3201892c23aac9710cbe4ded793ff57edee5073c4d023a3592d5d785aead,known_prior_history,0.7665,11.1.0
d8c50e6dddfd5871,data/images/canonical/d8c50e6dddfd5871.png,1460f25239e525613b08c4ec34b4f2470546a6bc9cdb26c2a385c0421f65fcbb,known_prior_history,0.7688,11.1.0
d8c8518d285c2879,data/images/canonical/d8c8518d285c2879.png,b21ef7efddcce0d684df93f449f875e55f532c71e6e6a29bb1346280a2bef7e6,known_prior_history,0.5151,11.1.0
d8e3b8b30249c9a1,data/images/canonical/d8e3b8b30249c9a1.png,cf8c7c21a6a4a3e15c803b007837e0b122faf6858e229bb41b3974f9f61160ab,known_prior_history,0.64,11.1.0
d8ed57eef5ea7d82,data/images/canonical/d8ed57eef5ea7d82.png,601aa4d301a7ab305b513c06714f8325843ffb5d1397b2dc8520d66e1e161f15,known_prior_history,0.6827,11.1.0
d90dd3ea64110f63,data/images/canonical/d90dd3ea64110f63.png,0df532cf7243522256cc249415db9c49cecc578a443519e5f175a47f32cf7139,known_prior_history,0.6615,11.1.0
d9137dfd2f2a4603,data/images/canonical/d9137dfd2f2a4603.png,ff8e24f3ee8da5e4e9787f53d80bbe25fc9aff40f41f08c5f3de9e3b776d48d9,known_prior_history,0.64,11.1.0
d947865df86c058c,data/images/canonical/d947865df86c058c.png,6062212c1ae8e953d6f3d939af5a91411969e6184326d50c2e70c5cc505ace6c,final_transform,2.0,11.1.0
d94d5d722e6a331d,data/images/canonical/d94d5d722e6a331d.png,aee7e43575e2e860932e7c84a1e0d54e91ce871b32d3c053b86015a7c2f44ebe,known_prior_history,0.1641,11.1.0
d992b5fb168090c7,data/images/canonical/d992b5fb168090c7.png,45f579895bfbd9866a4c799c3e59411a750020fff33e6bc65f110b26c1afd060,final_transform,0.5,11.1.0
d9a28c75f4c66703,data/images/canonical/d9a28c75f4c66703.png,fed12eb9e2df9c098b4ed52343a24ace0ea818f35ba20fc1d85d44325e9a08a7,final_transform,2.0,11.1.0
d9b9f6b0ff98a984,data/images/canonical/d9b9f6b0ff98a984.png,1b7ea700300a1a3a0ed652e6da6809c025a0cf9c379024988c23ad92167187b9,final_transform,2.0,11.1.0
d9db8bfe7b82c378,data/images/canonical/d9db8bfe7b82c378.png,c839dc798ec1fc8cce2497de4c9545511e473eeef8cbb23ccc97746594f0d238,known_prior_history,1.2488,11.1.0
d9fabb5c4ae0e89c,data/images/canonical/d9fabb5c4ae0e89c.png,3269f17e93341b6e48edef56d4915e363da8fe54a8980966afd23229128ff041,known_prior_history,0.6737,11.1.0
da0724bb25714436,data/images/canonical/da0724bb25714436.png,c8595431fa973f2b47c9faca1a5b015d9be4ecda5be510b453f29b3f41e9e885,known_prior_history,0.6827,11.1.0
da0b68681bd16197,data/images/canonical/da0b68681bd16197.png,956c9ebf64d0025812e76d3aa5db32d717b4fe20c465e80f502c83dafa206176,final_transform,1.0,11.1.0
da10bb44284edbce,data/images/canonical/da10bb44284edbce.png,ed1d0e561205b59cd0c84348d3f7be9b8ccb6ebd511d522633f30223f770dbb6,known_prior_history,0.6827,11.1.0
da17e36714ad202c,data/images/canonical/da17e36714ad202c.png,368f44a7083d680f936c536d5ab15a14970b5ac2577a9945943e64492cf5e264,final_transform,0.5,11.1.0
da33e984677cdeb9,data/images/canonical/da33e984677cdeb9.png,8a657a3a54edc4566de7ac367f8070780d2094905a1ea4ddb1afdd1c6831c286,known_prior_history,0.5389,11.1.0
dabfbc4f68d10d91,data/images/canonical/dabfbc4f68d10d91.png,61d3f2a9b090518b204bae4e2a1f6ecf0fa99599451e78ec6e7277a9e7a7246c,known_prior_history,0.6827,11.1.0
dac2d698c9b40b14,data/images/canonical/dac2d698c9b40b14.png,dbb087abb6c77ce0c3ecff21fd13108134a8444d07cb5aeadce067cbc3c1f0ec,final_transform,1.0,11.1.0
dada2459b374741f,data/images/canonical/dada2459b374741f.png,e70fb63a4fb56e968c97a3b51c8c6a51542e246cddbd7480f7fa01dd228afce5,known_prior_history,0.7171,11.1.0
daeefb4722633d61,data/images/canonical/daeefb4722633d61.png,41ee66eb126e791b3f15d4ae0c434d266e79e04a9e8e80c830e9fd5f1705d673,final_transform,1.0,11.1.0
dafa5fbfc3db942a,data/images/canonical/dafa5fbfc3db942a.png,843f0b06e773528b8dd3a61758e37c967475cc0be016dfd58c8c336732e5fd6e,known_prior_history,0.6827,11.1.0
db13163eb5d35bbb,data/images/canonical/db13163eb5d35bbb.png,6a255963253a77bbff83f35fe36d6877ac363ba9c7fec517e4c30be388644c4d,known_prior_history,0.5858,11.1.0
db1f96fbe4dbcad5,data/images/canonical/db1f96fbe4dbcad5.png,099a1c945ee78d390df7a113cf1b8fcb29da0b8dacb45615203deacf4a2726fc,final_transform,2.0,11.1.0
db231296bec659c0,data/images/canonical/db231296bec659c0.png,44c3304a876bf5916347ba43556821764e69571207782de1cb6c282619387494,final_transform,0.5,11.1.0
db8d0b6e13a02361,data/images/canonical/db8d0b6e13a02361.png,32032e03af9d84355d53014fa26d7fc4609effc6059564f08705f3f6d86973cd,known_prior_history,0.7688,11.1.0
db96f8cbe676a6b6,data/images/canonical/db96f8cbe676a6b6.png,a192f4bd586754c2fa80c921fec10b0db9129dec1c487fbbde7dd7a1b58bbdc6,known_prior_history,0.6827,11.1.0
dba5b918d9f3b38f,data/images/canonical/dba5b918d9f3b38f.png,70f6384d6d832c1e604277d5d0d87d5608525a018ed640c6c75b32b3d0495ae4,known_prior_history,0.6827,11.1.0
dbb0df4ebf6aac22,data/images/canonical/dbb0df4ebf6aac22.png,72d3b9c6f83678fb18f058d1163d16db1b94a78a9c0b54c9b3db270f5afdb028,final_transform,2.0,11.1.0
dbc59b489f9d9ada,data/images/canonical/dbc59b489f9d9ada.png,987f6167771bc76bdec808ce57e14eb7d02796ccfe93d4a71f033fe5561aa78d,known_prior_history,0.2667,11.1.0
dbd136df86a5ce77,data/images/canonical/dbd136df86a5ce77.png,5396d74e0129ad81878a38fdcebbaf2690a3d5aaf7c60341ccb0056eff1d2965,final_transform,1.0,11.1.0
dc0357dd0ea9ddae,data/images/canonical/dc0357dd0ea9ddae.png,727c501610b1272f905e4bdd99af5acb92de1cd1c566dc61d4f1cfa563b86740,known_prior_history,0.6827,11.1.0
dc11fd860c95ca33,data/images/canonical/dc11fd860c95ca33.png,cbb6c563dd48dd35907d672cd8896af8f8fc5ef6c378cf22a1892b5d57cf4d1d,final_transform,1.0,11.1.0
dc18f79e67d1e2a4,data/images/canonical/dc18f79e67d1e2a4.png,38ab9e90a0812621fe5f8a5534abfc5e351c1ca2b81f7eebf390d9e268011705,known_prior_history,0.6827,11.1.0
dc1c46499c712a31,data/images/canonical/dc1c46499c712a31.png,1f95274bce205e6e7a5dc5d07a5363465581890e2dda982be55634d55c832421,known_prior_history,0.6827,11.1.0
dc69c7ea2b895de2,data/images/canonical/dc69c7ea2b895de2.png,bcde19fd87fd1402cde98c51413c4fd4df49ac4c23dfe3e472972835b831624c,known_prior_history,0.7191,11.1.0
dc7165ce0de38dc7,data/images/canonical/dc7165ce0de38dc7.png,966005f534cf21dad0e2fae3f6d13bd6ca84fa322e5a71fa82e34f213bc6bc9a,known_prior_history,0.512,11.1.0
dc7b25dc338c28a7,data/images/canonical/dc7b25dc338c28a7.png,16754425dfedcd4fe4b1041dd7e9aa748cce0f9784a1707bd4d17976e5473c1a,known_prior_history,0.6827,11.1.0
dcab2603632009dc,data/images/canonical/dcab2603632009dc.png,5805cd940cbe6bf4c1517ecaea2d9ea32e64881d584ccbde6e619418e20c6ca6,final_transform,2.0,11.1.0
dcb16e00146d5a0a,data/images/canonical/dcb16e00146d5a0a.png,d721e3ab23d16b07145881c261a0430eaf1b7900fa7b4fa93a780fbad6ae6f85,final_transform,1.0,11.1.0
dcfd31e3deb718a6,data/images/canonical/dcfd31e3deb718a6.png,52bc8d858ec77180b8cc3156d514c9cb68497082c37aabde8fda8d3c780c7ae1,known_prior_history,0.9624,11.1.0
dd0ee7a547900112,data/images/canonical/dd0ee7a547900112.png,3d6d3d66327c0f1b3884ab1c200c844aa57e0dad96b5d490e4b01d41b806bc28,final_transform,1.0,11.1.0
dd1ae1cdfca9f602,data/images/canonical/dd1ae1cdfca9f602.png,c2982fc65df599422be7691042f04cd32437e4b4a140011637974f505757dd2e,final_transform,0.5,11.1.0
dd1fa46f4495d6c5,data/images/canonical/dd1fa46f4495d6c5.png,9ccf6eca702b5dcada07d110ad2ff912464bfd073192be3a7e239b897b7a3a9b,final_transform,0.5,11.1.0
dd25c9b22e22bcaf,data/images/canonical/dd25c9b22e22bcaf.png,acbd05739366ac234a65219174013484eb6e33801613c0a40cb52b914b771ebc,final_transform,0.5,11.1.0
dd49c36d1fc810d3,data/images/canonical/dd49c36d1fc810d3.png,a7900fdd4e38a0519374ede7fcf2750bf63d433a0ba384242e5146a8488240ee,final_transform,2.0,11.1.0
dd52dad48b454e00,data/images/canonical/dd52dad48b454e00.png,23ef73c4ccab76ba5071eaa274b20931a82e33c264e2905fe3f3775de0464561,final_transform,0.5,11.1.0
dd5ced071f7f07b0,data/images/canonical/dd5ced071f7f07b0.png,f8f22af6094ec42029d74b84bf4735023c5776c850063f6a6c394dc73f283457,final_transform,1.0,11.1.0
dd7212ec2e4d0550,data/images/canonical/dd7212ec2e4d0550.png,3400b2a38c09c9359f656415119ce321e442194e4aaa48000c8a60efa2652e63,known_prior_history,0.64,11.1.0
dd8ac75e95bde8c3,data/images/canonical/dd8ac75e95bde8c3.png,f47fc9177d68f3b85896f4dfaffb197d69ea236d4a858d5977d8901b12a5788a,known_prior_history,0.6827,11.1.0
dd9ba14c03d24fb1,data/images/canonical/dd9ba14c03d24fb1.png,3ed723321bf6fa16f5d86f5a2ecbe4906f8af9e45faf02a7dc29a5558a2c6f9c,known_prior_history,1.0802,11.1.0
ddaff7efd9ac1b6b,data/images/canonical/ddaff7efd9ac1b6b.png,3bdb7fb3aa9db54a6258f89f8936e8fd6a06ee3511b4957eded82223f7d5fe73,final_transform,0.5,11.1.0
ddb2a170b102cdfe,data/images/canonical/ddb2a170b102cdfe.png,c257e61c62294817978039226be084361272e31ae24b827b9514b755121f02d2,known_prior_history,0.6827,11.1.0
de05fcc4aeff491b,data/images/canonical/de05fcc4aeff491b.png,e937463ec0a29a0f0d611c89592353ab945ea8dfb1d560d1a80d2433409a17bc,known_prior_history,0.512,11.1.0
de063d0d7c6e1edb,data/images/canonical/de063d0d7c6e1edb.png,51a6d0d0beaa82b1634ddf5d3ba58af950eaf459cf70ca02fd6dde25a125bb3b,known_prior_history,0.8,11.1.0
de17202fe06d98ad,data/images/canonical/de17202fe06d98ad.png,964ffb539fa462ac4e0c491bd6691b1133a6ba198a7e11f064d6d39c4874b338,final_transform,1.0,11.1.0
de17bfbb4ddbae2f,data/images/canonical/de17bfbb4ddbae2f.png,11594868245dd9900bfbf2962a1ac1ad1bcea033ac7f3f2e4a111aa0a150f605,known_prior_history,0.5161,11.1.0
de22e88e23aadaf6,data/images/canonical/de22e88e23aadaf6.png,6b31ea3bec96fc480424ad43984b80d9d5d20f4cbe6fc027bc274a8c78f2bd4c,final_transform,0.5,11.1.0
de2afadfb950237d,data/images/canonical/de2afadfb950237d.png,49e68fbe6dc26ba32d3b9085c9d543f1c2417ef21fe6f1ec8f221d219926ccfb,known_prior_history,0.6827,11.1.0
de3dbc332581be7e,data/images/canonical/de3dbc332581be7e.png,1a848934e72d872ca5b1bd6746b8dcecaabadc3b56a7767a65d7f3853b9df373,known_prior_history,0.6772,11.1.0
de479e02101d22d6,data/images/canonical/de479e02101d22d6.png,c3629751259cd02e8d15e08f851b8a56993394245a3a04a73b5b02d37a353957,known_prior_history,0.7642,11.1.0
de5b949a0547257e,data/images/canonical/de5b949a0547257e.png,528ab2cd298ad27610dd3c645860f574e073cfd3de7c53d01a4ba54646352268,known_prior_history,0.6827,11.1.0
de736fc7a5d04141,data/images/canonical/de736fc7a5d04141.png,556e2bdfeed76eea105481eda663184d4f3afb404a7efeff3c54ea4653adc6d0,final_transform,2.0,11.1.0
deafc31db41f13f4,data/images/canonical/deafc31db41f13f4.png,348db7556a1cf24c267fd9dd2f13dcc972bf79c9b0807dfcb489e35b043c6930,final_transform,1.0,11.1.0
deb22c18441b0363,data/images/canonical/deb22c18441b0363.png,b6f59c8df7dd7a4691c25305c5cf94c914dbe964071d1fa90fd9cd43b464f4f1,known_prior_history,0.6827,11.1.0
debee3d230ae2cf0,data/images/canonical/debee3d230ae2cf0.png,13b461e0b32addf4bc69e75b38fb0c1fbe243cc466c28e53427c735cdf114b4b,final_transform,0.5,11.1.0
dec1ee60faea6060,data/images/canonical/dec1ee60faea6060.png,ce28e31f1354d89a8d8c9dc7c20ffa3755f811e62872329339f19d216e239576,known_prior_history,0.7171,11.1.0
def2ac25329f1ddb,data/images/canonical/def2ac25329f1ddb.png,648e458de0022afa520c44c8a6a71def01aca4e46cdee697d2a4e45a3c7eb7f4,final_transform,2.0,11.1.0
df26dfa46b1fb0d7,data/images/canonical/df26dfa46b1fb0d7.png,ba7dfae7759767561143d1dea3043339d0906de0df226a05e81f9aa8edc5cff9,known_prior_history,0.805,11.1.0
df3e5f317d5b38c5,data/images/canonical/df3e5f317d5b38c5.png,d7bf33a4d743ec6cdac21277f19099dec114187ed4cca4806b8452fdf0e34441,final_transform,2.0,11.1.0
df708722ce36e031,data/images/canonical/df708722ce36e031.png,d4093ace369e7c62c3a628d36f6f03c59256c895d8d65a0f2d11c72ba756686a,final_transform,0.5,11.1.0
df75c6922f5a3199,data/images/canonical/df75c6922f5a3199.png,4e0aad1d02c1342f2ed8be815e666b08f1fd1ab6997c5521ed4f8bacd2e083be,final_transform,2.0,11.1.0
df773f2c46c5d169,data/images/canonical/df773f2c46c5d169.png,2444c728de5683b28d90b3693a7a8777445a87f1308da1a91fe369fe5ea3570b,final_transform,2.0,11.1.0
df7f087dcbc28992,data/images/canonical/df7f087dcbc28992.png,16f09c142c4132d3eeb3b44286af13778645542165c38711d0ddec45118735aa,final_transform,2.0,11.1.0
df82e6060cb61b9f,data/images/canonical/df82e6060cb61b9f.png,1879c28d3829628a0a8f7dfd6487bb226150bba8bce144c8b636870e8e18a3bb,final_transform,1.0,11.1.0
dfa0e9e9d4eec15a,data/images/canonical/dfa0e9e9d4eec15a.png,6cac3e84ed7312e2c5957e62aa45c280389655a80b70d42b65650c7cffe75187,final_transform,0.5,11.1.0
dfac6ee16c2bb6b2,data/images/canonical/dfac6ee16c2bb6b2.png,39058e9b516a0812d76c6214d69f693e88c1e045aa124366eab060ab42456b8e,final_transform,1.0,11.1.0
dfc13c3ca18bab84,data/images/canonical/dfc13c3ca18bab84.png,457e7b41ca31b018ea3743742ff2ba9f16caa94bdcdd3abac2a207b30925bebc,known_prior_history,0.512,11.1.0
dfc7871ef823a34b,data/images/canonical/dfc7871ef823a34b.png,858128f3b078b4a010f878e891139169e0b33d7e8b880c05224d4aaf7747ece8,final_transform,1.0,11.1.0
dfe45a6a90a028bc,data/images/canonical/dfe45a6a90a028bc.png,8d8c7f347cbb8dd7812c95377b506b1460bedfc1987dc34d56f3f77f6e6be624,known_prior_history,0.64,11.1.0
dfee5fcdba17bc92,data/images/canonical/dfee5fcdba17bc92.png,0df3ac652ad8666c76eb7cd7aa104aa972746e23933e8ce9371eaca5ba210af1,known_prior_history,0.6368,11.1.0
dff21eae0023fb62,data/images/canonical/dff21eae0023fb62.png,8806cfcade571ab8991f7df286ba1af99d5db2d727162bff3d75cba28ae7efe3,known_prior_history,0.7688,11.1.0
dff63695c70757ea,data/images/canonical/dff63695c70757ea.png,a0b4c6901f87183f081b7e46e5594857ddd96116a5346b34e9a2db4393ca6b3e,final_transform,2.0,11.1.0
dff98da189fd76d1,data/images/canonical/dff98da189fd76d1.png,03267c732530a94aca72eda75863158cad3bf0891b87ad743023aab9f77c251e,known_prior_history,0.3333,11.1.0
e008c2cdd9566d2a,data/images/canonical/e008c2cdd9566d2a.png,f916f95edb455e62da58f0021a0651f88a7e4269dcf42cb8e7ab85b86b56da53,final_transform,1.0,11.1.0
e009ce59d634a7a6,data/images/canonical/e009ce59d634a7a6.png,2af83e8656d0c55584f9b4b4b05ae62fe2ef29c88d9b29c3653ab2d7987b23ae,known_prior_history,0.6919,11.1.0
e084e74d6263022d,data/images/canonical/e084e74d6263022d.png,42f43750f6ed22c7e843db82d8b6dc0d81811739eccbe433df1efe0262d87a99,final_transform,0.5,11.1.0
e0a16ba61da43093,data/images/canonical/e0a16ba61da43093.png,ebefcc21cf692d0bb33e2d64f64dee588b79e7d9067b6ab241cfcf1b289a49f8,final_transform,2.0,11.1.0
e0b5615235b71b7a,data/images/canonical/e0b5615235b71b7a.png,af218816351c1bd489e9313abfc724395c95400508c5711bc6b78c7583c3e276,known_prior_history,0.6827,11.1.0
e0b71a7072e33f3b,data/images/canonical/e0b71a7072e33f3b.png,27847deea3266a7b4010396553e2ce1b9a6e522efc8a16e4372a33cb17fd7526,known_prior_history,0.742,11.1.0
e0e9de9612834c08,data/images/canonical/e0e9de9612834c08.png,5795cb7ea6a278d21379b4f14772f153ad1517a2f1ce28af8263c5b85abfe168,known_prior_history,0.6827,11.1.0
e0fa66f2871a1240,data/images/canonical/e0fa66f2871a1240.png,4ac0f9597533e0f5d3dd19e737e6e9b97d513255fd31f9c2ba77542187cf9303,known_prior_history,0.7688,11.1.0
e0fa6a5d596d51f2,data/images/canonical/e0fa6a5d596d51f2.png,4c989679c26152a85284b3d4f09ae0fdefe93e9b4e7f91a1c0946c6619efaa5b,final_transform,2.0,11.1.0
e107abe18bbd808d,data/images/canonical/e107abe18bbd808d.png,f6e1aba1044290ef3e7bd01823695ece38f45a68cdcdb659dc74c0709984946f,known_prior_history,0.6827,11.1.0
e12573a8e063e4ae,data/images/canonical/e12573a8e063e4ae.png,5916e08cacd5f522fbdb935d24ff5b501e0fd3544ba8ec2b202754a5d9d5eced,known_prior_history,0.6827,11.1.0
e130a1a57e1022bd,data/images/canonical/e130a1a57e1022bd.png,bbeb665ae50884a4e56af82b542c2e3a29823832af5af4b5860f1615a06633fc,known_prior_history,0.7688,11.1.0
e1362f7a795dd15a,data/images/canonical/e1362f7a795dd15a.png,17fe843737f7c2315b9e010be4fb2ae66ab96c5e1a240641f67d4dbbdd235889,known_prior_history,0.7211,11.1.0
e1382cb8f2a2f7a3,data/images/canonical/e1382cb8f2a2f7a3.png,7d363e007cbd1ac2cf2aa8c4144fd570edba2a9d9e885b74d4ceb4541c22a302,known_prior_history,0.6827,11.1.0
e1425aa4d3156699,data/images/canonical/e1425aa4d3156699.png,7dd1f3be310e068cb1dcdb2ca3692f882a73df07ae48aa59b50295265832267c,final_transform,0.5,11.1.0
e155f43029128d3e,data/images/canonical/e155f43029128d3e.png,01724c7780daae337d2589abf99b2ef44b85f3645efb2d390d7fa9708b00e8c6,final_transform,0.5,11.1.0
e1613f3ce238dbc2,data/images/canonical/e1613f3ce238dbc2.png,08543edf8dbb6acd8e826e2bf150db777c2c69be6aa0e80cbf32d884c78dcfb3,known_prior_history,0.5885,11.1.0
e190ff62b157386b,data/images/canonical/e190ff62b157386b.png,cf7c4e83e1b5bfcb9d8a382f3c0736ac006dcd41f95d513073a70f32df9749e8,final_transform,2.0,11.1.0
e1b007b84b5009cd,data/images/canonical/e1b007b84b5009cd.png,febc526456e46b14eca38f8c8a695461ea0df84854ca8656abea01651c063f0a,final_transform,2.0,11.1.0
e1cf5859a9b46be6,data/images/canonical/e1cf5859a9b46be6.png,39daac834303b5358144ad5b4e92a42544c579e0aa0821723bfd7870df07fc67,final_transform,0.5,11.1.0
e1d6ca62a0cc63e2,data/images/canonical/e1d6ca62a0cc63e2.png,9b60bb335c93758336f26fd2453a7033c370c7b76ea57db61a27894426e2a271,known_prior_history,0.69,11.1.0
e1d7e483cf21ce36,data/images/canonical/e1d7e483cf21ce36.png,e8d7c404e7e2d5071e23a0079a92fb7618a98a4187b159185e00f26ccbeb3ea5,known_prior_history,0.64,11.1.0
e2235844395b3bba,data/images/canonical/e2235844395b3bba.png,f7b223d587eda97890d4280cf81aec5336b0e10e6ff6fa5112ec85a5470b52c9,final_transform,2.0,11.1.0
e223fdbff92bcf29,data/images/canonical/e223fdbff92bcf29.png,108199ae05f6a1b4797885d031db083279d8284b73b18d4ac82a3d3799bf2dfa,final_transform,0.5,11.1.0
e22f087443788cfb,data/images/canonical/e22f087443788cfb.png,6de8e8d34599d049f2900e73783dcdc38a657c1927b50cae2dc61c90d80233ee,known_prior_history,0.6827,11.1.0
e23ed37716bcaf65,data/images/canonical/e23ed37716bcaf65.png,eeca5ca33cd7a06edf1fe2f7bf741198d36e85087b60ea0e34e2e800447c9999,final_transform,2.0,11.1.0
e252406d76b8fe9a,data/images/canonical/e252406d76b8fe9a.png,3c2b0e4e2a145c77e56dd532317d85424c9b27b41404427c60f649e61a98e6e8,final_transform,1.0,11.1.0
e268879fa3f8c905,data/images/canonical/e268879fa3f8c905.png,ea6393371d6aebdfe2ed7657f7d44d47e082b01540637cc7ec487d2a0a201e11,known_prior_history,0.6827,11.1.0
e2699c8df19ef41f,data/images/canonical/e2699c8df19ef41f.png,7d29c00fd77d7e55eae4cb8a3e54c2a77e29ef04a6c1ceda53153366366c56ea,final_transform,2.0,11.1.0
e26eaba8a08185c1,data/images/canonical/e26eaba8a08185c1.png,87704c69de8c35c363271a15a8d6465bc62df6f19c48b119d86f2c584b8c67a9,final_transform,0.5,11.1.0
e2704a1ee6fece29,data/images/canonical/e2704a1ee6fece29.png,129a77c7f53581d3542d74ca008fd7915e12bce03a120d0928080af257cb5ef1,known_prior_history,0.7171,11.1.0
e273521f2b3761a3,data/images/canonical/e273521f2b3761a3.png,b2e6092bb4a70a7944de76f93c455cb4d34870f212ee038c0d921cc267814161,known_prior_history,0.742,11.1.0
e2853168a04f9d6e,data/images/canonical/e2853168a04f9d6e.png,402de452722eaeea7436bb08e86b88d1747b74f310571e54ac77ed1914f11dfe,final_transform,0.5,11.1.0
e2c56c2060a94db4,data/images/canonical/e2c56c2060a94db4.png,62e853f269f7f390b583eee78dfb21688e18c3bafb0659296f270dd4eeff8bdb,final_transform,0.5,11.1.0
e2ce3f99cb5ab0f4,data/images/canonical/e2ce3f99cb5ab0f4.png,a6c3cac0f1aa41aa7db5bcf18ac14cac4fba497918502f72d6f6b78d29b1318f,final_transform,2.0,11.1.0
e2cfa8062f9faf9b,data/images/canonical/e2cfa8062f9faf9b.png,e109fbc8752ec77b5915e7b652fd4cf8cb9462a700b318fd633b9f7fdbdd7775,known_prior_history,0.64,11.1.0
e33ce4b3f1514e96,data/images/canonical/e33ce4b3f1514e96.png,918f9e33e12a773a578617f95f45f5d6adcd331868a075baecd9c75188b3fbf7,final_transform,0.5,11.1.0
e345511be4a8ffba,data/images/canonical/e345511be4a8ffba.png,c2f6dd594f103a929018f31d4e07fd851d1fd4c25e2438eb1e36088729baddab,final_transform,2.0,11.1.0
e372e796faa90954,data/images/canonical/e372e796faa90954.png,24d36b188e0a5ddae79918ffe80d8b3b27c7dc49ae8efc425eeb3fb5e03523aa,known_prior_history,0.7711,11.1.0
e380492c12f5e2a2,data/images/canonical/e380492c12f5e2a2.png,c5b36d590664a0680f177bf8f869dadea6c5fd0d8e2caae5effcad402ee0b5de,known_prior_history,0.7596,11.1.0
e38d9192726f62cf,data/images/canonical/e38d9192726f62cf.png,14ee162384d66929661417f3b5326f7291fb7dff17eac786ce0e227a09d811c1,final_transform,0.5,11.1.0
e38feab22ee0ec82,data/images/canonical/e38feab22ee0ec82.png,a5442d7db9038551111d5b00db7ce6963dad1ababbc54369472a8b323c1ea764,known_prior_history,0.6827,11.1.0
e3c3fd1df26b3858,data/images/canonical/e3c3fd1df26b3858.png,7e6ae42eb71ff9c4349a6bfb14f2fdf240a14d1de44132cd3d7d793065111c3d,final_transform,0.5,11.1.0
e3f0400709d92fb7,data/images/canonical/e3f0400709d92fb7.png,af78509a73b04f6918409a950c94fd3785e428e92d347e47c1b668810ace48b0,final_transform,0.5,11.1.0
e3f2d34eea82b60b,data/images/canonical/e3f2d34eea82b60b.png,70999df869b3ec488a12cadf4858f244e714f640b09d2f3ee153b8748ab7227c,known_prior_history,0.7442,11.1.0
e41945a5f0a2cfcd,data/images/canonical/e41945a5f0a2cfcd.png,cbc105c4bb2bf411ae0e1b64222503b98a660de4e1343521ae580e7a08579a40,known_prior_history,0.6827,11.1.0
e423e65ea4d86479,data/images/canonical/e423e65ea4d86479.png,0a46df36de75cd201d4264f03a600640f0e87a6205c450a06b74900855a1b962,final_transform,2.0,11.1.0
e430691483c55fa8,data/images/canonical/e430691483c55fa8.png,5972cd7c31b2fd022c99f3770099e45292f0185259ecf60e439648116f382938,known_prior_history,0.5577,11.1.0
e435088ab87b70ef,data/images/canonical/e435088ab87b70ef.png,7aa4de7b3e3addcd7655167b345f09860d92b79c7b626f3954a9f4817dcb7919,final_transform,0.5,11.1.0
e443e05381b04078,data/images/canonical/e443e05381b04078.png,3dd543601036a0c82b41b62085a8bda21d810f05648f86c60194846142ef4e93,known_prior_history,0.64,11.1.0
e44900f283fa5688,data/images/canonical/e44900f283fa5688.png,405432e805134b8784b22b4984fb36d47dec5de7e776a11e727fd7625b4d9af3,known_prior_history,0.6827,11.1.0
e4a15b09087cc51d,data/images/canonical/e4a15b09087cc51d.png,03a28339537d70b9a13aa92c57cc0afa0bea457917c03d4ff6d35494dd219a7a,final_transform,0.5,11.1.0
e4a31b5585efb69c,data/images/canonical/e4a31b5585efb69c.png,c118c09f4c70161088dc074458491344988844d2bc571be67c9029cc42a6e978,final_transform,0.5,11.1.0
e4d3edf8134d1066,data/images/canonical/e4d3edf8134d1066.png,8e7ba1f3115da6b8750e7f8e8aac6d7244692ca180333e3caeee2c03e0784952,final_transform,2.0,11.1.0
e4dae8a884e6e37f,data/images/canonical/e4dae8a884e6e37f.png,c225bb251bfd8f925e545dc7f136d2eaf5daf7d7c9705b130fac5af322294a2d,final_transform,0.5,11.1.0
e4dbc94a23da7a7f,data/images/canonical/e4dbc94a23da7a7f.png,9a6d4ef860eb4034fbe0c8a37b5664cb06083ec78cd33970b85d036343643601,final_transform,0.5,11.1.0
e4eebe41418ea9b9,data/images/canonical/e4eebe41418ea9b9.png,0a5dc2cd0873e1ff781b6c37e9269d63a6d4ebc8e0af39b5c114e9e8e6599ebc,final_transform,1.0,11.1.0
e4efbb072e35ac16,data/images/canonical/e4efbb072e35ac16.png,f1ce6debc8f71183051c098a38fdc533faef5b094c8cd6d288e5c4e736ac214e,final_transform,0.5,11.1.0
e508a304664801fe,data/images/canonical/e508a304664801fe.png,da7af7f2794bf002c01ff2831d86bf2d3692f6b20ebe77b10751c7b985d99dc0,known_prior_history,0.5378,11.1.0
e512d3ed6d86de97,data/images/canonical/e512d3ed6d86de97.png,f3b9c1c6427e2f676e4cf241f17f6f5ecbd8342baafbfaea1a2311da80bf856f,known_prior_history,0.6827,11.1.0
e51be6d28643da26,data/images/canonical/e51be6d28643da26.png,2d5db087a7f14b88bd7bfcc798c21550e8c13797d17acd72bb29686b59896085,final_transform,1.0,11.1.0
e5287bf3ea307e33,data/images/canonical/e5287bf3ea307e33.png,27d6a31d7991a1dbf2810f008e3a8a1918e946939d62ca09c2d80c9e5a62584a,known_prior_history,0.5565,11.1.0
e529f488c4c339e5,data/images/canonical/e529f488c4c339e5.png,2c5328c879ce94cec71e85b45aa8b66cb3eff4f877b96603c7966f16c35b9a26,known_prior_history,0.7688,11.1.0
e530e992c6b51956,data/images/canonical/e530e992c6b51956.png,9ec8cf23b884f12f788f7eea51eb3a5bf471346ac5525ec7afddb49b356129e0,known_prior_history,0.6827,11.1.0
e53147ce3a17ca86,data/images/canonical/e53147ce3a17ca86.png,2468c474f70a1dcd2793a9d4b99469fd80ff03965eef811f4657d5b909b673f4,final_transform,2.0,11.1.0
e5477f2f36dfc3ea,data/images/canonical/e5477f2f36dfc3ea.png,848abb6f491920f9a1df3d235c2e19943dac0cf5b3afa3f4efdfe104423a0f60,known_prior_history,0.629,11.1.0
e54df9dd0e29aae4,data/images/canonical/e54df9dd0e29aae4.png,e8566bd594ab5f3750ae25679d611a3a9aeb508d424617d8404bd578d7d40b49,final_transform,2.0,11.1.0
e54e08ae0910c433,data/images/canonical/e54e08ae0910c433.png,4718dc115bed57e0898ec7db3343b5ab5c3d229754395298f2e048f46c55f497,final_transform,1.0,11.1.0
e55224ee05f378dd,data/images/canonical/e55224ee05f378dd.png,ad8a51d4b106a9f24808e1141371f5ef53f2dafe4e10c22eca27f13128d99d93,known_prior_history,0.6259,11.1.0
e5561900ae271775,data/images/canonical/e5561900ae271775.png,99e25cbfa67ae09783c445956cfabae4564f0b9fbe67bfb046b087440cc5f585,known_prior_history,0.64,11.1.0
e55c000ab479d669,data/images/canonical/e55c000ab479d669.png,d9572d4e92e2da6434cefa2728164b681d8013f364867a9941f31119d9a5940a,known_prior_history,0.7665,11.1.0
e55d1300eb375d23,data/images/canonical/e55d1300eb375d23.png,d3d58491d99351db36c05bd9a050c832911f4bf7239ea599e89106a5faa41f7e,known_prior_history,0.6827,11.1.0
e57479d111fed1ed,data/images/canonical/e57479d111fed1ed.png,5ce3fb2b5f65b702eb7b2aa8d8bf7ab8de98a26ccda96dc236eac818ed43af80,final_transform,2.0,11.1.0
e577c0a813e74842,data/images/canonical/e577c0a813e74842.png,772e5989766beabb4f4414017f9388673e6eb0774cfa72703210106022620102,known_prior_history,0.805,11.1.0
e5d18328e68ffd1a,data/images/canonical/e5d18328e68ffd1a.png,e30ba3a6a78ce0aad89b2beff6b08efafeb8e71aecc044252e19b5f38b35f33e,final_transform,1.0,11.1.0
e5e1a66a815726cb,data/images/canonical/e5e1a66a815726cb.png,9014405de83237d2b7472c6b760520ab082499db9f6184c2dc1185eb606f9add,final_transform,1.0,11.1.0
e5e3e43c18e89dc8,data/images/canonical/e5e3e43c18e89dc8.png,abb68d69fcab27f30922829ef8dc6f13909d85268ac6a78ad101da116a2ea0b4,final_transform,0.5,11.1.0
e618d570e30ed9f8,data/images/canonical/e618d570e30ed9f8.png,461309f849e4b37ef1030e3acf25e78bfe3430af6f76a59e1234ec68caea9bdf,known_prior_history,0.6827,11.1.0
e64465c57c7e0b99,data/images/canonical/e64465c57c7e0b99.png,7b402c7bf70feaeaad2cf69d7fc680a643d00549911dff7d2beb14aeedcc5d0c,known_prior_history,0.5727,11.1.0
e64904b19f61cf73,data/images/canonical/e64904b19f61cf73.png,4d33f7a38eb09bf00d77dd3cfd3d6dbf50a14b07dd58020db18ade77f01af35a,known_prior_history,0.6827,11.1.0
e67d8a5ffe467db1,data/images/canonical/e67d8a5ffe467db1.png,225f1077515bc1457098e64458cddbd9a76a8302cd292465169a42a301d07001,final_transform,1.0,11.1.0
e69fc75a00bd71f9,data/images/canonical/e69fc75a00bd71f9.png,236c9b9e98a7bbcf76f5da8d6192e6f4fb34113cb61324648e33fec965b90485,known_prior_history,0.64,11.1.0
e6a164111d6d6c96,data/images/canonical/e6a164111d6d6c96.png,3213176565376907c28c9edec2c8bd71960ff6349f6631b2c70aed5c276bc880,final_transform,1.0,11.1.0
e6b8b4913e4c2551,data/images/canonical/e6b8b4913e4c2551.png,e99e6e9878c58b4ef22c3699b89ba348e160fbbd5528ca55c03ff9eb1a4f1387,known_prior_history,0.6024,11.1.0
e6bcb2a2ca53174a,data/images/canonical/e6bcb2a2ca53174a.png,a22fc215336aaf8070b4790b26f451b1258bc9d393b5c01d207726751ca2e3d2,final_transform,2.0,11.1.0
e6c3cc0e36d9cb10,data/images/canonical/e6c3cc0e36d9cb10.png,57806343ebf7268bdc10252fb5ce08bbbc553cc56cd1a1fe35a6e8228e05a7a1,known_prior_history,0.53,11.1.0
e6d5aba4abc76f8e,data/images/canonical/e6d5aba4abc76f8e.png,61645dbbff6b96673cd972146892cbd73c6591f8b2acc4d90d3e025000014ae2,final_transform,1.0,11.1.0
e6fc4c32e103c95a,data/images/canonical/e6fc4c32e103c95a.png,32ba00619d5c86167177cbb448154e194386544bd1bd5b60342ba48db7749c17,final_transform,2.0,11.1.0
e706126547efcd62,data/images/canonical/e706126547efcd62.png,3e21e1b51161e3c8412a0960d70db370ee66d99e95523a96a9ee6a11d2ffc926,final_transform,2.0,11.1.0
e7168ad5ac4232e3,data/images/canonical/e7168ad5ac4232e3.png,1d70c69685497ea3ddff6ce54fedde1dde6eca0581e038935b56617e530dd8a4,final_transform,2.0,11.1.0
e73f0f650fe81fe5,data/images/canonical/e73f0f650fe81fe5.png,05ed78a2d56ecd4dd2db5fee85ec207d62ff526c0ca552d0076731c0aab80cf1,final_transform,0.5,11.1.0
e752639f75614d0a,data/images/canonical/e752639f75614d0a.png,80114dbf2066240c23ac19cb32954a01ced70f57e1fab328f3ac75c7433217e9,known_prior_history,0.6827,11.1.0
e75c0b3c29a31182,data/images/canonical/e75c0b3c29a31182.png,b8fca1241e8611bf6d014658db724ddbef4f165a3d98c6a9c5783d32a045a240,known_prior_history,0.7642,11.1.0
e763b93910f55360,data/images/canonical/e763b93910f55360.png,d2e80eb9201d7580813519c4df2047829f66838999be7fb5bd91e0904e9afafc,final_transform,1.0,11.1.0
e7698fbb8b422ca7,data/images/canonical/e7698fbb8b422ca7.png,d30e0a66ef4e5dabf780fb3dd03debb1ef87f5e3d17d5878b645096da408167a,known_prior_history,0.6827,11.1.0
e78bb8ee4083b592,data/images/canonical/e78bb8ee4083b592.png,c8c19ebcec220f081f0ddb8d2136b2ab54a4272061cc805411b17f9058d624a8,final_transform,2.0,11.1.0
e7a146a9fadc199e,data/images/canonical/e7a146a9fadc199e.png,b644876ee6cc08293cd59e39b4f943c5328b48213fb81e65107d5554e7b0098a,final_transform,0.5,11.1.0
e7b9a403f3b14e58,data/images/canonical/e7b9a403f3b14e58.png,f8f6e84b03684cacafeff24f0e95ef2c57f74d130b23379a0b857f771fbbef34,final_transform,2.0,11.1.0
e81730c1f979f49d,data/images/canonical/e81730c1f979f49d.png,85f5546e13ceac9a2e1c7574e168dd493d53f036e4b8b56d564e41dee97dd99e,final_transform,0.5,11.1.0
e824fed0befcc451,data/images/canonical/e824fed0befcc451.png,e3e696dfeb49428d7bd960cb905826f5be8bb044a7685943757f95aa4b65a382,final_transform,1.0,11.1.0
e8343903c52abed4,data/images/canonical/e8343903c52abed4.png,7c80e1b294a5b682b25c8d5e5b050530ef3c0984165b71286a1722683f03463e,known_prior_history,0.6827,11.1.0
e8348838595b72cc,data/images/canonical/e8348838595b72cc.png,88504e5efeda127d27891f7eed3b4a74c200cb66528dcea57104d997f7a18dcb,known_prior_history,0.6827,11.1.0
e8578b647409a4b2,data/images/canonical/e8578b647409a4b2.png,f09bb5336346585592550afeb6e80f4bce054e7bb9933d685989efa910607363,final_transform,0.5,11.1.0
e87554c76248dc20,data/images/canonical/e87554c76248dc20.png,d664a127f7509cb1f925f8fa051d673c3cf9de649a84b70d3d1f1f5e91c68cd8,final_transform,2.0,11.1.0
e88e4118c81af9ab,data/images/canonical/e88e4118c81af9ab.png,1f39ad5002003578cb795c355440d001feffa1c9a540f171366613da82d82dd4,known_prior_history,0.6827,11.1.0
e8a439fe128325d3,data/images/canonical/e8a439fe128325d3.png,d99c88763e3469f46d0746003c15d01a8c87e899778e45c4882d6155703320df,final_transform,0.5,11.1.0
e8abdae701c225c7,data/images/canonical/e8abdae701c225c7.png,bed066a6855982f46f96416f99257da0d539a503b8d360f11efe857f5a09ba70,known_prior_history,0.5517,11.1.0
e8b84b835f8baaf9,data/images/canonical/e8b84b835f8baaf9.png,c59acbd2a7c50937418501a3b2c9918371f9051ee187f92f1587d4d26106072c,known_prior_history,0.512,11.1.0
e8baa87daaad6fa6,data/images/canonical/e8baa87daaad6fa6.png,81ad41910965cd5eb26883d6b1dc5bcd1e0b7a1daa7854b5a6ce71cf4dc942e7,known_prior_history,0.7574,11.1.0
e8bb8ef4c13fea24,data/images/canonical/e8bb8ef4c13fea24.png,cd483669600659b371c35463477df6afe6f6ea9a7fa924d8582391b8b61d634d,final_transform,1.0,11.1.0
e8de2ae55534f9f0,data/images/canonical/e8de2ae55534f9f0.png,c49ff9a6ddf8e6377eb04ec80c2479d99f2ded26990bc7db84ddc19d8dfc7803,known_prior_history,0.6827,11.1.0
e904486221917c99,data/images/canonical/e904486221917c99.png,e256fa1d0b0b419eccfa90a4fe51d17dfefdb643934d1dbc7d287c786470f36b,known_prior_history,0.5766,11.1.0
e92f8d253b26188c,data/images/canonical/e92f8d253b26188c.png,bdd34158c3e3c598c42cce025161f19ce268d1cf48016830d0e694a688f76a46,known_prior_history,0.7211,11.1.0
e93db5f9532c48a3,data/images/canonical/e93db5f9532c48a3.png,5ec9c0062b060a123e4ab9fce6f635c19f201c3f22b1cc2611118a109732c30c,final_transform,2.0,11.1.0
e9606e8da0a4c17a,data/images/canonical/e9606e8da0a4c17a.png,d6307edb60630fdae4cbafec3c2d119c43c624a5e8c52cdd04346c0cf2a344fc,final_transform,1.0,11.1.0
e96352ed6072cb49,data/images/canonical/e96352ed6072cb49.png,6ca9990515e8333fa1a9698135ab005ce8789908a3764990b1161f8c7ce5e979,known_prior_history,0.7574,11.1.0
e9683ee07d2e03d7,data/images/canonical/e9683ee07d2e03d7.png,1ecef0d7d0e70969229732be957ea65bbb70289a0f9bc403878fa5f4da5c35b0,final_transform,0.5,11.1.0
e96cc7e6ffaf68cb,data/images/canonical/e96cc7e6ffaf68cb.png,654ab4596f5e9c34106ccc31e7a41631da0cdf13dd941a28d9932f10f14cc6cc,final_transform,2.0,11.1.0
e96fcce3a75888a7,data/images/canonical/e96fcce3a75888a7.png,fea69ed6056310fe0b9d477cf4fc8bccb23c85ea9c6cca6433323ee2ecab0d4e,known_prior_history,1.1228,11.1.0
e975e541dfa57835,data/images/canonical/e975e541dfa57835.png,c8703938f7bef1bc47b61feb8feb7c724b4a62f6ec94c2511afceef10a88e9ba,final_transform,0.5,11.1.0
e97c025fc9b1540f,data/images/canonical/e97c025fc9b1540f.png,44efe20fea7da55b069d24f66430d1aba516fda82c5468869da60aa434ba9679,final_transform,2.0,11.1.0
e984b02a000bb182,data/images/canonical/e984b02a000bb182.png,578a27ac174debb6eec543a2040342146171bdce512df3cd3df5c83dcacc687c,known_prior_history,0.6827,11.1.0
e99150ee14e2b3d7,data/images/canonical/e99150ee14e2b3d7.png,9bc5adcce3ef1e8b4241fec8fffa8e1816196dc425a4fa0145495d653e165dcf,final_transform,1.0,11.1.0
e998b8e55b06694b,data/images/canonical/e998b8e55b06694b.png,d1735a7c2858a1a9b7ad36a20c53408773a2d2af36de31e17c8397d54b09b521,final_transform,0.5,11.1.0
e9e330d28d0d2c18,data/images/canonical/e9e330d28d0d2c18.png,6a62a68c4c08df92f855efa9cb8b44b706caf868f221ebd4ab8c361614d9823a,final_transform,1.0,11.1.0
e9ecd8ab58218f93,data/images/canonical/e9ecd8ab58218f93.png,963e21c32313599fffcf45262ff8d80531be48be300608e50321655c30752983,known_prior_history,0.512,11.1.0
ea0fc009ded0bb20,data/images/canonical/ea0fc009ded0bb20.png,eb2e7c73e864e6e5ea76778d9789461d3c9012314d5d82bcfbffe896bf0e87e6,known_prior_history,0.2575,11.1.0
ea19154b04bef978,data/images/canonical/ea19154b04bef978.png,b1458b1924a562ab5736090b0906108aa20e9e29e3e7591a09b2c98f15087d79,known_prior_history,0.6827,11.1.0
ea42e3071160a096,data/images/canonical/ea42e3071160a096.png,5b811639f09ed997f4b81b6b3f5ec664c0219ffa1fab8b80ddd0f34f6dd36c01,known_prior_history,0.6827,11.1.0
ea5903511f1c2e51,data/images/canonical/ea5903511f1c2e51.png,c28973c40efe1e2be447f4299712080141de8df6760fc41b4883edb8893728da,known_prior_history,0.7314,11.1.0
ea8c229050c57c0a,data/images/canonical/ea8c229050c57c0a.png,d42acefaea50d63b38cf113750717b2cf2bff068fc4a58668d722f7f655814b2,final_transform,2.0,11.1.0
eaac273f7a712de1,data/images/canonical/eaac273f7a712de1.png,cd3fbd713f60522ce8cdb5f4bb8f2d910a86a45a2725dbb6329928ec2e748037,known_prior_history,0.6827,11.1.0
eaacbb04f51299f5,data/images/canonical/eaacbb04f51299f5.png,8095cfef8ecb62a3c810b257f55b7d7f60c9c5d310ed51a7232994b52446665d,final_transform,1.0,11.1.0
eab2e89fc16b7e4e,data/images/canonical/eab2e89fc16b7e4e.png,da5bd487a903219c18888e344c28eb033fc53dac56497a42b650876637d0c1a1,final_transform,1.0,11.1.0
eab742912e4c7ecb,data/images/canonical/eab742912e4c7ecb.png,f88801c396dc7750648b15c8abf8d71684fb5dd3ced930361aa56fce2a5167c7,known_prior_history,1.1228,11.1.0
eacb4b9bf29208fa,data/images/canonical/eacb4b9bf29208fa.png,03b9d0afb88af6182f780f4a1726226ec9e82b590da50e58095e0a841e2c8296,known_prior_history,0.6827,11.1.0
ead4ddfcc10c58cb,data/images/canonical/ead4ddfcc10c58cb.png,de0085d0acf027965a0d68040f5c488586aa9b1def3befdf5391f84e4f0f2331,final_transform,1.0,11.1.0
eae01bf0d6e86548,data/images/canonical/eae01bf0d6e86548.png,893f58a74b6f1a729e28d7334561801c4f981d5c5156a9db47e17ac6fea62716,known_prior_history,0.6827,11.1.0
eaf1d756e52087b8,data/images/canonical/eaf1d756e52087b8.png,796ac54d28428a652ff2852468c9411057fa12e4d810bcf5b8b0f29a21225c14,final_transform,0.5,11.1.0
eb06ee1175c161b9,data/images/canonical/eb06ee1175c161b9.png,73b4cfa8445c67a8513f6eaf733d72e692ad7422c8fcd2aa31fce19613a4ec8d,final_transform,0.5,11.1.0
eb111b4400c3c016,data/images/canonical/eb111b4400c3c016.png,9f3233a8bb6166f276e8f535707e7ee5b56dbdd4616ccfc3a3e6c797b6165c76,final_transform,2.0,11.1.0
eb46e9ff1bc97b1b,data/images/canonical/eb46e9ff1bc97b1b.png,2521b989343e2e3d7644d6f64f19c33c8de0c00b8135820adb707ce8322171fe,known_prior_history,0.6827,11.1.0
eb4fe8daf7dddceb,data/images/canonical/eb4fe8daf7dddceb.png,de8f4c57020c8f6011b32715b332f130611d28bca519ffe481bbb971e5a553c1,known_prior_history,0.8025,11.1.0
eb5cc3c257f0500c,data/images/canonical/eb5cc3c257f0500c.png,bcc1afcdac100d15e94a436db4e73722acd30ae4ee352c6150569e4c359e3773,final_transform,0.5,11.1.0
eb74dc167d9d4144,data/images/canonical/eb74dc167d9d4144.png,604f63a8f692128e9022d2266f8b6030b6e3c5943968ff30793eff50ff8ac87f,known_prior_history,0.6827,11.1.0
eb8dfab1abf7d314,data/images/canonical/eb8dfab1abf7d314.png,9204492b798396be09ef89691b37e2df2b5fcef1ec1cd697a70e31f7e60393e2,final_transform,0.5,11.1.0
eb8e5ac512255eaa,data/images/canonical/eb8e5ac512255eaa.png,ab9790672d9cd33225903f2a3b65927bc0a2d491d7b969c8de7696ecf9c34830,final_transform,2.0,11.1.0
ebd05b57307e4770,data/images/canonical/ebd05b57307e4770.png,a9ce44dbacb194f95181da41939c184dc3c533baab861db23aed49ddb42d1389,known_prior_history,0.6827,11.1.0
ebd259d078134dd5,data/images/canonical/ebd259d078134dd5.png,58f2da0bcc06159b6719f1e027b8cf9e2499bebcca62252b28376f1f231ec909,final_transform,1.0,11.1.0
ebdb46c2baed3dc0,data/images/canonical/ebdb46c2baed3dc0.png,41a1c34583780dee9397b1950e66be2a778cec310fc0e3ab58fffdbdf958958d,final_transform,1.0,11.1.0
ebde84b062db050b,data/images/canonical/ebde84b062db050b.png,666ee48f3cb70741c5dde5aadada0f02c9c5b0396424af2eaedbc1665fa5b88b,known_prior_history,0.5577,11.1.0
ebe84e81c1a6d6e5,data/images/canonical/ebe84e81c1a6d6e5.png,d87056d9a713887baf4f7a73b8640478fe1a6e3844092ccda49dbca7c51386ff,known_prior_history,0.6564,11.1.0
ebf2eb1ee29b9cd4,data/images/canonical/ebf2eb1ee29b9cd4.png,9226db90ee4377a326f106d4637446d7b46a87da1a7593a03578aa51a777344b,known_prior_history,0.6827,11.1.0
ec045e96040646d4,data/images/canonical/ec045e96040646d4.png,5f1e565190fa5fba71ae69dc5b007475523c0809c4e854f1fc459ca317626f29,known_prior_history,0.5553,11.1.0
ec04df527bf4476d,data/images/canonical/ec04df527bf4476d.png,ed72e4092636cbf9f479ac0f91201ad4667f0cf835da610cc74ecb45b668151b,known_prior_history,0.6827,11.1.0
ec05bee0ec0292a8,data/images/canonical/ec05bee0ec0292a8.png,7a6de4ac4d0447bfac09ec3585fde3a76ff234e4e8b331afc4faeb0a88d9916d,known_prior_history,0.6448,11.1.0
ec3b6b987d9db5ad,data/images/canonical/ec3b6b987d9db5ad.png,b4abbdef1c77a77e99c51164e0dd8c5db4be0c847f4cab157450a5bf1b79a2e6,known_prior_history,0.6827,11.1.0
ec3e49d3bbf4b429,data/images/canonical/ec3e49d3bbf4b429.png,04bde3aac244b0abb28b56811e4b080a874b598382146709a7680709170a5ba7,final_transform,2.0,11.1.0
ec57c57ca288905d,data/images/canonical/ec57c57ca288905d.png,05a2a08c8ff0e9c903db2b36f898f1d8f3b45b104f80d656e76095c90cd4a49c,known_prior_history,0.6827,11.1.0
ec6e70f8eabd4558,data/images/canonical/ec6e70f8eabd4558.png,6a1a9ec425fcaff3b3b359fec46bc2af1fe37cb41ed28baa36ad54ee806d4cf1,final_transform,0.5,11.1.0
ec7314aa3ed72946,data/images/canonical/ec7314aa3ed72946.png,6620d1274ef672dff7adad7c8ed0475fcef1881c22265efc5aa6659ea358d5ca,final_transform,0.5,11.1.0
ec7be9e7b407f035,data/images/canonical/ec7be9e7b407f035.png,7ce135ac6923b5c4699f2a8b6a17675e610d210bea07d6d534b19d970add13a9,known_prior_history,0.7711,11.1.0
ec8950244644de7a,data/images/canonical/ec8950244644de7a.png,95053a9f7538f21ce2f7caf3499411289e471ea231ff36f55e573d764a7fe43e,final_transform,2.0,11.1.0
ecac85e4ca1cceb2,data/images/canonical/ecac85e4ca1cceb2.png,b021ec4fec3250e34f5cd352a43eef3b45b045cef9de147521e39a23a826ffc7,final_transform,0.5,11.1.0
ecaf7712a5833e57,data/images/canonical/ecaf7712a5833e57.png,682797b541f0161ba213d160a939900d67b3a4c7174b64da0586d269dff83cfb,final_transform,0.5,11.1.0
ecc5b9828350741a,data/images/canonical/ecc5b9828350741a.png,7ab17d3ca8556f3e436f00d1c795a3187053b4d61914e591e526d0451e705bef,final_transform,2.0,11.1.0
ecd4e4e862182dce,data/images/canonical/ecd4e4e862182dce.png,b8abd72c36a4073855af0930852693612fe5f1630e1b9cd0551c326321c1e931,final_transform,0.5,11.1.0
ecd540d47a806da6,data/images/canonical/ecd540d47a806da6.png,b09707dcff32c57313bf7817b750c8610dc446ebd76e204cb95c1af92fc2869f,final_transform,1.0,11.1.0
ecd98bc99972590a,data/images/canonical/ecd98bc99972590a.png,b37bc990a73b465aa7fef0b77b313e63c0371f22a3222fd332d626ef91f5ee55,final_transform,2.0,11.1.0
ecda06b0a98c3171,data/images/canonical/ecda06b0a98c3171.png,a6ab7c25160409e530f0d1cc90e00805a9b2f756f6b5bcec1ad2ba632840bacb,final_transform,2.0,11.1.0
ecf65c7ea64120b4,data/images/canonical/ecf65c7ea64120b4.png,ab04450d9ea601d74147e7ba47a3a086c41d09fbf45d3530371bb01ec3208bbc,known_prior_history,0.6827,11.1.0
ecfbab8eda09765e,data/images/canonical/ecfbab8eda09765e.png,8466b85acd3069273ea83537275dcdfaa1c89f300b198d7ecc0fbae3b74421bc,known_prior_history,0.6827,11.1.0
ed02f9a4cad18880,data/images/canonical/ed02f9a4cad18880.png,8773776c460f236845fb1e97c865bba90d48410e6ff888020fb7454cce6ca8d9,known_prior_history,0.9588,11.1.0
ed17a0f7193a67e7,data/images/canonical/ed17a0f7193a67e7.png,591fbd6d2dead79e8e8cbad5b424c056c90c4a4f190eea608dbb0f07ade814bd,final_transform,1.0,11.1.0
ed2277156eeaa64b,data/images/canonical/ed2277156eeaa64b.png,19d12b427d5ed42a0f937a81f9eaf34c86558023c4976adc43d4998aa35eb223,known_prior_history,0.6827,11.1.0
ed267b0e1f5fd658,data/images/canonical/ed267b0e1f5fd658.png,755a05279ea7d705cb756197562211d6d15321f70d16cf71ac9f797d000252a8,known_prior_history,0.8393,11.1.0
ed285d063a499b9e,data/images/canonical/ed285d063a499b9e.png,d74b8426d8232ddbdd908fba843c38b74bde54b7b267d093dcfff0c1823105a7,known_prior_history,0.7688,11.1.0
ed3a9eebe3371647,data/images/canonical/ed3a9eebe3371647.png,560c7ebdad7862b5f51b4902d7db75f91873f07e2856ecab22256d0046dc2a7a,final_transform,2.0,11.1.0
ed50f35862e15394,data/images/canonical/ed50f35862e15394.png,03f810792bf4b53ed73c32eddd9cc28ba7bb70c818ae25ed465e3f7229126ca4,final_transform,0.5,11.1.0
ed532638a948f7b1,data/images/canonical/ed532638a948f7b1.png,dff8a78b1696dfa0249aab4e2f08212fd1ca2d8215a9edb21c6af9f6146ef917,known_prior_history,0.7688,11.1.0
ed58df8cf7331822,data/images/canonical/ed58df8cf7331822.png,bbdcb7b011749bc819de640338de36c45e226fbb5e7a1844113bc73aafecc55c,final_transform,1.0,11.1.0
ed5b4b117488c7eb,data/images/canonical/ed5b4b117488c7eb.png,6975cb04e05d8b7422946fa13613ada7dd8acc5ffb3a82d56fe9cec42c89ad9e,final_transform,2.0,11.1.0
ed6044713bc1fb6d,data/images/canonical/ed6044713bc1fb6d.png,c90e20b6d806da7600c87aa0916705ce118d38fc3ed7eb7749c3245ab0d5bd22,final_transform,2.0,11.1.0
ed63835cff19cee9,data/images/canonical/ed63835cff19cee9.png,39329d6b9a43bfc77bade50d8764679aa62bd97ce2afd5ba015c62b14a1b9120,final_transform,0.5,11.1.0
ed657551885f528c,data/images/canonical/ed657551885f528c.png,af85a920a30ed1ae514992bd09d6ad72c18bcafd5a8d9a857ac98ab55ef967ee,known_prior_history,0.7758,11.1.0
ed738d83c5da6529,data/images/canonical/ed738d83c5da6529.png,5013332043e813608d47c43fdd895d74e43ef2e17e296d2d2708d4daca41c2a5,known_prior_history,0.7507,11.1.0
ed9cc38f25a63f4c,data/images/canonical/ed9cc38f25a63f4c.png,9299883c03d2a8cba44695cf9c7d46166225158e255b91bc9c8505bf129dfd1b,known_prior_history,0.6827,11.1.0
eda307a9d46d65d7,data/images/canonical/eda307a9d46d65d7.png,921de4aae4717bba997c3faf6af39df3388740f8b60dd30ad775c7d3bf710fe0,known_prior_history,0.7688,11.1.0
edb2723f19c7c17c,data/images/canonical/edb2723f19c7c17c.png,55a96b3b5849f6b598fdbd5c8f4e96bd32010e3d8c51a75fb9ce045da1e51c33,final_transform,2.0,11.1.0
edbc9abc0aa44f3e,data/images/canonical/edbc9abc0aa44f3e.png,8672346ad365aaafb8e78321f269fe7e45f79a2390d3831688153ade80b13816,known_prior_history,0.6809,11.1.0
edbe39a5f022099a,data/images/canonical/edbe39a5f022099a.png,6f9f5354398749df8a457c3e680042e3beb34d207c6264f45f86e0c024afe448,known_prior_history,0.6684,11.1.0
ede73315cd19c658,data/images/canonical/ede73315cd19c658.png,bbf0d57882b79d18ec20b4c0f227ab948b3d8aebf57ffc93bb570515ae7f4c86,final_transform,1.0,11.1.0
edea9c8bbe25cb2a,data/images/canonical/edea9c8bbe25cb2a.png,68e19af099d8c22551f146b06c678ed16a4303aced2e62e29aba0c876363a049,known_prior_history,0.547,11.1.0
edf0fb4af57244ed,data/images/canonical/edf0fb4af57244ed.png,696d0cd985cf2f2a301379a66a304cc1a0ef49dbad5a35c381df43ba7a202b54,known_prior_history,0.6827,11.1.0
edf3fd045c94987b,data/images/canonical/edf3fd045c94987b.png,68d07fb4e130b3e666fc1eed3caf0f0e5f3c7c64c24c6a27f97283215e3636e9,final_transform,2.0,11.1.0
edf8834a359049b7,data/images/canonical/edf8834a359049b7.png,a7a89d92df36ce7483897d8d42a18b738f525a055387ac4299dde8f0591a50d2,known_prior_history,0.742,11.1.0
ee11843fa0c6208f,data/images/canonical/ee11843fa0c6208f.png,0eefd386e8bdda3a42ef3ee20b3adf0aca65e04e5462cbfeded7ef29e876b01d,final_transform,2.0,11.1.0
ee428698c77b3f3e,data/images/canonical/ee428698c77b3f3e.png,bf7ba17c703fdb896fc5b19337065a23a85b116c00ecfc34bcdf1071ed77a630,known_prior_history,0.5529,11.1.0
ee5564e99a236efe,data/images/canonical/ee5564e99a236efe.png,a68573644961a6ce3bd89f7646345ab77d1eab1fabe0527939d7c0045911f04e,final_transform,2.0,11.1.0
ee6e5b867dd42714,data/images/canonical/ee6e5b867dd42714.png,12f71de83480cfa04e7878a4f2dfec7aff3018cb4ff80c89bc7a19af51571f48,known_prior_history,0.3333,11.1.0
ee7dfda31e238ecd,data/images/canonical/ee7dfda31e238ecd.png,2342afca1e62c2c5fb2771c18c3107846cb5a8befbeafd40777b589e62c948fd,known_prior_history,0.1785,11.1.0
ee8e73f822a51a6c,data/images/canonical/ee8e73f822a51a6c.png,fcd4b9028cbea8c161377fc1ea79ae4e8527524ff8910e2cba81f074623c373f,known_prior_history,0.6827,11.1.0
eeacec8ad4f4e6e6,data/images/canonical/eeacec8ad4f4e6e6.png,2a8fbc488c57a0efa7e7425fe495475bb025017cc258877cdaca43bd0b4fbf64,known_prior_history,0.2133,11.1.0
eebefcb0c6a82127,data/images/canonical/eebefcb0c6a82127.png,a39b8b89cd2c6e6e94ce6369f597d4f154653eabdccdc392af63ecb374fd2895,known_prior_history,0.7552,11.1.0
eec37aa9d8ee35e3,data/images/canonical/eec37aa9d8ee35e3.png,12f62664bce660d7fc13e59bf3324319daedc195e9056a4850c5ee3f768010e6,final_transform,0.5,11.1.0
eece6c1d6664a656,data/images/canonical/eece6c1d6664a656.png,5e5a6cc10b41a1e191c5c1fb811768e0ed3f950ecdb26164207f469831ec0fd1,known_prior_history,0.7665,11.1.0
eee0af1b6538d9b0,data/images/canonical/eee0af1b6538d9b0.png,d6dcff305a21340431bcd9415e2303c7f9952c2d105c13e3cd77f550a5d99e97,known_prior_history,0.7688,11.1.0
ef1a317821bb7205,data/images/canonical/ef1a317821bb7205.png,f18703cfb1b43cd624af77950d684fc9efde43f5051e413c92b725c1a3516146,final_transform,0.5,11.1.0
ef5f1c045639b36d,data/images/canonical/ef5f1c045639b36d.png,aab458c3c467168a162f8838f740c4f78978691f47059888d462b95a9584cbd9,known_prior_history,1.1082,11.1.0
ef6efdc3ed97a7d4,data/images/canonical/ef6efdc3ed97a7d4.png,e98fdd2b50f6cd8b8d69c30e82278b0099e17ce4340790f89514168802497dea,known_prior_history,0.6827,11.1.0
ef9d8dd9c316ad7b,data/images/canonical/ef9d8dd9c316ad7b.png,9cf51e3cb8a57e116a5d0eaf706b22396a1af76e3c8ebdfcb954d256f5bb15ff,final_transform,1.0,11.1.0
efa294ea0125d654,data/images/canonical/efa294ea0125d654.png,fb8da08f2ea87721979729dfe7f81e655b4a80fc4fc8af229be2263bce0486e3,known_prior_history,0.6827,11.1.0
efb56a6920b938fd,data/images/canonical/efb56a6920b938fd.png,4badfa9609b0ba453ac7bacbacf558d2940367790131121649e4c6456521bbf7,known_prior_history,0.6052,11.1.0
efbb0aab92f4fb3c,data/images/canonical/efbb0aab92f4fb3c.png,e5b7b0638efdd7dbee71edc378add4e789ef192453aeeba7d52df3f9674fefbf,known_prior_history,0.7688,11.1.0
efbf01e52e05c31a,data/images/canonical/efbf01e52e05c31a.png,9ac5e59b21150b8d8ffc9468f74ebaf380ef8987c75e76fe66fdcbf950140453,known_prior_history,0.6827,11.1.0
f03efb46f012e8dd,data/images/canonical/f03efb46f012e8dd.png,a943eccc6baca106094db5c1ec914d21288c2fe179d11a52c254b69b7cd3a9e7,final_transform,1.0,11.1.0
f04971bbf93d55f7,data/images/canonical/f04971bbf93d55f7.png,cb5419c05d2c55021114e255336c79ed7ea5662385d734ff4d8126a52922b2f0,known_prior_history,0.6827,11.1.0
f054efd8868d426f,data/images/canonical/f054efd8868d426f.png,649d5c97ae52b184d54b46f15ef399f4ff3670c23db2053b0dee894adf361f64,final_transform,2.0,11.1.0
f062b58020f2ecc7,data/images/canonical/f062b58020f2ecc7.png,32945e6d08ec105eb548a15bdaba06a9d5dee4d8f836763628bbb57b7dfa7b56,known_prior_history,0.6827,11.1.0
f0843b5e4994d594,data/images/canonical/f0843b5e4994d594.png,f6d9f4aaad6fcd6182052088d0bc16f88ebaa7c6a335469bebd57123413d88bd,final_transform,0.5,11.1.0
f0a56c942acad0cc,data/images/canonical/f0a56c942acad0cc.png,e215b624b77970cd6a26b03f05a33080c681fd8e512c91af15bb475ddf44c499,final_transform,0.5,11.1.0
f0c139606e43a3cc,data/images/canonical/f0c139606e43a3cc.png,9fd32aa3cb425257a287e3bbbbfc0b2a7d73a4f82dda05d551967074221fd2f6,known_prior_history,0.6827,11.1.0
f0c65d201e691421,data/images/canonical/f0c65d201e691421.png,d85d519427bd189ba385cdd896654c501a16bf731097e07c3a2ca6a616f180e1,final_transform,2.0,11.1.0
f0de702bc19816a0,data/images/canonical/f0de702bc19816a0.png,bfdb4959c12052037a084298ac1716244fb0ca7d05dad22c7df8f74bcb2bcdf8,final_transform,1.0,11.1.0
f0fd118a018a4769,data/images/canonical/f0fd118a018a4769.png,ba90ee83eb09d32257b5ed8661c0d99881dd05132db8701faa2e087acd454422,known_prior_history,0.6827,11.1.0
f119eabc77dbd58c,data/images/canonical/f119eabc77dbd58c.png,ca78c739fd04b3c2c19ab278de5bb7fb0ff8a90cbb09025879f55357dff6404f,final_transform,2.0,11.1.0
f13a2254ef692975,data/images/canonical/f13a2254ef692975.png,01c84550a3d764c6e60c7c1971f4077a4ea2ca1113483760cd67361307c20d4e,final_transform,1.0,11.1.0
f1517169fb7bb1aa,data/images/canonical/f1517169fb7bb1aa.png,a0090d6293747ce52ac31c4d12ed260f180884063322baa625960b2ce1567b5f,final_transform,0.5,11.1.0
f1574779f6b2022c,data/images/canonical/f1574779f6b2022c.png,49ba8c2550270273622061f23dc7bbc649cd31f33fb5829f8307307e2707a304,final_transform,1.0,11.1.0
f1591249419fe049,data/images/canonical/f1591249419fe049.png,8d69e6b20b8a10ed996c2615f3e192612f5b56c8f8f1b6cdf671d10b6a517c36,final_transform,0.5,11.1.0
f18739f548800a1e,data/images/canonical/f18739f548800a1e.png,01a32e8c5c8feb846e5fa11834f3c0461e5f4f7988ea9abad5df9b36d6285c75,known_prior_history,0.7665,11.1.0
f1e1b6601e83059b,data/images/canonical/f1e1b6601e83059b.png,b29be126962ff600bfdff5619310d9460e3336bc7ccc285f9e839901f833db62,final_transform,1.0,11.1.0
f220c4f35dc4a429,data/images/canonical/f220c4f35dc4a429.png,a15102ecb57bcad257d92bf36e48a19da9af9263150f836b532c3b7f1d8b7417,known_prior_history,0.7111,11.1.0
f23a58fdc3cafa7b,data/images/canonical/f23a58fdc3cafa7b.png,43959eba4506ba4d45f258b079fed2a7a61524c6c591eb2370c6d2cf24129617,final_transform,1.0,11.1.0
f244e3fe3fd45cdb,data/images/canonical/f244e3fe3fd45cdb.png,2a83554e1881ce371864c9c10b4086521a340cd66e95c25d381e98f9fc12f415,known_prior_history,0.512,11.1.0
f250491911fe1d35,data/images/canonical/f250491911fe1d35.png,fbeaa537f8c75ce07429ca913e4d9c4a3ee4a796fb1da53b28ea7c5f33eacdfd,known_prior_history,0.7442,11.1.0
f25c166185321205,data/images/canonical/f25c166185321205.png,7bbdbf1476498a25390b1289b5e413cff24df411594c6ebfccca6cc5e0743b60,final_transform,1.0,11.1.0
f2725ac99857bccc,data/images/canonical/f2725ac99857bccc.png,c2cf1897638cdcdb87c89cda322dfaa914641fe343695e5e72d17165ab6b289d,known_prior_history,0.7688,11.1.0
f27e2af106dc3772,data/images/canonical/f27e2af106dc3772.png,3a50fffd0b63304bfb0d278a79d6c4e8c287437ffc6d9eab882795783eafab81,final_transform,0.5,11.1.0
f2bc128161a94438,data/images/canonical/f2bc128161a94438.png,0f1abc5e625a5b28afff8e96a74964c90f7ec2bd5e7dc4a6249960781af6a80a,final_transform,1.0,11.1.0
f2bec793a007e80c,data/images/canonical/f2bec793a007e80c.png,786118dbf30b03e354424a1ace058241a16856b03bb6648cb94bb46509f3f9f3,final_transform,2.0,11.1.0
f2c99167f97291e7,data/images/canonical/f2c99167f97291e7.png,80b63bda23dfdfdbda07b564ba1deae6dae0caa2678e5e87ba6bd8ec11fea79a,final_transform,2.0,11.1.0
f2ccc168e3215d5a,data/images/canonical/f2ccc168e3215d5a.png,167d7588ecb22c3f699b82a6431b02c81b2a9032be01b85589291883bcb6a86c,known_prior_history,0.7688,11.1.0
f302749543f1b39f,data/images/canonical/f302749543f1b39f.png,ebdb9dc2d4fddace083395944e962743869cb41245d1b36afe147674d5096094,known_prior_history,0.6337,11.1.0
f30e343943e52a94,data/images/canonical/f30e343943e52a94.png,f59bee050065281a2d35c8390a3e339f61fc91dd23a0d509bc64cf7a040c7f24,final_transform,1.0,11.1.0
f3258f4728c7f142,data/images/canonical/f3258f4728c7f142.png,b8a980ebe4435eb0042d48d8f576db58efc886fcbfacca08f1db2815b3724bf9,final_transform,0.5,11.1.0
f348986a215c3c6d,data/images/canonical/f348986a215c3c6d.png,57220da1f5b104e677644f0ec9f6e6579deb687a0623a763408c832b3470d74a,known_prior_history,1.024,11.1.0
f3556322a74d52f9,data/images/canonical/f3556322a74d52f9.png,533941f46085c420fdf220befd907354e5fb96ca1f27666974b6698e535d9faa,known_prior_history,0.6827,11.1.0
f36fd5678f8165df,data/images/canonical/f36fd5678f8165df.png,554b12739f35d008fe3add2d8510252c42223522934a2a480e50719accb20a70,final_transform,0.5,11.1.0
f3a9dc092243bd98,data/images/canonical/f3a9dc092243bd98.png,9d334442964507d90b8412daef5cd9f5dcab95aa6a23d101f98f9f855c445d9f,known_prior_history,0.5389,11.1.0
f3bab005fbdec864,data/images/canonical/f3bab005fbdec864.png,46feac7967eac85f4eb23fc8d7371aab0dab7a97f8216036cf532c746a3b6fec,final_transform,2.0,11.1.0
f3cdce574744a5f5,data/images/canonical/f3cdce574744a5f5.png,5cf6acd25cea7c8088302f229e3be5eae3804bae233776cd94a273f025d8c815,final_transform,0.5,11.1.0
f3cf2ffc5a97bbb0,data/images/canonical/f3cf2ffc5a97bbb0.png,1e0fa75c7400a22a4e4b892d1a0e9c107d4e30507abd10028eda178119862cad,final_transform,0.5,11.1.0
f3d5fd79b62e0e8a,data/images/canonical/f3d5fd79b62e0e8a.png,68855eecda5f2c9a8951b890c540f184348a9305346f7e7db95434d7466e5c35,final_transform,2.0,11.1.0
f3d799463741c3a7,data/images/canonical/f3d799463741c3a7.png,0394d514ac1d72ad88e478c0370778336bc2d2f1a40b5c9aa4c0899a81576847,final_transform,1.0,11.1.0
f4140504d9e9d14f,data/images/canonical/f4140504d9e9d14f.png,e29f047e336926558db87aa6b3fd29ad83cefd149137a5f3da4b591a037f2940,known_prior_history,0.911,11.1.0
f44d7205cf6a6f9d,data/images/canonical/f44d7205cf6a6f9d.png,422b251725369027052d30d9dfddb898896bd3351c91a81b500cd50ea2a68f03,known_prior_history,0.7688,11.1.0
f4576ec0f14165d9,data/images/canonical/f4576ec0f14165d9.png,1f9fdb1ca3d279f4a22347f66681e198eba792e99dd1f847be39e0c82feaf42d,known_prior_history,0.69,11.1.0
f464d35662443bbd,data/images/canonical/f464d35662443bbd.png,e811e25e0d29c1892ae3130a9bfa2f73089cf47b80dff84b2604aaac3d105949,known_prior_history,0.7665,11.1.0
f496091e8ad055ef,data/images/canonical/f496091e8ad055ef.png,4be16e467f33a56cb8cce0995cd50b250fe6df329495c971e8681ad4f0a711a2,final_transform,2.0,11.1.0
f4a117203150e018,data/images/canonical/f4a117203150e018.png,3615beade0dbd463be19e5638306dd3fb34d06b95d2936cc41b15f9398ffba8f,known_prior_history,0.9377,11.1.0
f4c61706cdc952df,data/images/canonical/f4c61706cdc952df.png,824583cfbaae9e51fd5ee5eba3d3613dab7d1b5d55489ded7ca48cb6f7418fc8,known_prior_history,0.4672,11.1.0
f4d957dc396eb252,data/images/canonical/f4d957dc396eb252.png,98c80d959946a9d1d202b9559159de754886a7346f6c5d618e1680715cd73882,known_prior_history,0.7688,11.1.0
f4f5855cb9c9b131,data/images/canonical/f4f5855cb9c9b131.png,7ed36d4d0e0bfa87561e77b380101483cdd86753afb189fbd8c0a9c29bb31061,known_prior_history,0.6827,11.1.0
f50ac9e218d8128c,data/images/canonical/f50ac9e218d8128c.png,ff2194425bae2cb600b509a52525e6f2d5cd258d7338c8b9d8379c9365505d73,final_transform,0.5,11.1.0
f5119fee8665ca7c,data/images/canonical/f5119fee8665ca7c.png,dd27326c206537feca8e3050c7a62f5d1cdbafe34f64cecdd1d8deb8461dbf2d,final_transform,1.0,11.1.0
f51224197a5254e4,data/images/canonical/f51224197a5254e4.png,59c22fa28a752be339e0c497f82cf22f55dba3c0eaace9bffcfcedae5512472a,known_prior_history,0.742,11.1.0
f534dd955bc1033b,data/images/canonical/f534dd955bc1033b.png,b18d51fae330e4cb646b0e66ef6354abe84bb6476b66668d361f8a89f7c2442d,known_prior_history,0.6827,11.1.0
f53bc7d9fda36e2c,data/images/canonical/f53bc7d9fda36e2c.png,3055d4c3874f1b311dd88645b0819c7bfe3b418172758304786d9dd884e80714,known_prior_history,0.7171,11.1.0
f562696145428e5f,data/images/canonical/f562696145428e5f.png,e8f10403e4bab25422c9ac3aca938584d76850144b017617c3182d5b0bf9cf8b,final_transform,1.0,11.1.0
f56ea0132206bccf,data/images/canonical/f56ea0132206bccf.png,bba4495a2206667703d0176f9fe3cd57df62227cbcf7cd470fdd8fc4f6d771b1,known_prior_history,0.6416,11.1.0
f5973a4693ec1543,data/images/canonical/f5973a4693ec1543.png,d3a1a6e31a3e87360fc444a684bf97a173e13571f524282c1d504fc24e174f4b,final_transform,0.5,11.1.0
f59e3ad94fd456b0,data/images/canonical/f59e3ad94fd456b0.png,c27decf0461176442ea3a355e90511defee13a68104cd70beff086e4b5e563c6,known_prior_history,0.9481,11.1.0
f5bcef121e9912a4,data/images/canonical/f5bcef121e9912a4.png,575acad458afa4f308bc3bf9241ab7e64818122fa11b49d820a1c55556f4dd70,final_transform,1.0,11.1.0
f5c9725a012ebf53,data/images/canonical/f5c9725a012ebf53.png,7a2ce310f9ac0f57462bb0099a47b2f329540c640bda4d46387ebd80214d6ca1,known_prior_history,0.5541,11.1.0
f5fcc694246cb525,data/images/canonical/f5fcc694246cb525.png,6b6ed025b2dd6bc0bbd606f1b355d162a9b9535f764e754baff440835934ac23,known_prior_history,0.6827,11.1.0
f60cd2a1e7bb104a,data/images/canonical/f60cd2a1e7bb104a.png,ce6362799d71d76242011cad2fb6121e5627839a01ddba0cc3f634ea38656ba3,known_prior_history,0.6827,11.1.0
f63a5fceaa36e5e7,data/images/canonical/f63a5fceaa36e5e7.png,82a8e53cee6ed03766bded8df2554590fc59869d3502855d438132d1fe507c06,known_prior_history,0.6259,11.1.0
f64cd123c57f4d73,data/images/canonical/f64cd123c57f4d73.png,bf53798456529836569d23fcf8a723bab07edc2b3f3abdaeb011c0f78f7f521d,final_transform,2.0,11.1.0
f6537ef664eb0f6a,data/images/canonical/f6537ef664eb0f6a.png,245c46a7061657d7c90e9e184940807f35b97dda8b35cdbe3b4d281da4fe0fb2,final_transform,2.0,11.1.0
f658cd9d1e9b371f,data/images/canonical/f658cd9d1e9b371f.png,cdb42be4a9f82a16ed67ecd58a37bc92c2329dad64cb2416a52170a88606527e,final_transform,2.0,11.1.0
f660762b87206677,data/images/canonical/f660762b87206677.png,46572703229b9aa3dc1b0a4821d3848c8b691befb4fdadd42edc1a8010540652,final_transform,2.0,11.1.0
f6962d32a3c8b769,data/images/canonical/f6962d32a3c8b769.png,24cb66ab960faaebd9dc4bb7b694bb9d78c75ea5479fe130e880477855092e7d,known_prior_history,0.7688,11.1.0
f6d19a7558e741c1,data/images/canonical/f6d19a7558e741c1.png,365f6d8cd4c07f24450469737316657a5ad7fc1812c6479a51e2390f9db18ad3,final_transform,1.0,11.1.0
f6dd51e55ffacaaa,data/images/canonical/f6dd51e55ffacaaa.png,f59bcf786d4a04769cd07ee763322607aff9f2d530955467ed9987fb927e942c,known_prior_history,0.6827,11.1.0
f6eba1ff8feaea66,data/images/canonical/f6eba1ff8feaea66.png,ae292024ef2b48f2f9c603fe4774760ba51b91305d03f05f0a4a8cab79fc636c,final_transform,0.5,11.1.0
f7027334419851b0,data/images/canonical/f7027334419851b0.png,5277e041cd894ff9f3b480e858e3a66562d93fae5250a09fa81c63cf9e030afc,final_transform,2.0,11.1.0
f7111b9dc100972c,data/images/canonical/f7111b9dc100972c.png,026d716153e365f839a092608ab9959360525130c22d1ef865a735eca252c921,known_prior_history,0.629,11.1.0
f722b3f959d843ea,data/images/canonical/f722b3f959d843ea.png,c2da9536a3900a9d6b53306614758ba883b5ff64ca7fa007191361d0374dd680,known_prior_history,0.742,11.1.0
f73165217caa0b7e,data/images/canonical/f73165217caa0b7e.png,04f5041c06a167adce2bef1871b8cb2a0f04f684ebc0f06521493417d671071f,final_transform,1.0,11.1.0
f74815501a91d5e2,data/images/canonical/f74815501a91d5e2.png,2356028b9df6dc2d4e5121fa1625878d5f1e010c6e09b29d7bcabab92ffe86f2,known_prior_history,0.6321,11.1.0
f74dfa3076b659d3,data/images/canonical/f74dfa3076b659d3.png,525e4a1c4a286677fd3e088f95065c5c2018e964942d8b49a96197d39d0d1864,final_transform,2.0,11.1.0
f750ad5ea72ab685,data/images/canonical/f750ad5ea72ab685.png,189609f6e3b337410397e102ec6f0f5754ac49b738eca8465b468b6f358c2479,known_prior_history,0.7665,11.1.0
f75b63c53493b893,data/images/canonical/f75b63c53493b893.png,511ddc1d70874f6dee4c82376ec9a10f1f9d937fbd233ba1bebc6a3130cb299f,final_transform,0.5,11.1.0
f780b86357b364e7,data/images/canonical/f780b86357b364e7.png,5362c6f6b18b0170995153386d03d9030437425567515daf6e906a3fc6182827,known_prior_history,0.7688,11.1.0
f7a3359eef90933a,data/images/canonical/f7a3359eef90933a.png,8245e93f36a8904ffe93c572542861d62c1aff0d1ba4cc50287a5ae387954a25,final_transform,1.0,11.1.0
f7a7511a5870b3ef,data/images/canonical/f7a7511a5870b3ef.png,fb3c7c97a5661278f75292becd4f0db4475c0c2d6bbe4c25e85daf1dcf5f6140,known_prior_history,0.6827,11.1.0
f7b14c53a1bd2a0c,data/images/canonical/f7b14c53a1bd2a0c.png,c027e991f195f6bce47b9affab3c19f9574d18648aa1782190b43361c4977f25,final_transform,0.5,11.1.0
f7f60ec937d310c0,data/images/canonical/f7f60ec937d310c0.png,73f1b7143c0e41fb7378f6fafe787cce01e6f64493ea23cdd189ac64958c7ea8,known_prior_history,0.512,11.1.0
f8119644826b1661,data/images/canonical/f8119644826b1661.png,3bacecafc536410f0a16b36029a5a97f52d587fbd89449f27a05d34024801176,known_prior_history,0.7665,11.1.0
f81792a4a719ea81,data/images/canonical/f81792a4a719ea81.png,ef5af329f4079d450c0ea09372d036823b090e305879c7da06bb3d21a87a4a20,known_prior_history,0.512,11.1.0
f8205b44ff7437b0,data/images/canonical/f8205b44ff7437b0.png,193802fa129c37bcfc6f726ea7a9a2d770d8c5dda4d7dd08d76180d85e67ff81,final_transform,0.5,11.1.0
f823634c3fe89bbf,data/images/canonical/f823634c3fe89bbf.png,d810592a07a950a9f2a04c748eecbb584d1f1ed50d1237909c5469c05ed86175,final_transform,0.5,11.1.0
f82bc58628653d62,data/images/canonical/f82bc58628653d62.png,1bf9a2b98a1af0939801efd132553abf4eca7134f2e07c1ba89e7ba02b033cac,final_transform,1.0,11.1.0
f82f41387183f58a,data/images/canonical/f82f41387183f58a.png,f19dab07378b09221bf7f5140eb73da9043a64272bd19496844c0b427e6d08e0,final_transform,1.0,11.1.0
f835ce8e9ad1f404,data/images/canonical/f835ce8e9ad1f404.png,6dff062d663da552674651647ea7af6842848309c82c5d193f632a0906692455,final_transform,2.0,11.1.0
f86c63d2902bc886,data/images/canonical/f86c63d2902bc886.png,6614f5b6beeb06b593fa88278c0e691e11c21b520ed1cc64d5cc05812e3a5fb9,known_prior_history,0.6827,11.1.0
f8925f89f3d4ca24,data/images/canonical/f8925f89f3d4ca24.png,09284ad1c9235e526368b728966abad3ed25b9061c269d5db3d02905373ccaab,known_prior_history,0.6199,11.1.0
f911c52fe54b8f0f,data/images/canonical/f911c52fe54b8f0f.png,41ad835ca88d55d88edf10a9ea37db45e5fb78e77445adf61888f683b3819827,known_prior_history,0.6199,11.1.0
f914fc615ea9bfec,data/images/canonical/f914fc615ea9bfec.png,eef922b7d9ac23e438f05629f8e9812f16b61a3ead1037b5bed0c30dd68d32de,final_transform,0.5,11.1.0
f91d6de694dda6f9,data/images/canonical/f91d6de694dda6f9.png,cd8785d9345dc57ce52f8660b0ed2321ac537d2d950f1ec0c1fec5b40ee7f171,final_transform,2.0,11.1.0
f94a3dc16bed9976,data/images/canonical/f94a3dc16bed9976.png,aa2f827317c368738a8bface7ba80cf6548eae52906b6007965ae9e8c9d6ffaa,final_transform,0.5,11.1.0
f96aa779d3202fb6,data/images/canonical/f96aa779d3202fb6.png,cc7f89742d0380a64a234e1ee870a8fbd7bcaa7aab5549491a1e4b898d7897b4,final_transform,0.5,11.1.0
f96d9d472f9e43f3,data/images/canonical/f96d9d472f9e43f3.png,ccec4181b86e94ebb956116cf0fa92a0394edbe6975308493aaccbedde9e7d7f,final_transform,0.5,11.1.0
f98205e4bc631432,data/images/canonical/f98205e4bc631432.png,f7d241b902b7c9339c6df9abac6b8ca53b570decdfab00083c8dd50fd9f58d33,known_prior_history,0.6827,11.1.0
f98781d429c103c8,data/images/canonical/f98781d429c103c8.png,6a9043fcdc872a45c9840781327b76d2579150cd13160239c14736a50c785a65,final_transform,2.0,11.1.0
f9a310c991d24e0b,data/images/canonical/f9a310c991d24e0b.png,1675f83f5e918361cd21b60da8b50bc9031de18d05ba509b48eed22967320906,known_prior_history,0.6827,11.1.0
f9a322f01845bbd3,data/images/canonical/f9a322f01845bbd3.png,d01266ccb19f29c01913fc226072566d7f28adbc3d791572de6709ecf5b16c92,known_prior_history,0.8025,11.1.0
f9b7212fcd443521,data/images/canonical/f9b7212fcd443521.png,ac9fcd8de5cd2167ff2f98f7e4e139cbdcc7048e745b5111e70cbf7873a44281,known_prior_history,0.6827,11.1.0
f9d6ca314414c165,data/images/canonical/f9d6ca314414c165.png,6aa58e2f63f1bbdcb9a2f68eabed44bb428ade992d5b9fafdd021e7a4b4e04c2,final_transform,2.0,11.1.0
f9db1ad983efb125,data/images/canonical/f9db1ad983efb125.png,ec32a5a1390dfa458431b59014523566bae8e0999eb0c597a94b381877425ec7,known_prior_history,0.6827,11.1.0
f9e8f6d0e2403bc0,data/images/canonical/f9e8f6d0e2403bc0.png,94cf4c805b9b946e63ac0aa02b9731036e03bf5627429c17237b9d6dfdffbad0,final_transform,0.5,11.1.0
f9fb9a25552ea0c5,data/images/canonical/f9fb9a25552ea0c5.png,cb9b2083f9ace34b630fc51fc900892b9e8f852e6363f967bb60d1eadd23e65d,known_prior_history,0.7688,11.1.0
f9fdf18d1150b5d2,data/images/canonical/f9fdf18d1150b5d2.png,a0ebb1bd65e3ef10be415ec9c9d210fce85e4046c40a33358e4b7a42fd154116,known_prior_history,0.7688,11.1.0
fa04d3e4fd77c95c,data/images/canonical/fa04d3e4fd77c95c.png,f6375ab912e67c3b9ade05a5f1e608cb5655e22fa447dfc5adf7a4bfd545c3d0,final_transform,2.0,11.1.0
fa0f8b1eb44f4fff,data/images/canonical/fa0f8b1eb44f4fff.png,50b0b0ba3f33fd5bf3f89c70c56bfe84414786ac1b5f8b7d3d2e86fef5de47c9,known_prior_history,1.6842,11.1.0
fa41f5f649ef8088,data/images/canonical/fa41f5f649ef8088.png,5c7e1a96c1c2489e573cd9e24761bfc5efe36a02c12247b49d126b2c4e605535,final_transform,0.5,11.1.0
fa46c04cef864ec9,data/images/canonical/fa46c04cef864ec9.png,1b895d1c8c562366a184cd3a5e9a102b8f3d0bb302515f5296292d859b1aa771,known_prior_history,0.6827,11.1.0
fa50251654065fa0,data/images/canonical/fa50251654065fa0.png,141249f9b42910bada990b81abf3de7d4a0df4c235bf3732b2ca69b2eb2499a3,final_transform,1.0,11.1.0
fa6abbbb7fdc3c84,data/images/canonical/fa6abbbb7fdc3c84.png,78c7529d3ccc8745d153828e5aedd99f1c080203a5a6cffcb29aa74e652a44ee,known_prior_history,0.7688,11.1.0
fa6cfb2f971f4002,data/images/canonical/fa6cfb2f971f4002.png,ac9a06d116441de2696bba5a6af2e13cfe462a83b7ec534e8f5de49a4ee135fb,known_prior_history,0.6827,11.1.0
fa86a8bb2d5cecc3,data/images/canonical/fa86a8bb2d5cecc3.png,c3326a4e0df9e1b56f29fd62693c63f0cb1daabff9b079c8d8df2d0e1b55d5c8,final_transform,0.5,11.1.0
fa9dab8b975e2576,data/images/canonical/fa9dab8b975e2576.png,b7c0866da86f253cc08ea09e5af4bca267b093f85b083b0038c2b6495ce3685f,known_prior_history,0.594,11.1.0
faa8dca27d270c2a,data/images/canonical/faa8dca27d270c2a.png,aa7b38f4a3353ad669edf5499d5ab53b17f8dfa7a27ee2be241d5716be5ce7a2,known_prior_history,0.5494,11.1.0
fab7615d0ec1471a,data/images/canonical/fab7615d0ec1471a.png,72f09ab1a99c8e6a755aa9a2ace6f1eb4029722a97ba003d85bfad71e63788e4,final_transform,2.0,11.1.0
fae04fbb9bcf30d3,data/images/canonical/fae04fbb9bcf30d3.png,e21446595a5bd6b6cad65938ad6b4061349fd02d66c32bee7dd94a87cad0dd05,final_transform,1.0,11.1.0
fb08df204b10233f,data/images/canonical/fb08df204b10233f.png,5ee1ab5b89a7b5704c153edc10c8ceee2c5f55f0b25ef5d42a3f24d44c03e648,final_transform,1.0,11.1.0
fb1e4bbb0ef0020c,data/images/canonical/fb1e4bbb0ef0020c.png,177128fb4d8934cc3a2481944190e54dee6e5e713cb9f232bcd9d19cda872faa,known_prior_history,0.6827,11.1.0
fb1fbcdd796999b2,data/images/canonical/fb1fbcdd796999b2.png,9787eebbbbff6828f932581a1a17b750baa92d2e8fd1514b668ed2405eeaba2e,final_transform,1.0,11.1.0
fb37f0614dafbe45,data/images/canonical/fb37f0614dafbe45.png,6a7b7657e24785f73ce596c161d412e2db6198fcd31cede8ce9b59a9f93b8a3e,final_transform,1.0,11.1.0
fb6a301f0dd65c18,data/images/canonical/fb6a301f0dd65c18.png,65045553de34f8332e48f90857badafc99d0ff7b0858ca8bb64a54f1ebf6a476,known_prior_history,0.6827,11.1.0
fb88b2791d4bdf02,data/images/canonical/fb88b2791d4bdf02.png,242f6e9d528d7ec519c0e2090101f32bce82d68d26dd417bc6eb88356800c1bd,final_transform,2.0,11.1.0
fb914b377979ac5a,data/images/canonical/fb914b377979ac5a.png,65a3c5b55c1b12366a20475a59050fa83cccd9836f26d55c9588ea7db66850a5,known_prior_history,0.6827,11.1.0
fb976a22a6e95420,data/images/canonical/fb976a22a6e95420.png,37aaf334af7b45ec23f60ff2e42d3e0f715e77b3526d7cddd245815d77171aa7,final_transform,1.0,11.1.0
fb9e3d35f05f1dce,data/images/canonical/fb9e3d35f05f1dce.png,9b0b175b87b908198707a548a1d8ad0d0fc4665457d639252538d19cbcf0f367,known_prior_history,0.6827,11.1.0
fba30f6b5d2d714c,data/images/canonical/fba30f6b5d2d714c.png,b4f9bc315bca5390e86492daea0e34ed18b3fc145fa514e21dda5ab0e7419c2a,final_transform,1.0,11.1.0
fba8e3cdb4d97609,data/images/canonical/fba8e3cdb4d97609.png,e46e7ad2a565ffac6b9ce7100e7529f3f178fc3cdda97ba02a97647acf1c18b7,final_transform,1.0,11.1.0
fbae6a04654b0f03,data/images/canonical/fbae6a04654b0f03.png,552d086e93cde74899c543f9cecb6fbe557083ce4f8c71c31e105d801bf6e897,final_transform,2.0,11.1.0
fbf98e32d6368898,data/images/canonical/fbf98e32d6368898.png,90ca965a5951c16d52977003b766c7b11c5aadf2c587128663f8ef5c5450b4a5,final_transform,2.0,11.1.0
fc0ec0954ba6b7df,data/images/canonical/fc0ec0954ba6b7df.png,7b41656d2c15ded87ed170b2d2634735828b21fde220b3aed07635914a481c15,known_prior_history,0.7688,11.1.0
fc18aa8e0bd2029e,data/images/canonical/fc18aa8e0bd2029e.png,f26cb65e2ab58ca57ca948d37832ab012ca5b727d3890ac27f7d4ac6fed12bad,final_transform,0.5,11.1.0
fc220e4a794e9567,data/images/canonical/fc220e4a794e9567.png,1754cab1f5224f6bb8064c6503f33e043d796ee98d4b46ecf57a48765ade5e28,final_transform,2.0,11.1.0
fc47fb2be85b0e74,data/images/canonical/fc47fb2be85b0e74.png,e12accb6b57da307e99434de4ed339edfd80fc3aacbc82871f76c78130de4ec9,known_prior_history,0.7131,11.1.0
fc57ce062ccb342a,data/images/canonical/fc57ce062ccb342a.png,4c57b4077613980d80e5b985efcdb16af9a0aeeaee7fd8d696e53b946df49a56,final_transform,1.0,11.1.0
fc633e80623880f1,data/images/canonical/fc633e80623880f1.png,98ecdea8c530883967681c058e9639250d9b15ae616f74c8101184fa31e07d4e,final_transform,1.0,11.1.0
fc660aa35cd18833,data/images/canonical/fc660aa35cd18833.png,2a7431dd6403a574c6571f59623f3cf39b8d05735b8aa7dba6817621a052f5e8,known_prior_history,0.5805,11.1.0
fc734595e721affd,data/images/canonical/fc734595e721affd.png,e524c516d5fa34aa376ae79ee5f0c3cc93912cc88678a5ce19104d847b5814c7,known_prior_history,0.6827,11.1.0
fca64ff83cdd1436,data/images/canonical/fca64ff83cdd1436.png,d0b09ea5d7d1326be86f34d6c7796c85afb807ca4da04c05248e42da550fa378,final_transform,0.5,11.1.0
fce4db39e063e1ba,data/images/canonical/fce4db39e063e1ba.png,5542eb5b205fb2942702b4621d9e6f913ee0f83b713c0b87bbf2179decea519f,final_transform,2.0,11.1.0
fcec828f46dedb78,data/images/canonical/fcec828f46dedb78.png,3e3526099384d4f1270057bbfd140808cd7e3778884edd1b5b90122a5b502313,final_transform,1.0,11.1.0
fcf1fba870baeea7,data/images/canonical/fcf1fba870baeea7.png,7ce496e059fd10f14f755d0932607f3188ec7d990ccbf7168910a98b3c17ee9c,known_prior_history,0.6827,11.1.0
fd2ac6ac232bab38,data/images/canonical/fd2ac6ac232bab38.png,e76cf15740d6be2c213e95d2e2aaf8ad2c8241ba33a2b711ec94ad9829615a6f,known_prior_history,0.5494,11.1.0
fd6536efde1410e5,data/images/canonical/fd6536efde1410e5.png,14570069c434f52ab34ed23b51972305a443006ab1f9fe43e83dbeb5881db888,known_prior_history,0.7688,11.1.0
fd6a9a1d5aa72570,data/images/canonical/fd6a9a1d5aa72570.png,f76c95e46f1d0487268466977e1b03917c1498659aad6378a4fb6f63b0113c48,known_prior_history,0.6564,11.1.0
fd8a81d99a25a1bf,data/images/canonical/fd8a81d99a25a1bf.png,8a50b69e4737077b4a9407d0cd1138d0745aea1ad562c80c36940dba87926c9a,known_prior_history,0.6827,11.1.0
fd94738f2226a3dd,data/images/canonical/fd94738f2226a3dd.png,aa3c83e1727ff314669cadfb5414f321f7b301e18353e9b9b0cba19ecb6dd2b0,final_transform,0.5,11.1.0
fda14846bfd262bb,data/images/canonical/fda14846bfd262bb.png,063a55cc8595b953281149c1cca3ce8d4ddf25e9e1c11ce256ac248c3fcbc0b9,known_prior_history,0.7642,11.1.0
fda80dfea75981cd,data/images/canonical/fda80dfea75981cd.png,da45cc548a623f1bfff4ab940d193abc40a34e1e2f81183d28398960b78f05e4,final_transform,0.5,11.1.0
fdc1683d841122be,data/images/canonical/fdc1683d841122be.png,15ff593128c9fde6f18995d50d40e1912338a191f6d1666bf57bf88ac524a343,final_transform,0.5,11.1.0
fddcf9f95a82d669,data/images/canonical/fddcf9f95a82d669.png,454c83f1b0c734be8ce0cea015bc2db2600b009778dad350380ae180e6161ded,known_prior_history,0.6827,11.1.0
fde300735085f43c,data/images/canonical/fde300735085f43c.png,3753c4f141c0efcfb91a09385abf5afae9298952e072c1b6b258c9361adb19db,known_prior_history,0.6632,11.1.0
fe04a0cd0ba41f5d,data/images/canonical/fe04a0cd0ba41f5d.png,45ea294d9d87fed739312290135a5e9b5209cc2b5f35a01fe0d5092ba8bfc06c,final_transform,1.0,11.1.0
fe3f5ff22301d596,data/images/canonical/fe3f5ff22301d596.png,e0f5f4c80694aa950fd0a3c138024ea05c3efdabce1d35252466bfea1271f38f,final_transform,2.0,11.1.0
fe3fb945d065c591,data/images/canonical/fe3fb945d065c591.png,421bed6bba33ac0ebfa1090d4ed461c16382e20063c31968bfa1264a2b70a318,known_prior_history,0.7574,11.1.0
fe51eef0a3e9fbf5,data/images/canonical/fe51eef0a3e9fbf5.png,8e7590f79fb62becebd159d0ef8b21aed079340c914b122ad728c30243534d48,known_prior_history,0.6827,11.1.0
fe5b228ec661a3cf,data/images/canonical/fe5b228ec661a3cf.png,de082542321c06c86ebdf966d1b164f8d8be84151b3ee3b5eff01823846cc4f7,known_prior_history,0.7574,11.1.0
fe5d3ba25d8e5b62,data/images/canonical/fe5d3ba25d8e5b62.png,227b9c06f268e93979b580686bb5632a2c13b2b5930a1087d2be86172a2a7cd6,final_transform,1.0,11.1.0
fea37da5790594ba,data/images/canonical/fea37da5790594ba.png,85b19fd6a67dfcff8c202199fdecf83e90a7004b6f4e8663b5d1b101ab036a91,known_prior_history,0.6827,11.1.0
fea49c273849620e,data/images/canonical/fea49c273849620e.png,487a2e50eff42f4ebd5b2470574f9ca3456d7ad61aaa1ecb04ad8150b124bb8a,known_prior_history,0.6827,11.1.0
fea58ae5a36c9edb,data/images/canonical/fea58ae5a36c9edb.png,bc462865c87d1ee1c5b9e60bb5bd33e1570c441f3e152fc21aed872ab06165e7,known_prior_history,0.6827,11.1.0
feb4542612a5d5d5,data/images/canonical/feb4542612a5d5d5.png,9962033f8f1d9b548a13f8ac98e7f59c3614e0ba81b2d3b72b57c2a8191d10e4,final_transform,2.0,11.1.0
feca7e0104fa1e5d,data/images/canonical/feca7e0104fa1e5d.png,37e201f8482378b9c5408e50e9a172f6d5708c8ff1948a39c32fb7aea53640be,final_transform,2.0,11.1.0
feda47ec99e03879,data/images/canonical/feda47ec99e03879.png,27547d0fbe19d18aff1d11afbd25b2ae705897260bc3efab71f641a14f685a3b,final_transform,0.5,11.1.0
fef73c21cae36965,data/images/canonical/fef73c21cae36965.png,ddcd6bd389e8ec5f18a850b1d072301e0a9c5170590af04bc39c938c1eac5417,final_transform,0.5,11.1.0
ff0ad406febaba0c,data/images/canonical/ff0ad406febaba0c.png,a5a1e8bf9109cd02b605e87f2c3f2ce83b99b25abf62f918965c710953f0c712,final_transform,2.0,11.1.0
ff2691d08958c41d,data/images/canonical/ff2691d08958c41d.png,b92c949551ba10446fcf6cfd6eda23c0660901d24f783add275493acbf6e175d,final_transform,1.0,11.1.0
ff5448861f7e95fa,data/images/canonical/ff5448861f7e95fa.png,19627fcb65727f549ddd400c9a0d29be9f8fd2ef8b3125f9b8412564639b0959,known_prior_history,0.6352,11.1.0
ff6960cc043690dd,data/images/canonical/ff6960cc043690dd.png,770548b5e8538d99982ce7aa33512a2e7b5d82ccfe59edc013f27f11997839d9,final_transform,2.0,11.1.0
ff7c94487d9cfa6e,data/images/canonical/ff7c94487d9cfa6e.png,a5f45e676d584a007c51120d25aedd88ecde900558684dccdff26d53b040259b,final_transform,0.5,11.1.0
ff82f97c4ce2bb0c,data/images/canonical/ff82f97c4ce2bb0c.png,a2cc24c8d69efde51310b45d7e5951980205211ced7ca02d51e3d5339e2d5c0f,known_prior_history,0.6827,11.1.0
ff84d3ffa29fe352,data/images/canonical/ff84d3ffa29fe352.png,ff4d50d230c0f54d47c328ac8cccd80d0e70880f19a09103859d3cfb19b9fa3f,known_prior_history,0.5494,11.1.0
ffa909b0800f9472,data/images/canonical/ffa909b0800f9472.png,ce7ca7185d9e20cacbe40a978bd7511b9a537f9015ef2363e4de627123ad21ec,final_transform,1.0,11.1.0
ffdcacb145f53b2a,data/images/canonical/ffdcacb145f53b2a.png,72901bb3d0535a9ffc44e308afd94d4f60c2fd7d8908376d17927d957f0de229,known_prior_history,0.7399,11.1.0
ffdd901913050673,data/images/canonical/ffdd901913050673.png,09372072a35592f4afe956b391f980942c5237f6f832ade793ddb5cb2be68cde,final_transform,1.0,11.1.0
