image_id,group_id,label,generator_family,subset,split,fold_unseen,pilot
00156a1f7f97c5c1,00156a1f7f97c5c1,fake,sd_v1_4,stable_diffusion_v_1_4,val,unused,0
001f874a3b61c718,001f874a3b61c718,real,real,stable_diffusion_v_1_4,test,test,1
00461038172f09a9,00461038172f09a9,real,real,ADM,val,val,0
0049ba775b321e88,0049ba775b321e88,fake,biggan,BigGAN,val,val,0
004d911a3f3641af,004d911a3f3641af,real,real,stable_diffusion_v_1_4,val,val,0
0057d0da879c7b36,0057d0da879c7b36,fake,biggan,BigGAN,train,train,0
0073336ce4b995ed,0073336ce4b995ed,real,real,ADM,train,train,0
0073c60f85164580,0073c60f85164580,fake,biggan,BigGAN,test,test,0
0077ff5a28829706,0077ff5a28829706,fake,sd_v1_4,stable_diffusion_v_1_4,val,unused,1
009cc0c9acab1357,009cc0c9acab1357,real,real,ADM,train,train,0
00d230d59224bffc,00d230d59224bffc,fake,adm,ADM,train,train,0
00ff2af6ef869789,00ff2af6ef869789,fake,adm,ADM,train,train,0
014bcb54dc457384,014bcb54dc457384,fake,sd_v1_4,stable_diffusion_v_1_4,train,unused,0
014e5d99ca67b48e,014e5d99ca67b48e,fake,sd_v1_4,stable_diffusion_v_1_4,test,test,0
015c3da0ced43600,015c3da0ced43600,real,real,stable_diffusion_v_1_4,train,train,0
01636fb98adde75d,01636fb98adde75d,real,real,stable_diffusion_v_1_4,train,train,0
0167f1b94a8db39d,0167f1b94a8db39d,real,real,stable_diffusion_v_1_4,val,val,0
018742f9486e554c,018742f9486e554c,fake,sd_v1_4,stable_diffusion_v_1_4,test,test,1
01a690cb3ec1ea62,01a690cb3ec1ea62,fake,sd_v1_4,stable_diffusion_v_1_4,train,unused,0
01ae0a6d9af77fb9,01ae0a6d9af77fb9,real,real,stable_diffusion_v_1_4,train,train,1
01b204fbc2a3c382,01b204fbc2a3c382,real,real,ADM,val,val,0
01c3ac314c56e8fe,01c3ac314c56e8fe,real,real,ADM,train,train,1
01c8e174b82fa6e5,01c8e174b82fa6e5,fake,biggan,BigGAN,train,train,0
01c9ef11bf0a079e,01c9ef11bf0a079e,real,real,ADM,test,test,0
01cb8b8d61309809,01cb8b8d61309809,fake,biggan,BigGAN,test,test,0
01f09014f87961cd,01f09014f87961cd,real,real,stable_diffusion_v_1_4,train,train,0
01fe6ab3b07d1cfd,01fe6ab3b07d1cfd,fake,sd_v1_4,stable_diffusion_v_1_4,test,test,0
01ff773b2bc9d873,01ff773b2bc9d873,fake,biggan,BigGAN,test,test,0
02008892adb83745,02008892adb83745,real,real,stable_diffusion_v_1_4,train,train,0
0220d58985878f73,0220d58985878f73,fake,sd_v1_4,stable_diffusion_v_1_4,train,unused,0
02245040430ad79b,02245040430ad79b,real,real,BigGAN,val,val,0
02391bc20e0cf14a,02391bc20e0cf14a,real,real,stable_diffusion_v_1_4,train,train,0
02587bfdad7447dd,02587bfdad7447dd,real,real,ADM,train,train,0
026051fffa06af17,026051fffa06af17,fake,sd_v1_4,stable_diffusion_v_1_4,train,unused,0
027ecdcc937c8340,027ecdcc937c8340,real,real,stable_diffusion_v_1_4,test,test,0
02a1c58148147cfd,02a1c58148147cfd,real,real,BigGAN,train,train,0
02cbc1454bb059bf,02cbc1454bb059bf,fake,biggan,BigGAN,test,test,0
02dbda13175fdf7e,02dbda13175fdf7e,real,real,stable_diffusion_v_1_4,test,test,0
02ed8de2d5f342ce,02ed8de2d5f342ce,real,real,stable_diffusion_v_1_4,train,train,1
02f9f249a96dd4f5,02f9f249a96dd4f5,fake,adm,ADM,train,train,0
02fea6d6d721e004,02fea6d6d721e004,fake,sd_v1_4,stable_diffusion_v_1_4,train,unused,0
030aeeb63fae8a49,030aeeb63fae8a49,real,real,BigGAN,train,train,0
031a0e4f50faea37,031a0e4f50faea37,fake,biggan,BigGAN,val,val,0
033255a489cbf162,033255a489cbf162,fake,adm,ADM,val,val,0
035b67b9659a0fae,035b67b9659a0fae,real,real,stable_diffusion_v_1_4,train,train,0
03603d73023935d4,03603d73023935d4,real,real,BigGAN,train,train,0
037c2fed819878d0,037c2fed819878d0,real,real,stable_diffusion_v_1_4,val,val,0
039c9d2588f3af93,039c9d2588f3af93,real,real,stable_diffusion_v_1_4,test,test,1
03a2636d1da21b7f,03a2636d1da21b7f,fake,sd_v1_4,stable_diffusion_v_1_4,test,test,1
03a91b3df0f691d1,03a91b3df0f691d1,real,real,BigGAN,val,val,0
03beef3622438e52,03beef3622438e52,real,real,stable_diffusion_v_1_4,train,train,0
03c812fe71c8a6c9,03c812fe71c8a6c9,real,real,stable_diffusion_v_1_4,val,val,0
03dbecaed22589b6,03dbecaed22589b6,real,real,BigGAN,test,test,1
03df5a1420f96adb,03df5a1420f96adb,real,real,ADM,train,train,0
03f010efbbee153d,03f010efbbee153d,fake,adm,ADM,test,test,0
03f27c14cb70fa78,03f27c14cb70fa78,real,real,stable_diffusion_v_1_4,train,train,0
03f72d3e757c228b,03f72d3e757c228b,real,real,ADM,val,val,1
0429d53d32de723e,0429d53d32de723e,real,real,ADM,val,val,0
043f2086db6a8f0a,043f2086db6a8f0a,fake,adm,ADM,val,val,0
04413b0589a18db3,04413b0589a18db3,fake,adm,ADM,test,test,0
044b463f22df35e8,044b463f22df35e8,real,real,stable_diffusion_v_1_4,train,train,0
045324f46e6d6afe,045324f46e6d6afe,fake,adm,ADM,train,train,0
04a2de6808db0454,04a2de6808db0454,real,real,ADM,train,train,0
04a4441cdcca297f,04a4441cdcca297f,fake,sd_v1_4,stable_diffusion_v_1_4,train,unused,0
04c4fd2dd01debcc,04c4fd2dd01debcc,fake,biggan,BigGAN,test,test,0
04c8ea53155a02d6,04c8ea53155a02d6,real,real,ADM,train,train,0
04fe44a7ce369ad1,04fe44a7ce369ad1,real,real,ADM,test,test,0
05102f00f2de00aa,05102f00f2de00aa,real,real,ADM,train,train,0
051f2b98c932e67e,051f2b98c932e67e,real,real,ADM,train,train,0
05319aad8a59f2b5,05319aad8a59f2b5,real,real,BigGAN,train,train,1
054dd3181c5c99d8,054dd3181c5c99d8,real,real,BigGAN,test,test,0
054ee1f9a68ff504,054ee1f9a68ff504,real,real,ADM,train,train,0
05591f2198153482,05591f2198153482,real,real,ADM,train,train,0
05889f64c1f5a178,05889f64c1f5a178,real,real,ADM,train,train,0
05b1f9b8fca23474,05b1f9b8fca23474,real,real,BigGAN,train,train,1
05d26520245799e7,05d26520245799e7,fake,sd_v1_4,stable_diffusion_v_1_4,train,unused,0
05e9790302f04190,05e9790302f04190,fake,adm,ADM,val,val,0
05f8f6a40d212277,05f8f6a40d212277,real,real,BigGAN,train,train,0
06063f89b6ef7835,06063f89b6ef7835,fake,sd_v1_4,stable_diffusion_v_1_4,test,test,0
060f7a66f1ec35de,060f7a66f1ec35de,fake,sd_v1_4,stable_diffusion_v_1_4,train,unused,0
061189e9419bccb4,061189e9419bccb4,fake,biggan,BigGAN,val,val,0
065f14991aafa27b,065f14991aafa27b,real,real,ADM,val,val,0
067f165ad376751a,067f165ad376751a,fake,biggan,BigGAN,train,train,0
0684c35d2e7f59e8,0684c35d2e7f59e8,real,real,ADM,train,train,0
06c94adb15de8e4c,06c94adb15de8e4c,real,real,ADM,train,train,0
06e080d9a96446ab,06e080d9a96446ab,real,real,ADM,test,test,0
06f22984fc7bafe6,06f22984fc7bafe6,real,real,stable_diffusion_v_1_4,test,test,0
06facfb60372af25,06facfb60372af25,fake,adm,ADM,test,test,0
070d4a5ed69146bc,070d4a5ed69146bc,real,real,stable_diffusion_v_1_4,train,train,0
07143f7838ae6b1c,07143f7838ae6b1c,fake,biggan,BigGAN,test,test,0
0725d946ae7d9194,0725d946ae7d9194,real,real,stable_diffusion_v_1_4,val,val,0
072a21dff8ab70e6,072a21dff8ab70e6,fake,sd_v1_4,stable_diffusion_v_1_4,test,test,0
072a21e7f570b360,072a21e7f570b360,real,real,BigGAN,val,val,0
073aaf9b14888982,073aaf9b14888982,real,real,ADM,test,test,0
07665378c7d355a2,07665378c7d355a2,fake,sd_v1_4,stable_diffusion_v_1_4,val,unused,0
0767c6ccef126e90,0767c6ccef126e90,real,real,stable_diffusion_v_1_4,val,val,0
0780c8ea5ef6c300,0780c8ea5ef6c300,real,real,ADM,train,train,0
078f5fc19a19202f,078f5fc19a19202f,real,real,ADM,train,train,0
079d7e3e784e2d1a,079d7e3e784e2d1a,fake,adm,ADM,test,test,0
079fde48ae9a4ade,079fde48ae9a4ade,fake,sd_v1_4,stable_diffusion_v_1_4,val,unused,0
07f44f0a29c07651,07f44f0a29c07651,real,real,stable_diffusion_v_1_4,test,test,1
080bc422f7b2ec86,080bc422f7b2ec86,real,real,ADM,test,test,0
0813145a8abb4501,0813145a8abb4501,fake,adm,ADM,train,train,1
086d319e1fe8b4e3,086d319e1fe8b4e3,fake,biggan,BigGAN,val,val,0
086f2cfab0eba637,086f2cfab0eba637,fake,sd_v1_4,stable_diffusion_v_1_4,train,unused,0
0871e0e5bafdfd7b,0871e0e5bafdfd7b,fake,adm,ADM,val,val,0
0887962b64eadb86,0887962b64eadb86,fake,adm,ADM,train,train,0
08917a15314dcb5e,08917a15314dcb5e,fake,adm,ADM,train,train,0
0895f860cad531b0,0895f860cad531b0,real,real,stable_diffusion_v_1_4,train,train,0
08b71b6a2864cc4b,08b71b6a2864cc4b,fake,sd_v1_4,stable_diffusion_v_1_4,train,unused,1
08bd54f2914d6626,08bd54f2914d6626,real,real,BigGAN,train,train,0
08c8c4a1e58093d2,08c8c4a1e58093d2,real,real,ADM,train,train,0
08ef5e97d186fb44,08ef5e97d186fb44,real,real,BigGAN,test,test,0
0928bed973d3c5ab,0928bed973d3c5ab,fake,adm,ADM,val,val,0
092b8d1dbcad4d56,092b8d1dbcad4d56,real,real,BigGAN,train,train,1
09464f930d7fb3fe,09464f930d7fb3fe,fake,adm,ADM,val,val,0
095726fbe301fc9e,095726fbe301fc9e,fake,sd_v1_4,stable_diffusion_v_1_4,test,test,0
09751a146610b4c4,09751a146610b4c4,fake,biggan,BigGAN,train,train,0
097b0225b6f9cee2,097b0225b6f9cee2,fake,adm,ADM,train,train,0
09855b5fddb3e2bc,09855b5fddb3e2bc,fake,biggan,BigGAN,train,train,0
09be75da2865b3d7,09be75da2865b3d7,real,real,stable_diffusion_v_1_4,train,train,0
09c1968a647ca6dc,09c1968a647ca6dc,fake,biggan,BigGAN,train,train,0
09ce2908b5baa73d,09ce2908b5baa73d,fake,adm,ADM,val,val,0
09d02321de78d181,09d02321de78d181,fake,sd_v1_4,stable_diffusion_v_1_4,train,unused,0
09db34b5ff3ad3c2,09db34b5ff3ad3c2,fake,biggan,BigGAN,train,train,0
09e9579af0b044ae,09e9579af0b044ae,real,real,stable_diffusion_v_1_4,train,train,1
09fdde36eb205895,09fdde36eb205895,fake,biggan,BigGAN,train,train,0
0a132f8aabfe1fcd,0a132f8aabfe1fcd,real,real,ADM,train,train,0
0a35f3ad2a032ac4,0a35f3ad2a032ac4,real,real,ADM,train,train,0
0a55b05b1bc1402a,0a55b05b1bc1402a,fake,adm,ADM,test,test,0
0a567157bf5653c1,0a567157bf5653c1,fake,sd_v1_4,stable_diffusion_v_1_4,train,unused,0
0a6aa37ad53ec3f0,0a6aa37ad53ec3f0,real,real,ADM,train,train,0
0a7247ac1821d70f,0a7247ac1821d70f,fake,sd_v1_4,stable_diffusion_v_1_4,train,unused,0
0a77440f4d69ff98,0a77440f4d69ff98,fake,biggan,BigGAN,val,val,0
0a86b58e4003fcb5,0a86b58e4003fcb5,fake,sd_v1_4,stable_diffusion_v_1_4,train,unused,0
0a8abdece43cea2f,0a8abdece43cea2f,fake,adm,ADM,train,train,0
0aad09e3eec3381f,0aad09e3eec3381f,fake,sd_v1_4,stable_diffusion_v_1_4,test,test,0
0abd1ef26cbbda97,0abd1ef26cbbda97,real,real,stable_diffusion_v_1_4,val,val,0
0adcd19c6c9d690f,0adcd19c6c9d690f,fake,biggan,BigGAN,val,val,0
0aebe101eba9d9e0,0aebe101eba9d9e0,real,real,stable_diffusion_v_1_4,test,test,1
0b06ad35bff1da74,0b06ad35bff1da74,fake,sd_v1_4,stable_diffusion_v_1_4,train,unused,1
0b0bd3c3a79d076a,0b0bd3c3a79d076a,fake,sd_v1_4,stable_diffusion_v_1_4,test,test,0
0b15199b8584dc85,0b15199b8584dc85,fake,biggan,BigGAN,train,train,0
0b2bde6ef63b603e,0b2bde6ef63b603e,fake,biggan,BigGAN,test,test,0
0b3fbbf69f9e6a72,0b3fbbf69f9e6a72,fake,sd_v1_4,stable_diffusion_v_1_4,train,unused,0
0b44a0e0d5f3569d,0b44a0e0d5f3569d,fake,biggan,BigGAN,train,train,0
0b511d8d4f234277,0b511d8d4f234277,real,real,stable_diffusion_v_1_4,val,val,0
0b7cca5fa8b1a316,0b7cca5fa8b1a316,fake,biggan,BigGAN,test,test,0
0b81fddd607d4977,0b81fddd607d4977,fake,adm,ADM,train,train,0
0b8705aa39b2662e,0b8705aa39b2662e,real,real,ADM,train,train,0
0badf73e4445a5cf,0badf73e4445a5cf,fake,biggan,BigGAN,train,train,0
0bd9b99e8b206203,0bd9b99e8b206203,real,real,stable_diffusion_v_1_4,val,val,0
0c2611790997cbd7,0c2611790997cbd7,real,real,BigGAN,train,train,0
0c65f8c82de11bb7,0c65f8c82de11bb7,real,real,ADM,train,train,0
0c8e504d6d985b51,0c8e504d6d985b51,real,real,BigGAN,train,train,0
0c994bd08e25621a,0c994bd08e25621a,fake,sd_v1_4,stable_diffusion_v_1_4,test,test,0
0ca84f0766bf52b4,0ca84f0766bf52b4,real,real,stable_diffusion_v_1_4,train,train,1
0cd4f2f9c0e9a105,0cd4f2f9c0e9a105,real,real,BigGAN,test,test,1
0cd51977fb19b81b,0cd51977fb19b81b,real,real,stable_diffusion_v_1_4,val,val,0
0cd9cf07d311134d,0cd9cf07d311134d,real,real,ADM,train,train,0
0cf64060c7b9195d,0cf64060c7b9195d,real,real,ADM,train,train,0
0d23d654be444abc,0d23d654be444abc,fake,sd_v1_4,stable_diffusion_v_1_4,train,unused,0
0d67359502fd171e,0d67359502fd171e,real,real,ADM,train,train,0
0d7e1dcd4ac78821,0d7e1dcd4ac78821,fake,adm,ADM,train,train,0
0d8acf9aabd18008,0d8acf9aabd18008,fake,adm,ADM,val,val,1
0da17017f8aac076,0da17017f8aac076,real,real,stable_diffusion_v_1_4,train,train,0
0dd0356c89038954,0dd0356c89038954,fake,adm,ADM,val,val,0
0e1ff59dd3232a8a,0e1ff59dd3232a8a,real,real,stable_diffusion_v_1_4,train,train,1
0e35cd2109119125,0e35cd2109119125,fake,biggan,BigGAN,train,train,0
0e38b0599094756d,0e38b0599094756d,real,real,BigGAN,train,train,0
0e3b6a5a77f7a2ce,0e3b6a5a77f7a2ce,real,real,stable_diffusion_v_1_4,val,val,0
0e654dc3129d9aca,0e654dc3129d9aca,fake,biggan,BigGAN,train,train,0
0e87832a1d3c279c,0e87832a1d3c279c,real,real,stable_diffusion_v_1_4,train,train,0
0e90d84719827f36,0e90d84719827f36,fake,sd_v1_4,stable_diffusion_v_1_4,test,test,0
0e95627e044f263b,0e95627e044f263b,fake,sd_v1_4,stable_diffusion_v_1_4,train,unused,0
0e965f79b628fd99,0e965f79b628fd99,real,real,BigGAN,train,train,1
0eb0eb8a2b9ab249,0eb0eb8a2b9ab249,fake,adm,ADM,train,train,0
0f1da8720340f629,0f1da8720340f629,fake,sd_v1_4,stable_diffusion_v_1_4,train,unused,0
0f2275845fc11c3f,0f2275845fc11c3f,real,real,stable_diffusion_v_1_4,train,train,0
0f4cfe08bd4f06f4,0f4cfe08bd4f06f4,fake,sd_v1_4,stable_diffusion_v_1_4,train,unused,0
0f5e721bbc037940,0f5e721bbc037940,fake,sd_v1_4,stable_diffusion_v_1_4,val,unused,0
0f7ca5321bf5936f,0f7ca5321bf5936f,real,real,ADM,test,test,1
0f7d33f07c42a005,0f7d33f07c42a005,fake,biggan,BigGAN,train,train,0
0f82c2339d5f5019,0f82c2339d5f5019,real,real,BigGAN,train,train,0
0f8a67bed8b0f749,0f8a67bed8b0f749,fake,biggan,BigGAN,train,train,1
0f9d6a61ef9bd62a,0f9d6a61ef9bd62a,real,real,stable_diffusion_v_1_4,train,train,1
0f9e51847bce15c8,0f9e51847bce15c8,real,real,ADM,train,train,0
0fbbb7020c2f83cd,0fbbb7020c2f83cd,fake,adm,ADM,train,train,0
0fc9700c543d96db,0fc9700c543d96db,real,real,ADM,train,train,0
0fcd51dd51c3bfae,0fcd51dd51c3bfae,real,real,BigGAN,test,test,0
0ff80a457597f110,0ff80a457597f110,fake,sd_v1_4,stable_diffusion_v_1_4,val,unused,0
103c1f64d73ee8f4,103c1f64d73ee8f4,real,real,stable_diffusion_v_1_4,val,val,0
1046d75a57ad84f8,1046d75a57ad84f8,real,real,stable_diffusion_v_1_4,train,train,1
105cde710d9070e0,105cde710d9070e0,real,real,stable_diffusion_v_1_4,test,test,0
106325927263b079,106325927263b079,real,real,stable_diffusion_v_1_4,train,train,0
109136d48e01d6c6,109136d48e01d6c6,fake,adm,ADM,train,train,0
10d8a31a0e9f88b5,10d8a31a0e9f88b5,fake,adm,ADM,train,train,1
10dbf564e458cb1b,10dbf564e458cb1b,fake,adm,ADM,train,train,0
10eb37a5940a301e,10eb37a5940a301e,fake,sd_v1_4,stable_diffusion_v_1_4,train,unused,1
10f866efd84511ad,10f866efd84511ad,real,real,ADM,test,test,0
11068dfacf776b2b,11068dfacf776b2b,real,real,stable_diffusion_v_1_4,train,train,1
110922288368ec4f,110922288368ec4f,real,real,BigGAN,train,train,0
11260e69d4a5ee5f,11260e69d4a5ee5f,real,real,BigGAN,train,train,0
11385ba17305f78a,11385ba17305f78a,real,real,BigGAN,train,train,0
11421cfb0e8ff05c,11421cfb0e8ff05c,fake,adm,ADM,test,test,0
116610877c72f564,116610877c72f564,fake,sd_v1_4,stable_diffusion_v_1_4,test,test,0
117610f81583f087,117610f81583f087,fake,biggan,BigGAN,train,train,0
118a8708defa5ddc,118a8708defa5ddc,real,real,stable_diffusion_v_1_4,val,val,0
11a704fadb9f3b3b,11a704fadb9f3b3b,fake,biggan,BigGAN,train,train,0
11adf8841ad9ce5f,11adf8841ad9ce5f,real,real,stable_diffusion_v_1_4,train,train,0
11b2b5077ad20aa1,11b2b5077ad20aa1,real,real,BigGAN,train,train,0
11c011d101962962,11c011d101962962,fake,adm,ADM,train,train,0
11cd9a6302144e23,11cd9a6302144e23,real,real,ADM,val,val,0
11da72ee5851ec1c,11da72ee5851ec1c,real,real,BigGAN,test,test,0
11e0fda43d1a41b6,11e0fda43d1a41b6,real,real,stable_diffusion_v_1_4,train,train,1
11f07969678bf2be,11f07969678bf2be,real,real,BigGAN,train,train,0
120258ca41215ed5,120258ca41215ed5,fake,biggan,BigGAN,train,train,0
121bdfe0b63f52a5,121bdfe0b63f52a5,fake,adm,ADM,test,test,0
121d91ad0eb0a106,121d91ad0eb0a106,fake,sd_v1_4,stable_diffusion_v_1_4,val,unused,0
1223eb9d9ff2b508,1223eb9d9ff2b508,fake,biggan,BigGAN,test,test,0
1225c42e0b5c6969,1225c42e0b5c6969,fake,biggan,BigGAN,val,val,0
12379b1105397d2a,12379b1105397d2a,real,real,BigGAN,test,test,0
124c55fd2fb6958a,124c55fd2fb6958a,real,real,ADM,train,train,0
125e716f59018194,125e716f59018194,fake,sd_v1_4,stable_diffusion_v_1_4,val,unused,0
126c985640390139,126c985640390139,real,real,BigGAN,train,train,0
126e93991acb4e1d,126e93991acb4e1d,fake,biggan,BigGAN,train,train,0
1297d184ac19676e,1297d184ac19676e,real,real,stable_diffusion_v_1_4,val,val,0
129c70476b2f8d2d,129c70476b2f8d2d,fake,adm,ADM,val,val,0
12c6149910b71734,12c6149910b71734,fake,biggan,BigGAN,train,train,0
12dcd7c6041330a6,12dcd7c6041330a6,fake,adm,ADM,train,train,0
130d742bbb1e6e67,130d742bbb1e6e67,fake,biggan,BigGAN,train,train,1
137eee92e8c797fa,137eee92e8c797fa,real,real,ADM,test,test,0
13998fe746c6082d,13998fe746c6082d,fake,sd_v1_4,stable_diffusion_v_1_4,train,unused,0
13d32d64571c6cec,13d32d64571c6cec,fake,adm,ADM,train,train,0
13d6741cc82ef734,13d6741cc82ef734,fake,adm,ADM,train,train,0
13dd748a433bb698,13dd748a433bb698,real,real,stable_diffusion_v_1_4,train,train,0
13e0af8aa7d61946,13e0af8aa7d61946,real,real,ADM,train,train,0
13f16e484ab8f723,13f16e484ab8f723,real,real,stable_diffusion_v_1_4,train,train,0
13f68126bf76a6db,13f68126bf76a6db,fake,biggan,BigGAN,test,test,0
1411741e286a8d3f,1411741e286a8d3f,fake,sd_v1_4,stable_diffusion_v_1_4,train,unused,0
14249188b7c92746,14249188b7c92746,real,real,stable_diffusion_v_1_4,val,val,0
1427bda2a3527aca,1427bda2a3527aca,fake,biggan,BigGAN,train,train,1
1428bb20f43218f5,1428bb20f43218f5,real,real,BigGAN,train,train,0
142fdcc70be66afd,142fdcc70be66afd,fake,sd_v1_4,stable_diffusion_v_1_4,train,unused,1
143a9870786c4e0b,143a9870786c4e0b,fake,adm,ADM,test,test,0
1442e90bdad79731,1442e90bdad79731,fake,adm,ADM,train,train,0
14468b281ab4aa5b,14468b281ab4aa5b,fake,biggan,BigGAN,val,val,0
145533f24943f4ed,145533f24943f4ed,real,real,BigGAN,train,train,0
1462f2253736ecc9,1462f2253736ecc9,fake,sd_v1_4,stable_diffusion_v_1_4,test,test,0
1467fead34327d36,1467fead34327d36,fake,sd_v1_4,stable_diffusion_v_1_4,val,unused,0
146dd6016adc58eb,146dd6016adc58eb,fake,biggan,BigGAN,train,train,1
14800e9437e9708d,14800e9437e9708d,real,real,ADM,train,train,0
14881a222583e17f,14881a222583e17f,fake,adm,ADM,train,train,0
148f89b4e9cf1882,148f89b4e9cf1882,real,real,stable_diffusion_v_1_4,train,train,0
14a542d7f4924eec,14a542d7f4924eec,real,real,BigGAN,test,test,0
14f74e84d5322053,14f74e84d5322053,fake,adm,ADM,train,train,0
14f843fa2b4c89c9,14f843fa2b4c89c9,real,real,ADM,train,train,0
154bb3d002d3fc3e,154bb3d002d3fc3e,real,real,stable_diffusion_v_1_4,test,test,0
154f51bf6b0b1280,154f51bf6b0b1280,fake,adm,ADM,train,train,0
1576ef21cc150162,1576ef21cc150162,real,real,BigGAN,train,train,1
1597083d4d1f1a56,1597083d4d1f1a56,fake,biggan,BigGAN,train,train,0
15b1df488d9c640e,15b1df488d9c640e,fake,biggan,BigGAN,train,train,0
15be70d228ec98fe,15be70d228ec98fe,real,real,BigGAN,val,val,0
15c50cae831bc8cb,15c50cae831bc8cb,real,real,BigGAN,train,train,1
15cba204ed5bbce7,15cba204ed5bbce7,fake,biggan,BigGAN,train,train,1
15cda4a3cbcb553e,15cda4a3cbcb553e,fake,adm,ADM,train,train,0
15f38ffd1174da13,15f38ffd1174da13,real,real,BigGAN,val,val,0
1625509c7f5d5b04,1625509c7f5d5b04,fake,sd_v1_4,stable_diffusion_v_1_4,train,unused,0
1645eeda04674c13,1645eeda04674c13,fake,adm,ADM,test,test,1
16671c31d321aded,16671c31d321aded,real,real,ADM,test,test,0
1695a633a4afa336,1695a633a4afa336,fake,adm,ADM,train,train,0
169e290fc0f55657,169e290fc0f55657,fake,adm,ADM,train,train,0
16a85d8a97f85a85,16a85d8a97f85a85,fake,biggan,BigGAN,train,train,0
16d062698b8ae2f8,16d062698b8ae2f8,real,real,stable_diffusion_v_1_4,test,test,0
16eee954bb28d96b,16eee954bb28d96b,fake,adm,ADM,train,train,0
16fa25a4c6a8ea00,16fa25a4c6a8ea00,fake,sd_v1_4,stable_diffusion_v_1_4,train,unused,0
172f55816f63d3cc,172f55816f63d3cc,real,real,ADM,test,test,0
17450f2809901250,17450f2809901250,real,real,ADM,test,test,0
176a765b6ca1bc75,176a765b6ca1bc75,fake,biggan,BigGAN,train,train,0
178c88f6c0bdbed5,178c88f6c0bdbed5,fake,adm,ADM,train,train,0
178c95d9f09f4943,178c95d9f09f4943,real,real,ADM,test,test,0
178d03bae46e446c,178d03bae46e446c,fake,biggan,BigGAN,train,train,0
1790914e62100561,1790914e62100561,fake,biggan,BigGAN,val,val,0
17cecc73fba8b239,17cecc73fba8b239,fake,sd_v1_4,stable_diffusion_v_1_4,train,unused,0
17fe82f6cff4e9ff,17fe82f6cff4e9ff,fake,adm,ADM,train,train,0
180091ed91d68412,180091ed91d68412,fake,adm,ADM,train,train,0
1802fedabb3e1e19,1802fedabb3e1e19,fake,adm,ADM,train,train,0
182e178b30435aeb,182e178b30435aeb,fake,adm,ADM,train,train,0
183a6d7728bfb26b,183a6d7728bfb26b,fake,biggan,BigGAN,train,train,0
1853556cf302aca5,1853556cf302aca5,real,real,BigGAN,train,train,0
1856c04b07b8bdb5,1856c04b07b8bdb5,fake,sd_v1_4,stable_diffusion_v_1_4,val,unused,1
1858cfe9f96550f8,1858cfe9f96550f8,real,real,BigGAN,train,train,1
186c527a950a4648,186c527a950a4648,real,real,BigGAN,val,val,0
18774a7db696898c,18774a7db696898c,real,real,stable_diffusion_v_1_4,train,train,0
18a60c24cf5cb2c1,18a60c24cf5cb2c1,fake,adm,ADM,train,train,0
18a67db7c9ba2f8c,18a67db7c9ba2f8c,real,real,ADM,train,train,1
18caed9f066de2d9,18caed9f066de2d9,fake,biggan,BigGAN,train,train,0
18cb17b1c261ba08,18cb17b1c261ba08,real,real,BigGAN,train,train,0
18d5b7b8731d5306,18d5b7b8731d5306,real,real,stable_diffusion_v_1_4,test,test,0
18e1f2f444ef3f23,18e1f2f444ef3f23,fake,adm,ADM,val,val,0
1902c5283f800722,1902c5283f800722,fake,sd_v1_4,stable_diffusion_v_1_4,train,unused,0
19248f62cd110f17,19248f62cd110f17,real,real,ADM,train,train,1
1927911e78f8e2cf,1927911e78f8e2cf,fake,adm,ADM,val,val,0
194c71210060fd47,194c71210060fd47,real,real,ADM,train,train,0
1950514944f74147,1950514944f74147,fake,adm,ADM,train,train,0
19681ab0f488b0ee,19681ab0f488b0ee,real,real,stable_diffusion_v_1_4,train,train,0
196aef878c12675d,196aef878c12675d,fake,sd_v1_4,stable_diffusion_v_1_4,train,unused,1
1976a800be8524ed,1976a800be8524ed,fake,adm,ADM,val,val,0
197f507ffcd8b31f,197f507ffcd8b31f,real,real,stable_diffusion_v_1_4,train,train,0
198ea1de74b35edd,198ea1de74b35edd,fake,adm,ADM,train,train,0
19de9e9eb8375687,19de9e9eb8375687,real,real,ADM,val,val,0
19e89c2680ae01e9,19e89c2680ae01e9,fake,adm,ADM,train,train,0
1a1da986c91b1c61,1a1da986c91b1c61,real,real,BigGAN,train,train,0
1a2953bf197ac5e9,1a2953bf197ac5e9,real,real,ADM,val,val,1
1a2c8b30b56a63ce,1a2c8b30b56a63ce,real,real,ADM,test,test,0
1a4adf58a1e74d08,1a4adf58a1e74d08,real,real,stable_diffusion_v_1_4,train,train,0
1a537690873ef899,1a537690873ef899,real,real,stable_diffusion_v_1_4,train,train,0
1a5ccb9731222d43,1a5ccb9731222d43,fake,adm,ADM,test,test,0
1a69125b079b20ad,1a69125b079b20ad,fake,adm,ADM,val,val,0
1a7022b2e8b6e0db,1a7022b2e8b6e0db,real,real,stable_diffusion_v_1_4,train,train,1
1a7b2807a4b5b53f,1a7b2807a4b5b53f,fake,biggan,BigGAN,test,test,0
1a8c0e8dc39e751c,1a8c0e8dc39e751c,fake,adm,ADM,train,train,0
1a8eb95b26e76e81,1a8eb95b26e76e81,real,real,BigGAN,train,train,0
1ac1b254222df4ae,1ac1b254222df4ae,fake,biggan,BigGAN,train,train,0
1ace22dd5c3b96ae,1ace22dd5c3b96ae,fake,biggan,BigGAN,train,train,0
1acf6b05db884552,1acf6b05db884552,fake,biggan,BigGAN,val,val,0
1adf0349e9e88f10,1adf0349e9e88f10,real,real,ADM,train,train,0
1b1594466b2ad151,1b1594466b2ad151,real,real,ADM,val,val,0
1b531a1593a8ab80,1b531a1593a8ab80,real,real,BigGAN,train,train,0
1b68370299c35293,1b68370299c35293,fake,sd_v1_4,stable_diffusion_v_1_4,train,unused,0
1b843170f6a55045,1b843170f6a55045,fake,sd_v1_4,stable_diffusion_v_1_4,train,unused,0
1b8e015a6bb2ba19,1b8e015a6bb2ba19,fake,biggan,BigGAN,train,train,0
1b934d1066c8373c,1b934d1066c8373c,fake,adm,ADM,test,test,0
1b9a433e18bd1020,1b9a433e18bd1020,real,real,ADM,val,val,0
1baadf31ff524ab4,1baadf31ff524ab4,fake,biggan,BigGAN,val,val,0
1bbb2709c73e3620,1bbb2709c73e3620,fake,adm,ADM,val,val,0
1be159a7e385ecdb,1be159a7e385ecdb,fake,biggan,BigGAN,test,test,0
1c1afcffa40fd288,1c1afcffa40fd288,fake,biggan,BigGAN,train,train,0
1c1d76736e849b6b,1c1d76736e849b6b,fake,adm,ADM,test,test,0
1c430510c06a47c8,1c430510c06a47c8,real,real,BigGAN,train,train,0
1c4d327049bb8193,1c4d327049bb8193,fake,adm,ADM,train,train,1
1c4f352a42ddaa4f,1c4f352a42ddaa4f,fake,adm,ADM,val,val,0
1c73202e3199c596,1c73202e3199c596,real,real,ADM,train,train,0
1c7e425a4ff5b072,1c7e425a4ff5b072,fake,sd_v1_4,stable_diffusion_v_1_4,train,unused,1
1c7f5d88529b591d,1c7f5d88529b591d,fake,biggan,BigGAN,train,train,0
1cba02507d33bc93,1cba02507d33bc93,fake,biggan,BigGAN,test,test,0
1cd813a48b640c16,1cd813a48b640c16,fake,sd_v1_4,stable_diffusion_v_1_4,train,unused,0
1cda69ddefae412f,1cda69ddefae412f,real,real,stable_diffusion_v_1_4,val,val,0
1ce2172a9762da99,1ce2172a9762da99,real,real,ADM,train,train,0
1cfd8f84cf79bf44,1cfd8f84cf79bf44,real,real,BigGAN,val,val,0
1d05f421aac75b2c,1d05f421aac75b2c,fake,adm,ADM,test,test,0
1d167a22e9d4980e,1d167a22e9d4980e,real,real,stable_diffusion_v_1_4,train,train,0
1d18cc17333d15b6,1d18cc17333d15b6,fake,sd_v1_4,stable_diffusion_v_1_4,train,unused,0
1d29a47f182fa17d,1d29a47f182fa17d,fake,adm,ADM,val,val,0
1d302b8ad308715f,1d302b8ad308715f,fake,sd_v1_4,stable_diffusion_v_1_4,val,unused,0
1d452fa14a284d6a,1d452fa14a284d6a,real,real,BigGAN,train,train,0
1d51e164d88cad9c,1d51e164d88cad9c,real,real,stable_diffusion_v_1_4,val,val,0
1d5a8422f60ecb23,1d5a8422f60ecb23,fake,biggan,BigGAN,train,train,0
1d94bc71f09b7f23,1d94bc71f09b7f23,real,real,ADM,train,train,0
1d97cff30d98503e,1d97cff30d98503e,fake,sd_v1_4,stable_diffusion_v_1_4,val,unused,0
1db13f96fdc16bf4,1db13f96fdc16bf4,fake,adm,ADM,val,val,0
1dbd25a6f67836ea,1dbd25a6f67836ea,real,real,stable_diffusion_v_1_4,train,train,1
1dd61ac6b5fc8724,1dd61ac6b5fc8724,real,real,stable_diffusion_v_1_4,train,train,0
1ddbde5f9d2acc2a,1ddbde5f9d2acc2a,fake,sd_v1_4,stable_diffusion_v_1_4,train,unused,1
1ddf4d23223ead05,1ddf4d23223ead05,fake,sd_v1_4,stable_diffusion_v_1_4,train,unused,0
1de1d04349b8997e,1de1d04349b8997e,fake,adm,ADM,train,train,0
1de56f218aa7e7e2,1de56f218aa7e7e2,real,real,stable_diffusion_v_1_4,test,test,0
1df7f40fbcf8e8c4,1df7f40fbcf8e8c4,real,real,BigGAN,test,test,0
1e190bd929c1dfce,1e190bd929c1dfce,real,real,ADM,test,test,0
1e2f137d43d0e24f,1e2f137d43d0e24f,fake,adm,ADM,test,test,0
1e39c26854bd84bc,1e39c26854bd84bc,fake,sd_v1_4,stable_diffusion_v_1_4,train,unused,0
1e555ea347c97457,1e555ea347c97457,real,real,BigGAN,train,train,0
1e64438ee8a993f7,1e64438ee8a993f7,real,real,BigGAN,train,train,0
1e651e7ea916c10a,1e651e7ea916c10a,fake,adm,ADM,test,test,0
1e92891e2553a601,1e92891e2553a601,fake,biggan,BigGAN,test,test,0
1e98ec99fdbc7b4b,1e98ec99fdbc7b4b,fake,biggan,BigGAN,train,train,0
1eeb6c170419c2f4,1eeb6c170419c2f4,real,real,ADM,train,train,0
1f00af1743cae80c,1f00af1743cae80c,real,real,BigGAN,train,train,0
1f0d29280820f3c4,1f0d29280820f3c4,real,real,ADM,test,test,0
1f38d7f71f009250,1f38d7f71f009250,fake,sd_v1_4,stable_diffusion_v_1_4,train,unused,1
1f44017280e90283,1f44017280e90283,fake,adm,ADM,train,train,0
1f55bd6456eb9ae7,1f55bd6456eb9ae7,fake,sd_v1_4,stable_diffusion_v_1_4,train,unused,0
1f97ed70bc4a2eb9,1f97ed70bc4a2eb9,fake,adm,ADM,train,train,0
1faf545fb293c39a,1faf545fb293c39a,fake,adm,ADM,train,train,0
1fbca35de7ef0bc6,1fbca35de7ef0bc6,fake,sd_v1_4,stable_diffusion_v_1_4,test,test,0
1fca6319ddc917dd,1fca6319ddc917dd,fake,adm,ADM,train,train,0
1fe0be4db94b8c52,1fe0be4db94b8c52,fake,adm,ADM,val,val,0
1ff61615383ddc68,1ff61615383ddc68,fake,sd_v1_4,stable_diffusion_v_1_4,train,unused,0
1ffbe72a30adca8e,1ffbe72a30adca8e,real,real,stable_diffusion_v_1_4,test,test,1
1ffc90db12678880,1ffc90db12678880,real,real,stable_diffusion_v_1_4,val,val,0
200133b5eeb28fb7,200133b5eeb28fb7,real,real,stable_diffusion_v_1_4,test,test,1
2020cd1ae431b07e,2020cd1ae431b07e,fake,adm,ADM,test,test,0
205fc52bd5fa8f05,205fc52bd5fa8f05,fake,adm,ADM,train,train,1
206606ba6a8fbc2c,206606ba6a8fbc2c,fake,adm,ADM,train,train,0
20991cc1faa70bec,20991cc1faa70bec,real,real,BigGAN,val,val,0
209c13f87150e1da,209c13f87150e1da,real,real,ADM,val,val,0
20bfa2d463a308d9,20bfa2d463a308d9,real,real,BigGAN,train,train,0
20c2517d49d3bf78,20c2517d49d3bf78,fake,biggan,BigGAN,train,train,0
20cf052b655e0ccf,20cf052b655e0ccf,real,real,stable_diffusion_v_1_4,test,test,0
20e0de14977bcca9,20e0de14977bcca9,real,real,BigGAN,val,val,0
20f9c54929546098,20f9c54929546098,fake,sd_v1_4,stable_diffusion_v_1_4,train,unused,0
210448f3d7140799,210448f3d7140799,fake,adm,ADM,val,val,0
210d5573405024c7,210d5573405024c7,real,real,ADM,val,val,0
212bda7a0db8f6bc,212bda7a0db8f6bc,fake,sd_v1_4,stable_diffusion_v_1_4,val,unused,0
214c3ec389fa1976,214c3ec389fa1976,real,real,ADM,val,val,0
21557a5930673e21,21557a5930673e21,fake,sd_v1_4,stable_diffusion_v_1_4,train,unused,0
215d6d0a53a7debe,215d6d0a53a7debe,fake,sd_v1_4,stable_diffusion_v_1_4,train,unused,0
2169cd14a785e36f,2169cd14a785e36f,real,real,BigGAN,train,train,0
216a7ce551aa63c8,216a7ce551aa63c8,real,real,ADM,train,train,0
2185c53c575c39cf,2185c53c575c39cf,fake,biggan,BigGAN,train,train,1
2192682f08771a2d,2192682f08771a2d,real,real,ADM,train,train,0
21983d30a995368d,21983d30a995368d,real,real,BigGAN,val,val,0
219e82482400bd53,219e82482400bd53,fake,sd_v1_4,stable_diffusion_v_1_4,train,unused,1
219f844a86a809da,219f844a86a809da,fake,adm,ADM,val,val,0
21da044dd8565590,21da044dd8565590,real,real,stable_diffusion_v_1_4,val,val,0
21eb9666161960ec,21eb9666161960ec,fake,adm,ADM,train,train,0
21f00fe8dac7108a,21f00fe8dac7108a,real,real,stable_diffusion_v_1_4,val,val,0
21faecac41be3374,21faecac41be3374,fake,biggan,BigGAN,train,train,0
21fb1e2c230fe369,21fb1e2c230fe369,fake,biggan,BigGAN,train,train,0
21ff1ec07ee3d91a,21ff1ec07ee3d91a,real,real,stable_diffusion_v_1_4,train,train,0
22253ff9553b4e51,22253ff9553b4e51,real,real,BigGAN,train,train,0
2232c44c500aa9a1,2232c44c500aa9a1,real,real,stable_diffusion_v_1_4,val,val,0
225248344be66506,225248344be66506,real,real,stable_diffusion_v_1_4,train,train,0
22548d02fbe9c650,22548d02fbe9c650,real,real,ADM,val,val,0
225c80af9c688266,225c80af9c688266,fake,sd_v1_4,stable_diffusion_v_1_4,train,unused,0
2290d5313bb1e23c,2290d5313bb1e23c,fake,adm,ADM,val,val,0
22a30395923ea500,22a30395923ea500,fake,sd_v1_4,stable_diffusion_v_1_4,val,unused,0
22e747e7e3d94d90,22e747e7e3d94d90,fake,adm,ADM,train,train,1
23019b6d0c8d3b78,23019b6d0c8d3b78,real,real,ADM,test,test,0
2306705b1ba23049,2306705b1ba23049,fake,adm,ADM,train,train,0
231079f3b3da47f4,231079f3b3da47f4,fake,adm,ADM,test,test,0
2322fe1a3d5dc20e,2322fe1a3d5dc20e,real,real,BigGAN,test,test,0
2328e22dc7635af5,2328e22dc7635af5,real,real,BigGAN,test,test,0
232c1c2142a7e29f,232c1c2142a7e29f,fake,adm,ADM,test,test,0
232fa5bfc7502921,232fa5bfc7502921,real,real,ADM,val,val,0
2367162c3ddb07be,2367162c3ddb07be,fake,sd_v1_4,stable_diffusion_v_1_4,train,unused,0
23725419162202a2,23725419162202a2,fake,adm,ADM,val,val,0
23769ac9f83c816e,23769ac9f83c816e,real,real,stable_diffusion_v_1_4,test,test,0
2378893d795cfb94,2378893d795cfb94,real,real,stable_diffusion_v_1_4,train,train,0
237bad4d19474516,237bad4d19474516,real,real,stable_diffusion_v_1_4,train,train,0
23921720650194a4,23921720650194a4,real,real,ADM,train,train,0
23c61e8b3033db0a,23c61e8b3033db0a,real,real,ADM,train,train,0
23dff1befce5f368,23dff1befce5f368,fake,sd_v1_4,stable_diffusion_v_1_4,train,unused,1
24002eef590218b0,24002eef590218b0,fake,biggan,BigGAN,train,train,1
245a2f6901800074,245a2f6901800074,real,real,BigGAN,test,test,0
246695442ce8c3de,246695442ce8c3de,real,real,stable_diffusion_v_1_4,train,train,0
2480e60190916891,2480e60190916891,fake,biggan,BigGAN,val,val,0
2493cacf0952bc49,2493cacf0952bc49,real,real,BigGAN,train,train,0
24b714482aca186a,24b714482aca186a,fake,biggan,BigGAN,val,val,0
24bf11c231f2f70b,24bf11c231f2f70b,fake,biggan,BigGAN,test,test,0
24cb9c4cbb3b7c90,24cb9c4cbb3b7c90,fake,biggan,BigGAN,train,train,0
24d70bd4659a9df6,24d70bd4659a9df6,real,real,BigGAN,val,val,0
24de9855a3480fd1,24de9855a3480fd1,fake,sd_v1_4,stable_diffusion_v_1_4,train,unused,0
25220e853c358b33,25220e853c358b33,fake,adm,ADM,train,train,0
25328a7904749572,25328a7904749572,fake,adm,ADM,train,train,1
25420094e0aed152,25420094e0aed152,real,real,stable_diffusion_v_1_4,val,val,1
254ec9946265e53c,254ec9946265e53c,fake,adm,ADM,train,train,0
257892d56fb2abb0,257892d56fb2abb0,fake,sd_v1_4,stable_diffusion_v_1_4,train,unused,0
25917adc01d8972c,25917adc01d8972c,real,real,ADM,train,train,0
25a5a26dbe7c9269,25a5a26dbe7c9269,real,real,ADM,val,val,1
25aac53979474f51,25aac53979474f51,fake,sd_v1_4,stable_diffusion_v_1_4,train,unused,0
25b9cb3c50da7876,25b9cb3c50da7876,real,real,ADM,train,train,0
25e3c66915f76efd,25e3c66915f76efd,real,real,stable_diffusion_v_1_4,train,train,0
25e5c4bb553b90d2,25e5c4bb553b90d2,real,real,ADM,train,train,0
25ff047cb6c66178,25ff047cb6c66178,fake,biggan,BigGAN,test,test,0
260dcfd71ccb1311,260dcfd71ccb1311,fake,sd_v1_4,stable_diffusion_v_1_4,test,test,1
262e6f1211d81c83,262e6f1211d81c83,fake,biggan,BigGAN,train,train,0
263b2c02fd4a5311,263b2c02fd4a5311,real,real,ADM,train,train,0
26437ef947a21249,26437ef947a21249,real,real,ADM,train,train,0
2649aa429918fdb5,2649aa429918fdb5,fake,biggan,BigGAN,train,train,0
26623a191bc7bb47,26623a191bc7bb47,fake,sd_v1_4,stable_diffusion_v_1_4,test,test,0
266f52ad811aa3f8,266f52ad811aa3f8,fake,sd_v1_4,stable_diffusion_v_1_4,train,unused,0
2675932690971782,2675932690971782,fake,sd_v1_4,stable_diffusion_v_1_4,train,unused,1
267e30d9f577fecc,267e30d9f577fecc,real,real,ADM,test,test,0
269ab9fdba972746,269ab9fdba972746,real,real,ADM,train,train,0
26b62fd8e08bcb55,26b62fd8e08bcb55,fake,sd_v1_4,stable_diffusion_v_1_4,train,unused,0
26c0342082030f5a,26c0342082030f5a,real,real,ADM,train,train,0
26cdc11711978896,26cdc11711978896,real,real,BigGAN,train,train,0
26ce85b34d5684f9,26ce85b34d5684f9,fake,sd_v1_4,stable_diffusion_v_1_4,train,unused,0
2710ece419d0b6ab,2710ece419d0b6ab,real,real,stable_diffusion_v_1_4,val,val,1
2718b4aead55bb47,2718b4aead55bb47,fake,adm,ADM,val,val,0
2732af4da4190dec,2732af4da4190dec,real,real,BigGAN,test,test,1
27434e8793fd83a3,27434e8793fd83a3,fake,adm,ADM,val,val,0
276047101d0b5045,276047101d0b5045,fake,sd_v1_4,stable_diffusion_v_1_4,test,test,0
2760552384521854,2760552384521854,real,real,BigGAN,val,val,0
27aff527383a7b33,27aff527383a7b33,real,real,stable_diffusion_v_1_4,train,train,0
27cb2aeb96e02324,27cb2aeb96e02324,real,real,BigGAN,test,test,0
27db572077f48ee7,27db572077f48ee7,fake,biggan,BigGAN,train,train,0
27dd47521a94a532,27dd47521a94a532,fake,sd_v1_4,stable_diffusion_v_1_4,val,unused,0
27e1b679540d2dd2,27e1b679540d2dd2,fake,sd_v1_4,stable_diffusion_v_1_4,test,test,0
2816ef9fa73333ff,2816ef9fa73333ff,fake,sd_v1_4,stable_diffusion_v_1_4,train,unused,1
283a283cc40e136c,283a283cc40e136c,real,real,BigGAN,train,train,0
28484f524f21d08b,28484f524f21d08b,real,real,BigGAN,train,train,0
284e6c780bcaf8a4,284e6c780bcaf8a4,real,real,ADM,test,test,0
2855afc83ab9ed85,2855afc83ab9ed85,fake,sd_v1_4,stable_diffusion_v_1_4,test,test,0
2879b2a1ba506919,2879b2a1ba506919,fake,adm,ADM,train,train,0
2886ee16c074b4a0,2886ee16c074b4a0,real,real,stable_diffusion_v_1_4,train,train,0
28998884ca02b0ff,28998884ca02b0ff,real,real,stable_diffusion_v_1_4,test,test,0
28ad6e8d9f0deebd,28ad6e8d9f0deebd,fake,biggan,BigGAN,train,train,0
28e1ec4cf35b1ecf,28e1ec4cf35b1ecf,fake,adm,ADM,train,train,0
28e822a371abb15e,28e822a371abb15e,fake,biggan,BigGAN,val,val,0
2916c3a0475300eb,2916c3a0475300eb,real,real,stable_diffusion_v_1_4,val,val,0
2928726745dbc64c,2928726745dbc64c,fake,biggan,BigGAN,test,test,0
2937e72ccfe6bf1a,2937e72ccfe6bf1a,fake,adm,ADM,test,test,0
294b354b09ee29b3,294b354b09ee29b3,fake,sd_v1_4,stable_diffusion_v_1_4,train,unused,0
294b74621ac9e64c,294b74621ac9e64c,fake,biggan,BigGAN,test,test,0
2962a3e02183c8c2,2962a3e02183c8c2,real,real,ADM,train,train,1
29b899df67ba938c,29b899df67ba938c,real,real,stable_diffusion_v_1_4,train,train,1
29e519a677477e24,29e519a677477e24,fake,adm,ADM,train,train,0
2a220676b1847be4,2a220676b1847be4,fake,sd_v1_4,stable_diffusion_v_1_4,val,unused,0
2a39697050bc9a2d,2a39697050bc9a2d,fake,sd_v1_4,stable_diffusion_v_1_4,train,unused,0
2a67a82a3abf3f53,2a67a82a3abf3f53,fake,biggan,BigGAN,val,val,0
2a6d4b92b5d24504,2a6d4b92b5d24504,real,real,ADM,train,train,0
2a7f3be63f8c3a2f,2a7f3be63f8c3a2f,real,real,ADM,train,train,0
2a8f9fa4fb4b2350,2a8f9fa4fb4b2350,fake,biggan,BigGAN,val,val,1
2aa4c40cd0a16a74,2aa4c40cd0a16a74,real,real,BigGAN,test,test,1
2ab9e6ea05c96d85,2ab9e6ea05c96d85,fake,biggan,BigGAN,train,train,0
2ade42321b10a82a,2ade42321b10a82a,real,real,ADM,val,val,0
2af143e3e9ee7e45,2af143e3e9ee7e45,real,real,stable_diffusion_v_1_4,train,train,0
2b15b5974be7f96a,2b15b5974be7f96a,fake,sd_v1_4,stable_diffusion_v_1_4,test,test,0
2b1bcf1bbfca0060,2b1bcf1bbfca0060,fake,adm,ADM,train,train,0
2b1e97295489a403,2b1e97295489a403,real,real,BigGAN,train,train,0
2b270c4d79690b85,2b270c4d79690b85,fake,adm,ADM,test,test,0
2b4be0c781825051,2b4be0c781825051,fake,sd_v1_4,stable_diffusion_v_1_4,test,test,0
2b5b92b0847d08d5,2b5b92b0847d08d5,fake,adm,ADM,val,val,0
2be2eddfcdaff85c,2be2eddfcdaff85c,real,real,BigGAN,train,train,0
2bfdce47c5d2220c,2bfdce47c5d2220c,fake,adm,ADM,val,val,1
2c1062bce7a45c27,2c1062bce7a45c27,real,real,BigGAN,train,train,0
2c22b7b4894d5e3f,2c22b7b4894d5e3f,fake,adm,ADM,train,train,0
2c4c680485b20280,2c4c680485b20280,fake,biggan,BigGAN,test,test,0
2c5b9262e6028af1,2c5b9262e6028af1,real,real,BigGAN,train,train,0
2c80d77591bd9c60,2c80d77591bd9c60,fake,biggan,BigGAN,train,train,0
2c9f43e140713d82,2c9f43e140713d82,real,real,ADM,train,train,0
2cc354e3900bfa4b,2cc354e3900bfa4b,fake,sd_v1_4,stable_diffusion_v_1_4,train,unused,0
2cc3bd759cd18dcd,2cc3bd759cd18dcd,real,real,BigGAN,train,train,0
2ce9dcf339aaf23d,2ce9dcf339aaf23d,real,real,BigGAN,test,test,0
2ced7fe350c01ce2,2ced7fe350c01ce2,real,real,BigGAN,train,train,0
2d034ee4a6f125a2,2d034ee4a6f125a2,fake,adm,ADM,train,train,0
2d4b83ad19ca7456,2d4b83ad19ca7456,fake,adm,ADM,train,train,0
2d4ef83969e2637e,2d4ef83969e2637e,real,real,ADM,val,val,1
2d588b553e650313,2d588b553e650313,real,real,stable_diffusion_v_1_4,train,train,0
2d6990cbd11e1280,2d6990cbd11e1280,real,real,BigGAN,train,train,0
2d6f6eb5fe88a7e5,2d6f6eb5fe88a7e5,fake,biggan,BigGAN,test,test,1
2daf066eb035d9d8,2daf066eb035d9d8,fake,sd_v1_4,stable_diffusion_v_1_4,train,unused,1
2db640976003c5e1,2db640976003c5e1,real,real,ADM,train,train,0
2de0f8bfb0a8743a,2de0f8bfb0a8743a,real,real,stable_diffusion_v_1_4,train,train,0
2e1c146883ca23e3,2e1c146883ca23e3,real,real,BigGAN,train,train,0
2e47fb0a5c33b227,2e47fb0a5c33b227,fake,sd_v1_4,stable_diffusion_v_1_4,test,test,0
2e6a75418523851b,2e6a75418523851b,fake,adm,ADM,val,val,0
2e76632eac0bbbd8,2e76632eac0bbbd8,real,real,ADM,val,val,0
2ea29343aacdf7a6,2ea29343aacdf7a6,real,real,ADM,val,val,0
2eb1e7ca557aa260,2eb1e7ca557aa260,fake,biggan,BigGAN,test,test,0
2eb1f830d633192c,2eb1f830d633192c,fake,biggan,BigGAN,val,val,0
2ebbbef1684e9fc8,2ebbbef1684e9fc8,real,real,ADM,test,test,0
2ecf843346b8d097,2ecf843346b8d097,fake,biggan,BigGAN,train,train,0
2ed6238f902c4b68,2ed6238f902c4b68,real,real,ADM,train,train,0
2f180f7eb6861bad,2f180f7eb6861bad,fake,biggan,BigGAN,train,train,0
2f2db9044ef07a31,2f2db9044ef07a31,real,real,stable_diffusion_v_1_4,test,test,1
2f6b74bc834d4a9b,2f6b74bc834d4a9b,real,real,BigGAN,train,train,0
2f78c210b2713c69,2f78c210b2713c69,fake,sd_v1_4,stable_diffusion_v_1_4,train,unused,0
2f7b0b43e7815e19,2f7b0b43e7815e19,real,real,BigGAN,test,test,0
2fb1780e5badb52a,2fb1780e5badb52a,real,real,BigGAN,train,train,0
2fb288313865bf8f,2fb288313865bf8f,real,real,stable_diffusion_v_1_4,train,train,1
2fdee4ff2f15a7fc,2fdee4ff2f15a7fc,real,real,stable_diffusion_v_1_4,train,train,0
2ffd33de9920b7a6,2ffd33de9920b7a6,fake,biggan,BigGAN,train,train,0
3000f6ab02065b41,3000f6ab02065b41,real,real,BigGAN,train,train,0
3002192e81fd6518,3002192e81fd6518,real,real,ADM,val,val,0
3024d7bf74cef630,3024d7bf74cef630,fake,biggan,BigGAN,test,test,0
302f17ca977c31e0,302f17ca977c31e0,real,real,BigGAN,train,train,0
30836f65e230883d,30836f65e230883d,fake,sd_v1_4,stable_diffusion_v_1_4,train,unused,0
308ae39530f32dcd,308ae39530f32dcd,fake,adm,ADM,train,train,0
308f6b837aca3f7e,308f6b837aca3f7e,real,real,ADM,train,train,0
30b7f7b29f564a93,30b7f7b29f564a93,real,real,BigGAN,test,test,0
30e6b2244ab272d9,30e6b2244ab272d9,fake,adm,ADM,train,train,0
30f09da1ea6acf66,30f09da1ea6acf66,real,real,BigGAN,test,test,0
311ad76c28c65af4,311ad76c28c65af4,real,real,ADM,train,train,0
3135c081dfad2826,3135c081dfad2826,real,real,stable_diffusion_v_1_4,val,val,0
31383348a9bf36d0,31383348a9bf36d0,real,real,BigGAN,train,train,0
313ad2ac0ea59e15,313ad2ac0ea59e15,real,real,ADM,train,train,1
314a9707c050c752,314a9707c050c752,real,real,ADM,test,test,0
3160dd8e7c1b1f7c,3160dd8e7c1b1f7c,fake,adm,ADM,train,train,0
31a8e2fd55bab5ba,31a8e2fd55bab5ba,fake,adm,ADM,train,train,1
31ce23c47c968e94,31ce23c47c968e94,real,real,stable_diffusion_v_1_4,train,train,0
31d0618e4bcbcf59,31d0618e4bcbcf59,real,real,ADM,train,train,0
31e2b1d7160437b5,31e2b1d7160437b5,real,real,stable_diffusion_v_1_4,train,train,0
32210b309f742aee,32210b309f742aee,fake,sd_v1_4,stable_diffusion_v_1_4,val,unused,0
32335573962eba3d,32335573962eba3d,fake,adm,ADM,train,train,0
324d503cd8b83827,324d503cd8b83827,real,real,stable_diffusion_v_1_4,train,train,0
3250c17503bc76fa,3250c17503bc76fa,real,real,BigGAN,val,val,0
3259e6372b5b0016,3259e6372b5b0016,real,real,stable_diffusion_v_1_4,test,test,0
325ffb0ea206a754,325ffb0ea206a754,real,real,ADM,test,test,0
32772f402a320b1c,32772f402a320b1c,real,real,stable_diffusion_v_1_4,train,train,0
3277ed9ce30c8d10,3277ed9ce30c8d10,fake,biggan,BigGAN,test,test,0
32b960de7e7ee20d,32b960de7e7ee20d,real,real,stable_diffusion_v_1_4,test,test,0
32da600067988c0a,32da600067988c0a,real,real,ADM,train,train,0
331e110b9ebc9d2f,331e110b9ebc9d2f,fake,biggan,BigGAN,train,train,0
332d37c780d94552,332d37c780d94552,real,real,stable_diffusion_v_1_4,train,train,0
3334e6ec91498c74,3334e6ec91498c74,real,real,stable_diffusion_v_1_4,train,train,0
334754c07245b0d6,334754c07245b0d6,real,real,ADM,train,train,0
334e22a44392825a,334e22a44392825a,fake,sd_v1_4,stable_diffusion_v_1_4,test,test,0
33520b1937f45f18,33520b1937f45f18,fake,biggan,BigGAN,train,train,0
335505b8521dca63,335505b8521dca63,fake,biggan,BigGAN,train,train,1
335d20f9f9f819f6,335d20f9f9f819f6,fake,biggan,BigGAN,train,train,0
336f0e9666c324ab,336f0e9666c324ab,fake,adm,ADM,test,test,0
337cbc48934f8435,337cbc48934f8435,real,real,BigGAN,val,val,0
3390e34b89059a3d,3390e34b89059a3d,fake,adm,ADM,test,test,0
33a134474f31816b,33a134474f31816b,fake,sd_v1_4,stable_diffusion_v_1_4,val,unused,0
33bde74ce9a3b463,33bde74ce9a3b463,real,real,stable_diffusion_v_1_4,test,test,0
3411b5c36aa415a6,3411b5c36aa415a6,real,real,stable_diffusion_v_1_4,train,train,0
342ab17ec48a297a,342ab17ec48a297a,fake,sd_v1_4,stable_diffusion_v_1_4,test,test,0
342e2f85820cd0dd,342e2f85820cd0dd,real,real,stable_diffusion_v_1_4,train,train,1
343ad0fc0efa83c2,343ad0fc0efa83c2,real,real,stable_diffusion_v_1_4,val,val,0
344133f05ecbdc5f,344133f05ecbdc5f,fake,biggan,BigGAN,val,val,0
34453963f528e6ca,34453963f528e6ca,fake,adm,ADM,test,test,0
345c760a90d1de80,345c760a90d1de80,real,real,stable_diffusion_v_1_4,train,train,0
34644595e5aba7ec,34644595e5aba7ec,fake,biggan,BigGAN,val,val,0
34a59b2eac406d44,34a59b2eac406d44,real,real,ADM,train,train,0
34baa0eefb6625ed,34baa0eefb6625ed,fake,biggan,BigGAN,test,test,0
34e45f5c8e790b3a,34e45f5c8e790b3a,fake,biggan,BigGAN,test,test,1
35115a2fd828f0db,35115a2fd828f0db,fake,biggan,BigGAN,train,train,0
351355779145a47f,351355779145a47f,real,real,BigGAN,train,train,0
3513c599b987ff1e,3513c599b987ff1e,real,real,ADM,val,val,0
3541a1506de87bd7,3541a1506de87bd7,fake,biggan,BigGAN,test,test,0
3544ffe711e11100,3544ffe711e11100,real,real,BigGAN,train,train,0
3545b221e3f5fd62,3545b221e3f5fd62,fake,sd_v1_4,stable_diffusion_v_1_4,test,test,0
35643ceec542c69e,35643ceec542c69e,real,real,BigGAN,train,train,0
3593de4c9adad927,3593de4c9adad927,real,real,BigGAN,train,train,0
35b8fb616042e78a,35b8fb616042e78a,real,real,stable_diffusion_v_1_4,train,train,0
35bcaff10fb84c97,35bcaff10fb84c97,real,real,BigGAN,val,val,0
35e8f826f9176ab2,35e8f826f9176ab2,fake,biggan,BigGAN,val,val,1
35e90289b319fe93,35e90289b319fe93,real,real,BigGAN,val,val,1
360ddf663c0ac30c,360ddf663c0ac30c,real,real,BigGAN,train,train,0
360f84b5a83c0e51,360f84b5a83c0e51,fake,sd_v1_4,stable_diffusion_v_1_4,train,unused,1
362433fe6f61f9c7,362433fe6f61f9c7,fake,sd_v1_4,stable_diffusion_v_1_4,train,unused,1
3627a01b350380d4,3627a01b350380d4,real,real,BigGAN,train,train,0
363c74a741d84c0c,363c74a741d84c0c,fake,adm,ADM,val,val,0
363f1f797fd1ca35,363f1f797fd1ca35,fake,adm,ADM,train,train,0
365f762165cb6f49,365f762165cb6f49,real,real,BigGAN,val,val,0
368aac34ff0a00d6,368aac34ff0a00d6,real,real,stable_diffusion_v_1_4,train,train,0
3691e67119083624,3691e67119083624,real,real,BigGAN,test,test,0
36a302d808db927d,36a302d808db927d,real,real,ADM,val,val,0
36c513d933424c63,36c513d933424c63,real,real,ADM,train,train,0
370bc57f7c9b9230,370bc57f7c9b9230,fake,sd_v1_4,stable_diffusion_v_1_4,train,unused,0
37128cac8516fad1,37128cac8516fad1,real,real,stable_diffusion_v_1_4,test,test,0
373edf8b4cc78e68,373edf8b4cc78e68,real,real,BigGAN,train,train,0
3744bf6a12d47124,3744bf6a12d47124,real,real,stable_diffusion_v_1_4,train,train,0
37528fd2940faf18,37528fd2940faf18,fake,sd_v1_4,stable_diffusion_v_1_4,train,unused,0
376715fef3472047,376715fef3472047,fake,biggan,BigGAN,val,val,0
37960ac90da90502,37960ac90da90502,real,real,BigGAN,train,train,0
37a971fa58c7b3bf,37a971fa58c7b3bf,fake,adm,ADM,train,train,0
37b039518a0257fb,37b039518a0257fb,fake,biggan,BigGAN,test,test,0
37bde27eee081e5d,37bde27eee081e5d,real,real,ADM,train,train,0
37c82b7913e4d42a,37c82b7913e4d42a,fake,adm,ADM,train,train,0
37d25cb978e4a42e,37d25cb978e4a42e,real,real,BigGAN,train,train,0
37fe45033482ebcc,37fe45033482ebcc,fake,sd_v1_4,stable_diffusion_v_1_4,val,unused,0
3813e96654069c88,3813e96654069c88,fake,adm,ADM,train,train,0
383580f781b1331d,383580f781b1331d,real,real,ADM,train,train,0
38743c7bcd534721,38743c7bcd534721,fake,sd_v1_4,stable_diffusion_v_1_4,train,unused,0
387649fbd17f7a39,387649fbd17f7a39,fake,adm,ADM,train,train,0
38adadd552a051ce,38adadd552a051ce,real,real,ADM,test,test,0
38b04199a6fecc38,38b04199a6fecc38,real,real,stable_diffusion_v_1_4,val,val,0
38c2f82590fd4a20,38c2f82590fd4a20,real,real,ADM,val,val,0
38dd4dc1bf1ca64b,38dd4dc1bf1ca64b,fake,adm,ADM,test,test,0
3919955e37f29299,3919955e37f29299,real,real,BigGAN,val,val,1
3927d8f091712c1d,3927d8f091712c1d,real,real,BigGAN,train,train,0
393e39b6a693e133,393e39b6a693e133,real,real,stable_diffusion_v_1_4,train,train,0
394f94679cb6beec,394f94679cb6beec,fake,biggan,BigGAN,val,val,0
395c665bb9570347,395c665bb9570347,real,real,BigGAN,train,train,0
39886bf3547bf9bd,39886bf3547bf9bd,real,real,stable_diffusion_v_1_4,train,train,0
39939ba6a5352254,39939ba6a5352254,real,real,BigGAN,val,val,0
39edb20eeb4d69e0,39edb20eeb4d69e0,fake,sd_v1_4,stable_diffusion_v_1_4,train,unused,0
3a150b8c86915aa2,3a150b8c86915aa2,real,real,stable_diffusion_v_1_4,val,val,0
3a24659a31a98f7f,3a24659a31a98f7f,fake,adm,ADM,test,test,0
3a4d25cfc4c4ffdf,3a4d25cfc4c4ffdf,fake,biggan,BigGAN,test,test,0
3a73fc6940dac608,3a73fc6940dac608,real,real,ADM,train,train,0
3a83a5d272e82c9b,3a83a5d272e82c9b,real,real,ADM,train,train,0
3abd1a8b697acba8,3abd1a8b697acba8,real,real,stable_diffusion_v_1_4,train,train,0
3ac0edae5272fa44,3ac0edae5272fa44,real,real,BigGAN,test,test,0
3ad721cd436aa104,3ad721cd436aa104,fake,adm,ADM,train,train,0
3aec4f4c5d4d7719,3aec4f4c5d4d7719,fake,adm,ADM,val,val,0
3af199a9c2bcddd6,3af199a9c2bcddd6,real,real,BigGAN,train,train,0
3b09fbde760fa49c,3b09fbde760fa49c,fake,sd_v1_4,stable_diffusion_v_1_4,train,unused,0
3b2d4e756b57b7bb,3b2d4e756b57b7bb,fake,biggan,BigGAN,train,train,0
3b65165bd14e1da6,3b65165bd14e1da6,real,real,stable_diffusion_v_1_4,val,val,0
3b719730e52fdba8,3b719730e52fdba8,fake,sd_v1_4,stable_diffusion_v_1_4,train,unused,0
3b774f4d06371650,3b774f4d06371650,real,real,BigGAN,test,test,0
3b89bc763824c073,3b89bc763824c073,real,real,stable_diffusion_v_1_4,val,val,0
3ba5db2994a37ec7,3ba5db2994a37ec7,real,real,ADM,test,test,0
3bb53eae28f3e8b8,3bb53eae28f3e8b8,real,real,ADM,train,train,0
3bc5e0f2e8c70369,3bc5e0f2e8c70369,real,real,ADM,train,train,0
3bdc479c1b978049,3bdc479c1b978049,fake,adm,ADM,test,test,0
3bf21602fcc89298,3bf21602fcc89298,real,real,BigGAN,train,train,0
3bf30fe07e753dce,3bf30fe07e753dce,real,real,BigGAN,train,train,1
3bf36a120da9db59,3bf36a120da9db59,real,real,stable_diffusion_v_1_4,train,train,0
3bf97cae7d6a5890,3bf97cae7d6a5890,fake,biggan,BigGAN,val,val,0
3bfdf63e0c6defeb,3bfdf63e0c6defeb,real,real,stable_diffusion_v_1_4,val,val,1
3c14f54d95a7abd2,3c14f54d95a7abd2,fake,adm,ADM,train,train,0
3c15673e32123a49,3c15673e32123a49,real,real,ADM,val,val,0
3c412b2edb15329f,3c412b2edb15329f,fake,biggan,BigGAN,train,train,0
3c506539e5816563,3c506539e5816563,fake,sd_v1_4,stable_diffusion_v_1_4,train,unused,0
3c56c301f2893e1a,3c56c301f2893e1a,fake,adm,ADM,train,train,0
3c7591694141ada8,3c7591694141ada8,fake,sd_v1_4,stable_diffusion_v_1_4,test,test,1
3c85340e67b73f83,3c85340e67b73f83,real,real,ADM,train,train,0
3cc5c63c87575e9b,3cc5c63c87575e9b,fake,biggan,BigGAN,train,train,0
3ce94d070bd24848,3ce94d070bd24848,fake,biggan,BigGAN,train,train,0
3d26e693a026aeca,3d26e693a026aeca,real,real,BigGAN,train,train,0
3d2a170ea83513c3,3d2a170ea83513c3,fake,sd_v1_4,stable_diffusion_v_1_4,train,unused,0
3d4bf0aa2c19acd8,3d4bf0aa2c19acd8,fake,biggan,BigGAN,train,train,0
3d56862fc8ccecc7,3d56862fc8ccecc7,real,real,ADM,train,train,0
3d74f0b142af5f78,3d74f0b142af5f78,fake,adm,ADM,train,train,0
3d79e45ce1d96f34,3d79e45ce1d96f34,real,real,BigGAN,val,val,0
3d905fd78f545409,3d905fd78f545409,real,real,ADM,train,train,0
3d97dcd46921b45d,3d97dcd46921b45d,fake,sd_v1_4,stable_diffusion_v_1_4,val,unused,0
3da61d30cbc39725,3da61d30cbc39725,fake,adm,ADM,train,train,0
3db4212d92b5c983,3db4212d92b5c983,real,real,ADM,train,train,0
3df3a66fa2c88c31,3df3a66fa2c88c31,fake,adm,ADM,train,train,0
3e0226bfdeaf85ea,3e0226bfdeaf85ea,real,real,ADM,train,train,0
3e13cb031bd20f3d,3e13cb031bd20f3d,real,real,ADM,val,val,1
3e21bbc1917e5da8,3e21bbc1917e5da8,fake,sd_v1_4,stable_diffusion_v_1_4,train,unused,0
3e36a1900db938ee,3e36a1900db938ee,fake,sd_v1_4,stable_diffusion_v_1_4,train,unused,0
3e4d5b80230d9801,3e4d5b80230d9801,real,real,BigGAN,val,val,0
3e4e17d18897007a,3e4e17d18897007a,fake,adm,ADM,train,train,0
3e819a769cfc9ff4,3e819a769cfc9ff4,real,real,BigGAN,test,test,0
3e904dfab4a973a5,3e904dfab4a973a5,real,real,stable_diffusion_v_1_4,val,val,1
3ea6ead5b185bcba,3ea6ead5b185bcba,fake,sd_v1_4,stable_diffusion_v_1_4,test,test,0
3eabe703046c1b98,3eabe703046c1b98,fake,biggan,BigGAN,train,train,0
3ed4a9184f531b97,3ed4a9184f531b97,real,real,ADM,train,train,0
3ef41084c43d8475,3ef41084c43d8475,real,real,BigGAN,train,train,0
3f0cf1c9d82a31e8,3f0cf1c9d82a31e8,fake,adm,ADM,train,train,0
3f2e1d02d57f7e66,3f2e1d02d57f7e66,fake,biggan,BigGAN,train,train,0
3f683f520bd2f8c8,3f683f520bd2f8c8,fake,sd_v1_4,stable_diffusion_v_1_4,val,unused,0
3f8836054b3cf351,3f8836054b3cf351,real,real,BigGAN,test,test,0
3fdbdbc8165c582e,3fdbdbc8165c582e,fake,sd_v1_4,stable_diffusion_v_1_4,train,unused,0
3fdd3a155dc552b7,3fdd3a155dc552b7,real,real,BigGAN,val,val,1
3fef155152d6d60a,3fef155152d6d60a,fake,biggan,BigGAN,train,train,1
4009eab74f76b907,4009eab74f76b907,fake,sd_v1_4,stable_diffusion_v_1_4,train,unused,0
400b324b29059b94,400b324b29059b94,fake,biggan,BigGAN,train,train,0
40196e98687d6f67,40196e98687d6f67,fake,adm,ADM,val,val,0
401b1daef6b81941,401b1daef6b81941,real,real,BigGAN,val,val,0
401d28bbbcbdf57a,401d28bbbcbdf57a,real,real,stable_diffusion_v_1_4,train,train,0
403bf1ae3f6cb5a9,403bf1ae3f6cb5a9,real,real,ADM,train,train,0
404a0e596f4efae1,404a0e596f4efae1,fake,biggan,BigGAN,train,train,0
404e0a0f1a3d0ea9,404e0a0f1a3d0ea9,fake,adm,ADM,train,train,0
40857a6143ec075a,40857a6143ec075a,fake,sd_v1_4,stable_diffusion_v_1_4,train,unused,0
40a66a0b15909d8c,40a66a0b15909d8c,real,real,BigGAN,val,val,0
40bf85917aa35ae6,40bf85917aa35ae6,real,real,BigGAN,train,train,0
40c13b244282d829,40c13b244282d829,real,real,stable_diffusion_v_1_4,val,val,0
40c96007c15c51c3,40c96007c15c51c3,real,real,BigGAN,test,test,0
415c391ada2c38d4,415c391ada2c38d4,fake,adm,ADM,train,train,0
41694fb0ae087ede,41694fb0ae087ede,fake,sd_v1_4,stable_diffusion_v_1_4,test,test,0
417d1bbbde299afc,417d1bbbde299afc,real,real,BigGAN,train,train,0
419f4aa42cecd50f,419f4aa42cecd50f,fake,adm,ADM,train,train,0
41a1a6058a80c377,41a1a6058a80c377,real,real,stable_diffusion_v_1_4,val,val,0
41b1e310a0d73394,41b1e310a0d73394,fake,sd_v1_4,stable_diffusion_v_1_4,train,unused,0
41b3d231000c9531,41b3d231000c9531,fake,adm,ADM,test,test,1
41c680264de6700c,41c680264de6700c,real,real,ADM,train,train,0
41d11997d59661f9,41d11997d59661f9,real,real,BigGAN,train,train,0
41d5d795677e576e,41d5d795677e576e,real,real,BigGAN,test,test,0
41e2bf8ce93d5136,41e2bf8ce93d5136,fake,sd_v1_4,stable_diffusion_v_1_4,train,unused,0
41e71626a92667fb,41e71626a92667fb,fake,biggan,BigGAN,train,train,0
41ebd53319e1c553,41ebd53319e1c553,real,real,stable_diffusion_v_1_4,train,train,0
41f5b1de6638412b,41f5b1de6638412b,fake,biggan,BigGAN,train,train,0
42000e3b2040c981,42000e3b2040c981,real,real,ADM,val,val,0
420bf6df28a530a3,420bf6df28a530a3,fake,sd_v1_4,stable_diffusion_v_1_4,val,unused,0
423edc5330b10eb7,423edc5330b10eb7,real,real,stable_diffusion_v_1_4,train,train,0
42753986f6341bbe,42753986f6341bbe,real,real,ADM,train,train,0
428b0f2dec68f435,428b0f2dec68f435,fake,sd_v1_4,stable_diffusion_v_1_4,test,test,0
42ec4e9c46c85240,42ec4e9c46c85240,real,real,BigGAN,train,train,0
42ef74bdc8ff184d,42ef74bdc8ff184d,real,real,ADM,train,train,0
42f744a738ca6e9a,42f744a738ca6e9a,fake,adm,ADM,test,test,0
42f8bc5062e805f3,42f8bc5062e805f3,real,real,stable_diffusion_v_1_4,train,train,0
4328b8cd823ddceb,4328b8cd823ddceb,fake,biggan,BigGAN,train,train,0
433f0e25d96961df,433f0e25d96961df,fake,sd_v1_4,stable_diffusion_v_1_4,test,test,0
4345513a965ffe0c,4345513a965ffe0c,real,real,BigGAN,train,train,0
43661508e1b7c1c3,43661508e1b7c1c3,real,real,BigGAN,val,val,0
436add7ca0d2c149,436add7ca0d2c149,fake,sd_v1_4,stable_diffusion_v_1_4,train,unused,0
43c65214bbff6f4b,43c65214bbff6f4b,fake,biggan,BigGAN,train,train,0
43f596611acee466,43f596611acee466,fake,adm,ADM,train,train,0
441d424e123f2b71,441d424e123f2b71,real,real,ADM,train,train,0
4459fede38487dc5,4459fede38487dc5,fake,adm,ADM,train,train,0
44649a1a8fe4504c,44649a1a8fe4504c,real,real,stable_diffusion_v_1_4,val,val,0
44858b4b15fa301a,44858b4b15fa301a,real,real,stable_diffusion_v_1_4,val,val,0
448865bcffe9a362,448865bcffe9a362,fake,sd_v1_4,stable_diffusion_v_1_4,test,test,0
449a645b50e014db,449a645b50e014db,fake,sd_v1_4,stable_diffusion_v_1_4,train,unused,0
449e3d3125c96764,449e3d3125c96764,fake,sd_v1_4,stable_diffusion_v_1_4,test,test,0
44a150a22f32cba7,44a150a22f32cba7,fake,adm,ADM,train,train,0
44b2db3899cafa4e,44b2db3899cafa4e,fake,biggan,BigGAN,test,test,0
44f1737603bcff28,44f1737603bcff28,real,real,BigGAN,train,train,0
450dc837423246d5,450dc837423246d5,fake,sd_v1_4,stable_diffusion_v_1_4,train,unused,0
451f870f1c4ba55f,451f870f1c4ba55f,real,real,ADM,train,train,0
455521e230739dc2,455521e230739dc2,real,real,ADM,val,val,0
4579e2d3fed9946f,4579e2d3fed9946f,real,real,BigGAN,train,train,0
45e71868d149f074,45e71868d149f074,fake,biggan,BigGAN,val,val,0
460d55fbc16d7d7d,460d55fbc16d7d7d,real,real,ADM,train,train,0
465ff3e854a6a616,465ff3e854a6a616,fake,biggan,BigGAN,train,train,0
466ab2fe6d5315a5,466ab2fe6d5315a5,real,real,stable_diffusion_v_1_4,train,train,0
46764b2b8b71ce72,46764b2b8b71ce72,real,real,BigGAN,test,test,0
46c863d18f42362b,46c863d18f42362b,fake,adm,ADM,val,val,1
4700df63e0b47734,4700df63e0b47734,real,real,BigGAN,test,test,0
4722461019a0690e,4722461019a0690e,real,real,BigGAN,test,test,0
47338aea22fdc305,47338aea22fdc305,real,real,ADM,train,train,0
4735c9cdebcbd4e5,4735c9cdebcbd4e5,fake,biggan,BigGAN,train,train,0
4739ef3c53523224,4739ef3c53523224,real,real,ADM,train,train,1
47518bccf24a4f5c,47518bccf24a4f5c,fake,adm,ADM,train,train,0
477c54f41189c6db,477c54f41189c6db,real,real,BigGAN,val,val,0
478d782198befbd9,478d782198befbd9,real,real,stable_diffusion_v_1_4,train,train,0
47902cac9e30639b,47902cac9e30639b,fake,sd_v1_4,stable_diffusion_v_1_4,train,unused,0
47a80a4bd669b3d6,47a80a4bd669b3d6,real,real,BigGAN,train,train,1
47af6861df9f5f20,47af6861df9f5f20,fake,adm,ADM,val,val,0
47c1358d731aa129,47c1358d731aa129,fake,adm,ADM,train,train,1
47c325558f0cede1,47c325558f0cede1,real,real,ADM,test,test,0
47f48f793c666bf0,47f48f793c666bf0,fake,adm,ADM,train,train,0
47f902df44a97e86,47f902df44a97e86,real,real,BigGAN,train,train,0
483376baa99e5cde,483376baa99e5cde,real,real,stable_diffusion_v_1_4,val,val,0
483648724275f006,483648724275f006,real,real,ADM,val,val,0
4844afc9f9c13356,4844afc9f9c13356,fake,adm,ADM,val,val,0
486660674636b9c1,486660674636b9c1,real,real,BigGAN,train,train,0
488e2390dec1396d,488e2390dec1396d,fake,sd_v1_4,stable_diffusion_v_1_4,train,unused,0
48b231a321e34d04,48b231a321e34d04,real,real,BigGAN,train,train,0
48c4dab9ab6a6bc5,48c4dab9ab6a6bc5,fake,adm,ADM,test,test,0
48c7cc5c60b7ea9b,48c7cc5c60b7ea9b,real,real,stable_diffusion_v_1_4,train,train,0
48ca89a6c927f3ee,48ca89a6c927f3ee,fake,adm,ADM,val,val,0
48e12278bf6c0515,48e12278bf6c0515,fake,adm,ADM,train,train,0
48e1fe3cef68ac33,48e1fe3cef68ac33,real,real,stable_diffusion_v_1_4,val,val,1
48ec6ea67a55b62e,48ec6ea67a55b62e,fake,adm,ADM,train,train,0
48f982e6c5d3342a,48f982e6c5d3342a,real,real,BigGAN,train,train,0
48fd0b06051b6c4d,48fd0b06051b6c4d,real,real,stable_diffusion_v_1_4,val,val,1
4914d90246ed770a,4914d90246ed770a,fake,adm,ADM,train,train,0
4938c0cf4f41a215,4938c0cf4f41a215,fake,adm,ADM,test,test,1
4947b95c9403034d,4947b95c9403034d,real,real,BigGAN,test,test,0
495906d6043f1a7c,495906d6043f1a7c,real,real,BigGAN,test,test,0
49837bcb14a7afa6,49837bcb14a7afa6,real,real,stable_diffusion_v_1_4,val,val,0
49adf986bb36f5df,49adf986bb36f5df,fake,adm,ADM,train,train,0
49b793389cfc352c,49b793389cfc352c,real,real,ADM,train,train,0
49b85cd046dcd4c1,49b85cd046dcd4c1,fake,adm,ADM,val,val,0
49e3029bbe622f3f,49e3029bbe622f3f,fake,adm,ADM,val,val,1
49e6b55c128a27e7,49e6b55c128a27e7,real,real,ADM,train,train,0
49ef2342b52f408f,49ef2342b52f408f,real,real,ADM,train,train,1
49f5f1c5bd20bd96,49f5f1c5bd20bd96,fake,adm,ADM,test,test,0
4a17b9d9cc37e7b5,4a17b9d9cc37e7b5,real,real,BigGAN,train,train,0
4a2d440616e533fe,4a2d440616e533fe,real,real,ADM,val,val,0
4a3290bf75bcc0fe,4a3290bf75bcc0fe,fake,adm,ADM,test,test,0
4a39d24a3a02aa1f,4a39d24a3a02aa1f,real,real,ADM,test,test,0
4a3b8eb38de9b522,4a3b8eb38de9b522,real,real,ADM,train,train,0
4a3bc9cd0f612cd9,4a3bc9cd0f612cd9,real,real,stable_diffusion_v_1_4,train,train,0
4a66796eacc0a6ea,4a66796eacc0a6ea,real,real,stable_diffusion_v_1_4,train,train,0
4a91527774c6a271,4a91527774c6a271,real,real,BigGAN,train,train,0
4aea1f06b8f1dc4f,4aea1f06b8f1dc4f,fake,sd_v1_4,stable_diffusion_v_1_4,test,test,0
4af1e8813b99ad34,4af1e8813b99ad34,real,real,BigGAN,train,train,0
4b05d7e49d0d5b81,4b05d7e49d0d5b81,fake,sd_v1_4,stable_diffusion_v_1_4,train,unused,0
4b43d3948e8717b8,4b43d3948e8717b8,fake,biggan,BigGAN,train,train,0
4b4c19ec1f4024c2,4b4c19ec1f4024c2,fake,biggan,BigGAN,test,test,0
4b540c0ab8e36534,4b540c0ab8e36534,real,real,ADM,test,test,0
4b5cd627031bd976,4b5cd627031bd976,real,real,ADM,val,val,0
4b9b82afec11ed16,4b9b82afec11ed16,fake,sd_v1_4,stable_diffusion_v_1_4,train,unused,0
4bac15e40fd3bcc7,4bac15e40fd3bcc7,fake,sd_v1_4,stable_diffusion_v_1_4,test,test,0
4bad27ba67869815,4bad27ba67869815,fake,biggan,BigGAN,train,train,1
4bce2b67968a8f08,4bce2b67968a8f08,real,real,stable_diffusion_v_1_4,val,val,0
4bcefbd3bcd45d1d,4bcefbd3bcd45d1d,fake,sd_v1_4,stable_diffusion_v_1_4,train,unused,0
4bf540990437f294,4bf540990437f294,fake,sd_v1_4,stable_diffusion_v_1_4,train,unused,0
4bfd7991fd71a44c,4bfd7991fd71a44c,fake,adm,ADM,train,train,0
4c034cb9b3179642,4c034cb9b3179642,fake,biggan,BigGAN,val,val,0
4c17e77f9b3c7d1e,4c17e77f9b3c7d1e,real,real,stable_diffusion_v_1_4,val,val,0
4c23f5862dcf07fb,4c23f5862dcf07fb,real,real,BigGAN,train,train,0
4c36fc140462ae5b,4c36fc140462ae5b,real,real,ADM,train,train,0
4c4142b4ce06f366,4c4142b4ce06f366,real,real,stable_diffusion_v_1_4,train,train,0
4c425d034c61e082,4c425d034c61e082,fake,sd_v1_4,stable_diffusion_v_1_4,train,unused,0
4c443fbd588dd2aa,4c443fbd588dd2aa,fake,adm,ADM,train,train,0
4c514729fea8c090,4c514729fea8c090,fake,adm,ADM,train,train,0
4c5f034d24015666,4c5f034d24015666,real,real,ADM,train,train,0
4c8f56e07b8e0493,4c8f56e07b8e0493,real,real,ADM,val,val,0
4cba3d6e592887e0,4cba3d6e592887e0,fake,sd_v1_4,stable_diffusion_v_1_4,test,test,1
4cc1607f30d7b2ce,4cc1607f30d7b2ce,real,real,stable_diffusion_v_1_4,train,train,0
4cc312aa3c4f2f47,4cc312aa3c4f2f47,real,real,BigGAN,test,test,0
4cd0d70f94edaf22,4cd0d70f94edaf22,fake,adm,ADM,train,train,1
4cd30e8b0f18c8a5,4cd30e8b0f18c8a5,real,real,stable_diffusion_v_1_4,train,train,0
4cdb70987c2beb58,4cdb70987c2beb58,fake,adm,ADM,train,train,0
4d04e31743163f62,4d04e31743163f62,real,real,stable_diffusion_v_1_4,train,train,0
4d107fe8464ca249,4d107fe8464ca249,real,real,BigGAN,val,val,0
4d1bc879cac7ddcf,4d1bc879cac7ddcf,real,real,BigGAN,train,train,0
4d33e0a4bf7fb2be,4d33e0a4bf7fb2be,real,real,stable_diffusion_v_1_4,train,train,0
4d3436df78a216fd,4d3436df78a216fd,fake,adm,ADM,val,val,0
4d3f9f648f7aa881,4d3f9f648f7aa881,real,real,ADM,train,train,1
4da61b2e4774bc9e,4da61b2e4774bc9e,real,real,BigGAN,train,train,0
4ddf992aa32c4be7,4ddf992aa32c4be7,fake,adm,ADM,train,train,0
4de6dcf57f649d62,4de6dcf57f649d62,fake,sd_v1_4,stable_diffusion_v_1_4,train,unused,0
4dec3af6459253b7,4dec3af6459253b7,real,real,BigGAN,val,val,0
4dfa617283fe0101,4dfa617283fe0101,real,real,ADM,train,train,0
4dfbbe7242af837d,4dfbbe7242af837d,real,real,stable_diffusion_v_1_4,test,test,0
4e0886050d79af6b,4e0886050d79af6b,real,real,BigGAN,train,train,0
4e0d4e762e229e12,4e0d4e762e229e12,real,real,stable_diffusion_v_1_4,val,val,0
4e3c8fd91b0dd0f3,4e3c8fd91b0dd0f3,real,real,stable_diffusion_v_1_4,train,train,0
4e52699c920fb653,4e52699c920fb653,fake,adm,ADM,train,train,0
4e549d8a6d434bd4,4e549d8a6d434bd4,real,real,ADM,test,test,0
4e5739fb080848bb,4e5739fb080848bb,real,real,stable_diffusion_v_1_4,train,train,0
4e5d7e2707f2c696,4e5d7e2707f2c696,fake,sd_v1_4,stable_diffusion_v_1_4,train,unused,0
4e773976e0695ae4,4e773976e0695ae4,fake,biggan,BigGAN,test,test,1
4e7a93c8b8827fec,4e7a93c8b8827fec,fake,sd_v1_4,stable_diffusion_v_1_4,train,unused,0
4e89df1057da63d2,4e89df1057da63d2,fake,adm,ADM,train,train,0
4ef3a80780885da5,4ef3a80780885da5,real,real,stable_diffusion_v_1_4,train,train,0
4f0cfee0fc3aa9db,4f0cfee0fc3aa9db,real,real,stable_diffusion_v_1_4,test,test,1
4f11705bc7040f96,4f11705bc7040f96,fake,adm,ADM,test,test,0
4f2506ec496b4713,4f2506ec496b4713,real,real,ADM,train,train,1
4f31f35ecb27a8fd,4f31f35ecb27a8fd,real,real,ADM,train,train,0
4f5851440950322f,4f5851440950322f,fake,sd_v1_4,stable_diffusion_v_1_4,train,unused,0
4f59210fae55b5a6,4f59210fae55b5a6,fake,adm,ADM,test,test,0
4f68008a91f3c701,4f68008a91f3c701,fake,adm,ADM,train,train,0
4f6dda4a9d236695,4f6dda4a9d236695,real,real,BigGAN,test,test,0
4f810ade9ffe2cfd,4f810ade9ffe2cfd,fake,biggan,BigGAN,val,val,0
4f819a1fb386533a,4f819a1fb386533a,fake,sd_v1_4,stable_diffusion_v_1_4,val,unused,0
4fa96585abd93e31,4fa96585abd93e31,fake,biggan,BigGAN,train,train,0
4fb51504f50f7a33,4fb51504f50f7a33,real,real,stable_diffusion_v_1_4,train,train,0
4fbc2fc3f8b779bf,4fbc2fc3f8b779bf,real,real,stable_diffusion_v_1_4,val,val,0
4fc9e1e29af20c66,4fc9e1e29af20c66,real,real,BigGAN,val,val,0
4fde6c0ec4b48cf6,4fde6c0ec4b48cf6,fake,adm,ADM,val,val,0
4fe7d10e1783d6eb,4fe7d10e1783d6eb,real,real,BigGAN,train,train,0
4feb0d1d0e6831dd,4feb0d1d0e6831dd,fake,biggan,BigGAN,train,train,1
4fef551826c0dc44,4fef551826c0dc44,fake,sd_v1_4,stable_diffusion_v_1_4,train,unused,0
500a4decf7a78a5b,500a4decf7a78a5b,real,real,ADM,train,train,0
5048b25d30863ee7,5048b25d30863ee7,real,real,stable_diffusion_v_1_4,train,train,0
50538ad844cb7613,50538ad844cb7613,fake,sd_v1_4,stable_diffusion_v_1_4,train,unused,0
508573c8bdc81261,508573c8bdc81261,real,real,BigGAN,val,val,0
50a33f5d703efbcb,50a33f5d703efbcb,real,real,ADM,train,train,0
50a923aca53cb2f0,50a923aca53cb2f0,real,real,stable_diffusion_v_1_4,train,train,0
50e522fe09f6f020,50e522fe09f6f020,fake,biggan,BigGAN,train,train,0
50fa8e0d4efd496c,50fa8e0d4efd496c,real,real,ADM,train,train,0
51099a7cbd7f0d20,51099a7cbd7f0d20,fake,biggan,BigGAN,train,train,0
510bdd23c00fa7b0,510bdd23c00fa7b0,fake,adm,ADM,val,val,0
5114b0ca7939f6f6,5114b0ca7939f6f6,real,real,ADM,train,train,0
5132ccb79b686c6a,5132ccb79b686c6a,real,real,ADM,val,val,1
513df01259cb76c1,513df01259cb76c1,fake,adm,ADM,test,test,0
513fdcd7fe8e5a8c,513fdcd7fe8e5a8c,real,real,stable_diffusion_v_1_4,train,train,0
515d0e9dc543f4e1,515d0e9dc543f4e1,real,real,stable_diffusion_v_1_4,train,train,0
51703d1d68493b56,51703d1d68493b56,fake,adm,ADM,train,train,0
51926ffe7cf7d161,51926ffe7cf7d161,real,real,BigGAN,train,train,0
51a528f2bd5437d8,51a528f2bd5437d8,real,real,ADM,train,train,0
51e8dca616e14bc5,51e8dca616e14bc5,fake,sd_v1_4,stable_diffusion_v_1_4,train,unused,1
51f5f8b850ac15df,51f5f8b850ac15df,fake,adm,ADM,train,train,1
51f605c9e0deac0f,51f605c9e0deac0f,real,real,BigGAN,test,test,0
5216d230c9261ed2,5216d230c9261ed2,fake,sd_v1_4,stable_diffusion_v_1_4,train,unused,0
521b88cfc0a3f1e8,521b88cfc0a3f1e8,real,real,BigGAN,train,train,0
5222bd59e5fa2ba8,5222bd59e5fa2ba8,fake,adm,ADM,train,train,0
5226054d81f9df6a,5226054d81f9df6a,real,real,BigGAN,test,test,0
522cf18f1a70352e,522cf18f1a70352e,fake,sd_v1_4,stable_diffusion_v_1_4,val,unused,0
52582f66704b2d1f,52582f66704b2d1f,real,real,BigGAN,train,train,0
525838f3ee72c4b9,525838f3ee72c4b9,real,real,BigGAN,train,train,0
5265ae39851ea1d7,5265ae39851ea1d7,fake,adm,ADM,train,train,0
526c1a8c4bacfd27,526c1a8c4bacfd27,fake,sd_v1_4,stable_diffusion_v_1_4,train,unused,0
5273631f34e5dd06,5273631f34e5dd06,fake,adm,ADM,val,val,1
5289e12f9d9d2f04,5289e12f9d9d2f04,real,real,BigGAN,train,train,0
5293f55bd02bbc60,5293f55bd02bbc60,real,real,stable_diffusion_v_1_4,train,train,0
5296ab1e029be4f1,5296ab1e029be4f1,real,real,ADM,test,test,1
529e3592b6e1f585,529e3592b6e1f585,real,real,BigGAN,test,test,0
52b4057b21b5c491,52b4057b21b5c491,real,real,stable_diffusion_v_1_4,train,train,0
52bfb96744e9915c,52bfb96744e9915c,fake,sd_v1_4,stable_diffusion_v_1_4,train,unused,0
52c8cc897f1c7d44,52c8cc897f1c7d44,real,real,BigGAN,test,test,0
52d0d3b382f82bff,52d0d3b382f82bff,real,real,stable_diffusion_v_1_4,val,val,0
52d1d5bd185c5ec2,52d1d5bd185c5ec2,real,real,BigGAN,train,train,0
53055d53c73e2e0a,53055d53c73e2e0a,fake,sd_v1_4,stable_diffusion_v_1_4,test,test,0
53197beb64ac24f4,53197beb64ac24f4,fake,adm,ADM,train,train,0
537dee50a7b777c5,537dee50a7b777c5,fake,adm,ADM,train,train,0
53892e94fbcdf6b3,53892e94fbcdf6b3,real,real,BigGAN,train,train,0
5397b3359eb5f998,5397b3359eb5f998,fake,adm,ADM,train,train,0
539be7cb2aba60f9,539be7cb2aba60f9,real,real,ADM,train,train,1
53de2f9c765541be,53de2f9c765541be,fake,adm,ADM,test,test,1
53fb406de6cc0e8b,53fb406de6cc0e8b,real,real,ADM,train,train,0
5407a06aa6e7bb13,5407a06aa6e7bb13,real,real,ADM,train,train,0
543c8d696e03c1b7,543c8d696e03c1b7,fake,biggan,BigGAN,val,val,0
544a6095e5019806,544a6095e5019806,real,real,stable_diffusion_v_1_4,test,test,0
546037d4f109e66e,546037d4f109e66e,real,real,stable_diffusion_v_1_4,test,test,0
5476857c6fe4ffa9,5476857c6fe4ffa9,real,real,stable_diffusion_v_1_4,test,test,0
54864b103914d9c2,54864b103914d9c2,fake,biggan,BigGAN,test,test,0
54a6add41480602f,54a6add41480602f,fake,biggan,BigGAN,train,train,0
54bd14340ef42904,54bd14340ef42904,real,real,ADM,train,train,0
54cd1df4189b42ef,54cd1df4189b42ef,real,real,stable_diffusion_v_1_4,train,train,1
54d6224e2d3b520a,54d6224e2d3b520a,fake,biggan,BigGAN,train,train,0
54d68d7eb6ddd409,54d68d7eb6ddd409,real,real,BigGAN,test,test,0
54fdc9505f7ed68d,54fdc9505f7ed68d,real,real,BigGAN,train,train,0
5504bf71839fa271,5504bf71839fa271,fake,adm,ADM,test,test,1
551c03d6f086c495,551c03d6f086c495,fake,biggan,BigGAN,train,train,0
551fa896908260b9,551fa896908260b9,real,real,stable_diffusion_v_1_4,test,test,0
5557a41888ca297d,5557a41888ca297d,fake,sd_v1_4,stable_diffusion_v_1_4,train,unused,0
555e5d2327b001d0,555e5d2327b001d0,real,real,ADM,val,val,1
5571ab5441dcdfaa,5571ab5441dcdfaa,fake,adm,ADM,test,test,0
55787327bdde0fb8,55787327bdde0fb8,real,real,stable_diffusion_v_1_4,test,test,0
5580bae96973995e,5580bae96973995e,fake,adm,ADM,train,train,0
558e0ad143ad5bee,558e0ad143ad5bee,real,real,BigGAN,test,test,0
5597522e1e70c743,5597522e1e70c743,real,real,BigGAN,val,val,0
5597d3abdba265df,5597d3abdba265df,fake,adm,ADM,val,val,0
559afce6599b3a2a,559afce6599b3a2a,fake,sd_v1_4,stable_diffusion_v_1_4,val,unused,0
55ccf00b74d3a548,55ccf00b74d3a548,fake,sd_v1_4,stable_diffusion_v_1_4,train,unused,0
55e460860ccd8eb3,55e460860ccd8eb3,fake,sd_v1_4,stable_diffusion_v_1_4,train,unused,1
56143e9dd258459e,56143e9dd258459e,fake,adm,ADM,train,train,0
562cf48cd4ed1a66,562cf48cd4ed1a66,real,real,BigGAN,test,test,0
5641bd5f2f00d538,5641bd5f2f00d538,fake,adm,ADM,train,train,0
5655cd5eb9f4dab6,5655cd5eb9f4dab6,real,real,BigGAN,train,train,0
566a45091754fe45,566a45091754fe45,fake,adm,ADM,val,val,1
5687bb23b4d45439,5687bb23b4d45439,fake,biggan,BigGAN,train,train,0
56a4be008af39e2d,56a4be008af39e2d,fake,adm,ADM,test,test,0
56c657603bcc638f,56c657603bcc638f,real,real,BigGAN,test,test,1
56ecf0086ba1f564,56ecf0086ba1f564,fake,sd_v1_4,stable_diffusion_v_1_4,train,unused,0
56f2a6323004cb81,56f2a6323004cb81,real,real,BigGAN,train,train,0
570defc7b82cca6e,570defc7b82cca6e,real,real,ADM,test,test,1
573039ee573e20c4,573039ee573e20c4,real,real,ADM,train,train,0
573079c81899687a,573079c81899687a,fake,biggan,BigGAN,train,train,0
5736c620b952c49a,5736c620b952c49a,real,real,ADM,train,train,1
5763d681d1b06188,5763d681d1b06188,real,real,BigGAN,test,test,0
5794d0ac39152c6c,5794d0ac39152c6c,real,real,stable_diffusion_v_1_4,train,train,0
57a9a85688e397c2,57a9a85688e397c2,real,real,ADM,train,train,0
57bc131ae24a609b,57bc131ae24a609b,real,real,stable_diffusion_v_1_4,train,train,0
57cc3aad2eb5aa7e,57cc3aad2eb5aa7e,real,real,ADM,train,train,0
57ef2eeb39458dc4,57ef2eeb39458dc4,fake,adm,ADM,val,val,0
581783878a990b1e,581783878a990b1e,real,real,stable_diffusion_v_1_4,val,val,1
58242b3e8c037ab5,58242b3e8c037ab5,real,real,stable_diffusion_v_1_4,val,val,0
5827c1b20e7a04d9,5827c1b20e7a04d9,fake,sd_v1_4,stable_diffusion_v_1_4,test,test,0
584cb04329efb958,584cb04329efb958,real,real,BigGAN,val,val,0
586e2aa0f0340ff0,586e2aa0f0340ff0,fake,sd_v1_4,stable_diffusion_v_1_4,train,unused,0
5875c67d35aa4b8f,5875c67d35aa4b8f,fake,biggan,BigGAN,test,test,0
587bfd8484a4d71f,587bfd8484a4d71f,real,real,BigGAN,train,train,0
58dbea9739e7ba82,58dbea9739e7ba82,fake,biggan,BigGAN,test,test,0
5900ac1d972b1ae3,5900ac1d972b1ae3,real,real,ADM,train,train,0
5906d4f59785da62,5906d4f59785da62,fake,sd_v1_4,stable_diffusion_v_1_4,train,unused,0
591119728fae4d6d,591119728fae4d6d,fake,adm,ADM,val,val,1
5921651420060018,5921651420060018,fake,sd_v1_4,stable_diffusion_v_1_4,val,unused,0
593ba7225285ab56,593ba7225285ab56,fake,sd_v1_4,stable_diffusion_v_1_4,train,unused,0
594fbc16a031430d,594fbc16a031430d,fake,adm,ADM,train,train,0
5974507b0573d114,5974507b0573d114,real,real,BigGAN,val,val,0
597a6cb3e39abc81,597a6cb3e39abc81,fake,adm,ADM,val,val,0
598ac3ea6288c745,598ac3ea6288c745,fake,adm,ADM,train,train,0
59ba98c97d37e4f1,59ba98c97d37e4f1,real,real,ADM,test,test,0
59e3de2d90a1c13b,59e3de2d90a1c13b,fake,biggan,BigGAN,train,train,0
59eed3583214ccb3,59eed3583214ccb3,real,real,ADM,train,train,1
59f92af70d5292c3,59f92af70d5292c3,fake,adm,ADM,test,test,1
5a01175df458ac86,5a01175df458ac86,fake,sd_v1_4,stable_diffusion_v_1_4,test,test,0
5a59712764f5d259,5a59712764f5d259,real,real,BigGAN,val,val,0
5a692a9acea3fdf4,5a692a9acea3fdf4,real,real,ADM,val,val,1
5a6d7e57334057bf,5a6d7e57334057bf,fake,sd_v1_4,stable_diffusion_v_1_4,test,test,0
5a7c50bcdc57f2b5,5a7c50bcdc57f2b5,fake,adm,ADM,train,train,1
5a933d4e255c7fad,5a933d4e255c7fad,real,real,stable_diffusion_v_1_4,train,train,0
5ab025bad21aed2b,5ab025bad21aed2b,fake,adm,ADM,train,train,0
5ac5788c25cbdf0c,5ac5788c25cbdf0c,fake,adm,ADM,train,train,0
5b1691a1b4678f02,5b1691a1b4678f02,real,real,stable_diffusion_v_1_4,train,train,0
5b1c2fe26ebeb1c9,5b1c2fe26ebeb1c9,fake,adm,ADM,val,val,0
5b3c36d376ad9d12,5b3c36d376ad9d12,fake,adm,ADM,train,train,0
5b766aabebd03dae,5b766aabebd03dae,fake,adm,ADM,train,train,0
5ba2ec9091065a7b,5ba2ec9091065a7b,fake,biggan,BigGAN,train,train,0
5bc94e54196669ee,5bc94e54196669ee,real,real,ADM,test,test,0
5bca5720e11ea76e,5bca5720e11ea76e,fake,biggan,BigGAN,test,test,0
5bca61305751cefb,5bca61305751cefb,fake,adm,ADM,train,train,0
5bd1ecacdbf924d8,5bd1ecacdbf924d8,real,real,stable_diffusion_v_1_4,val,val,0
5bd8c6b0b5cf03e2,5bd8c6b0b5cf03e2,fake,biggan,BigGAN,train,train,0
5be44ffadaca026b,5be44ffadaca026b,real,real,ADM,test,test,0
5bf525382a073422,5bf525382a073422,real,real,ADM,test,test,0
5c0ed04184df1804,5c0ed04184df1804,fake,biggan,BigGAN,train,train,0
5c148709d9153ded,5c148709d9153ded,fake,adm,ADM,train,train,0
5c158b7c5f88fb8b,5c158b7c5f88fb8b,fake,biggan,BigGAN,val,val,0
5c5a17b447fdc32f,5c5a17b447fdc32f,fake,sd_v1_4,stable_diffusion_v_1_4,test,test,0
5c6a37b7252fb8be,5c6a37b7252fb8be,fake,sd_v1_4,stable_diffusion_v_1_4,train,unused,0
5c73251065e8df75,5c73251065e8df75,real,real,stable_diffusion_v_1_4,train,train,0
5ca9956e8fe72201,5ca9956e8fe72201,fake,sd_v1_4,stable_diffusion_v_1_4,train,unused,0
5cbcde43b720e8c3,5cbcde43b720e8c3,fake,sd_v1_4,stable_diffusion_v_1_4,train,unused,0
5d02f4e0ba4cf193,5d02f4e0ba4cf193,fake,sd_v1_4,stable_diffusion_v_1_4,train,unused,0
5d0310f0f916911c,5d0310f0f916911c,fake,sd_v1_4,stable_diffusion_v_1_4,train,unused,1
5d3c6649388f0e3e,5d3c6649388f0e3e,fake,sd_v1_4,stable_diffusion_v_1_4,test,test,0
5d67ce51b7a6b2b7,5d67ce51b7a6b2b7,fake,sd_v1_4,stable_diffusion_v_1_4,train,unused,0
5d6a8946631e39d1,5d6a8946631e39d1,fake,adm,ADM,train,train,0
5d6aac60f674956a,5d6aac60f674956a,real,real,stable_diffusion_v_1_4,test,test,0
5d7fee02469b18e6,5d7fee02469b18e6,real,real,BigGAN,train,train,0
5d821ea19ee0a589,5d821ea19ee0a589,real,real,ADM,train,train,1
5d9dc452ddc441d1,5d9dc452ddc441d1,fake,adm,ADM,train,train,1
5db89a0a3d250f0c,5db89a0a3d250f0c,real,real,BigGAN,train,train,0
5de93fd71e51d16d,5de93fd71e51d16d,fake,sd_v1_4,stable_diffusion_v_1_4,val,unused,0
5e41ea4911b5fd01,5e41ea4911b5fd01,real,real,BigGAN,train,train,0
5e65701889b93c77,5e65701889b93c77,fake,adm,ADM,train,train,0
5e897b69db8da40a,5e897b69db8da40a,fake,biggan,BigGAN,train,train,1
5eb91c3a48671d40,5eb91c3a48671d40,fake,sd_v1_4,stable_diffusion_v_1_4,train,unused,0
5ee7e1a50614c3b8,5ee7e1a50614c3b8,fake,adm,ADM,val,val,0
5ee8815385426b9d,5ee8815385426b9d,real,real,stable_diffusion_v_1_4,train,train,0
5f058db105fddc07,5f058db105fddc07,fake,adm,ADM,test,test,0
5f171a8c16a6b60c,5f171a8c16a6b60c,fake,adm,ADM,val,val,0
5f211bfef021bbb4,5f211bfef021bbb4,fake,sd_v1_4,stable_diffusion_v_1_4,train,unused,0
5f2797da02960136,5f2797da02960136,fake,sd_v1_4,stable_diffusion_v_1_4,test,test,0
5f4ceee471840ade,5f4ceee471840ade,real,real,ADM,val,val,1
5f5841357f49fcb9,5f5841357f49fcb9,fake,adm,ADM,train,train,0
5f61a921bf0bc246,5f61a921bf0bc246,real,real,stable_diffusion_v_1_4,test,test,0
5f7afb52cfbd0cd0,5f7afb52cfbd0cd0,real,real,ADM,train,train,0
5f7dc110c608dfe1,5f7dc110c608dfe1,real,real,stable_diffusion_v_1_4,train,train,0
5f932094bfed4250,5f932094bfed4250,fake,biggan,BigGAN,test,test,0
5f9a2c34132711b2,5f9a2c34132711b2,real,real,ADM,val,val,0
5fd4ae1fcf627cd2,5fd4ae1fcf627cd2,fake,biggan,BigGAN,test,test,0
5fdc5223c4464933,5fdc5223c4464933,fake,biggan,BigGAN,test,test,0
5ff2294e12bb7fe1,5ff2294e12bb7fe1,real,real,stable_diffusion_v_1_4,train,train,0
5ff5beff817132cc,5ff5beff817132cc,fake,sd_v1_4,stable_diffusion_v_1_4,val,unused,0
5ff8319748eaf6fa,5ff8319748eaf6fa,real,real,stable_diffusion_v_1_4,train,train,0
5ffed9ff3bec5d68,5ffed9ff3bec5d68,real,real,stable_diffusion_v_1_4,test,test,1
60178284e45fc671,60178284e45fc671,fake,sd_v1_4,stable_diffusion_v_1_4,val,unused,0
6017d85cefaa771a,6017d85cefaa771a,real,real,stable_diffusion_v_1_4,test,test,0
6041feb5a4c251ca,6041feb5a4c251ca,real,real,BigGAN,train,train,0
604348f3f5c35c63,604348f3f5c35c63,real,real,ADM,val,val,0
60d0ea628a1a2e2c,60d0ea628a1a2e2c,real,real,stable_diffusion_v_1_4,test,test,0
60ecf90574ae26cd,60ecf90574ae26cd,fake,sd_v1_4,stable_diffusion_v_1_4,train,unused,0
60fbfe57a4e728e3,60fbfe57a4e728e3,real,real,BigGAN,test,test,0
61025edb8df4898a,61025edb8df4898a,real,real,BigGAN,train,train,0
612c4108065cd160,612c4108065cd160,fake,adm,ADM,train,train,1
6133c7bb100825c2,6133c7bb100825c2,fake,sd_v1_4,stable_diffusion_v_1_4,val,unused,0
613d12daa1a776fd,613d12daa1a776fd,fake,adm,ADM,train,train,0
61627b4d81848292,61627b4d81848292,real,real,stable_diffusion_v_1_4,val,val,0
61897897670e41d2,61897897670e41d2,fake,sd_v1_4,stable_diffusion_v_1_4,val,unused,0
61adac61884a7775,61adac61884a7775,real,real,ADM,test,test,0
61ca5af324fc2c5b,61ca5af324fc2c5b,real,real,stable_diffusion_v_1_4,train,train,0
6203e34a6232babc,6203e34a6232babc,real,real,ADM,test,test,1
6223757eb381d264,6223757eb381d264,real,real,stable_diffusion_v_1_4,train,train,0
6233c7421cad980e,6233c7421cad980e,real,real,ADM,test,test,0
6234d329f6bade72,6234d329f6bade72,real,real,BigGAN,train,train,0
625ed4789e5165cc,625ed4789e5165cc,real,real,stable_diffusion_v_1_4,train,train,0
62651418fa8615c7,62651418fa8615c7,fake,sd_v1_4,stable_diffusion_v_1_4,train,unused,0
626a49614ed47df2,626a49614ed47df2,fake,sd_v1_4,stable_diffusion_v_1_4,train,unused,1
62732a75c0935190,62732a75c0935190,real,real,ADM,val,val,0
629f603901ca82a6,629f603901ca82a6,fake,sd_v1_4,stable_diffusion_v_1_4,val,unused,0
62c0151406564bb9,62c0151406564bb9,real,real,stable_diffusion_v_1_4,train,train,1
62d01493a77b8124,62d01493a77b8124,real,real,BigGAN,test,test,0
62d1cfdf970a4881,62d1cfdf970a4881,real,real,BigGAN,train,train,0
62e78e2778c7fd04,62e78e2778c7fd04,real,real,ADM,train,train,0
62ed2b0c5bd212d0,62ed2b0c5bd212d0,real,real,BigGAN,train,train,0
636bcc31b64e944d,636bcc31b64e944d,fake,sd_v1_4,stable_diffusion_v_1_4,train,unused,0
637a89ed8eced157,637a89ed8eced157,fake,sd_v1_4,stable_diffusion_v_1_4,val,unused,0
6387bff530189780,6387bff530189780,real,real,ADM,train,train,1
6390639148579f99,6390639148579f99,real,real,BigGAN,val,val,0
63cb08772a4ea60a,63cb08772a4ea60a,real,real,ADM,train,train,0
63e7570d9b2a9537,63e7570d9b2a9537,real,real,stable_diffusion_v_1_4,train,train,0
63e7c31c5889fec1,63e7c31c5889fec1,real,real,stable_diffusion_v_1_4,train,train,1
63efc1e059bc5edb,63efc1e059bc5edb,fake,adm,ADM,train,train,0
63f58e34a90a4fb3,63f58e34a90a4fb3,fake,sd_v1_4,stable_diffusion_v_1_4,train,unused,1
63fa5be9a531c602,63fa5be9a531c602,fake,biggan,BigGAN,train,train,0
6406e68c6974c110,6406e68c6974c110,fake,adm,ADM,train,train,0
64397e9f4c871b08,64397e9f4c871b08,real,real,BigGAN,test,test,0
64728a7f531c5c93,64728a7f531c5c93,fake,sd_v1_4,stable_diffusion_v_1_4,test,test,0
6499e306c575b024,6499e306c575b024,fake,adm,ADM,train,train,0
64ac549f171d2e0a,64ac549f171d2e0a,fake,adm,ADM,test,test,0
64b4c1592f00c4b7,64b4c1592f00c4b7,fake,biggan,BigGAN,test,test,0
64c8752943b2d6b4,64c8752943b2d6b4,real,real,BigGAN,train,train,0
64eededf797f57e3,64eededf797f57e3,real,real,stable_diffusion_v_1_4,train,train,0
652622fc0a4f1b32,652622fc0a4f1b32,real,real,BigGAN,train,train,0
6535d3d74b56575e,6535d3d74b56575e,fake,adm,ADM,test,test,0
65372f2ea37618b4,65372f2ea37618b4,fake,sd_v1_4,stable_diffusion_v_1_4,test,test,0
653bb1cef7b3e9c3,653bb1cef7b3e9c3,real,real,ADM,train,train,0
654346d56fd9a426,654346d56fd9a426,fake,biggan,BigGAN,train,train,0
654650cb4277cd51,654650cb4277cd51,real,real,ADM,val,val,0
6551d4d507c2040b,6551d4d507c2040b,real,real,BigGAN,val,val,1
65606406ca326c58,65606406ca326c58,real,real,BigGAN,train,train,0
656a0a0eab56cbef,656a0a0eab56cbef,fake,adm,ADM,train,train,0
658ac0d7e08f5c37,658ac0d7e08f5c37,real,real,stable_diffusion_v_1_4,val,val,0
65b7c39a805af8b6,65b7c39a805af8b6,fake,biggan,BigGAN,test,test,0
65f895f82b1fdcbf,65f895f82b1fdcbf,fake,biggan,BigGAN,test,test,0
65fb7bf923968d69,65fb7bf923968d69,fake,adm,ADM,test,test,0
66453ed1ff3002a6,66453ed1ff3002a6,fake,sd_v1_4,stable_diffusion_v_1_4,val,unused,0
668ff4db283f15ef,668ff4db283f15ef,fake,biggan,BigGAN,test,test,1
66ca8af3f0bfe816,66ca8af3f0bfe816,real,real,BigGAN,train,train,0
66d100864f984bfe,66d100864f984bfe,fake,biggan,BigGAN,test,test,1
66df8b511fe8ef9f,66df8b511fe8ef9f,fake,sd_v1_4,stable_diffusion_v_1_4,train,unused,1
671812434c8bddef,671812434c8bddef,fake,sd_v1_4,stable_diffusion_v_1_4,train,unused,0
671ca4fa12ffe584,671ca4fa12ffe584,real,real,ADM,train,train,0
67205fb639bfd3c9,67205fb639bfd3c9,fake,adm,ADM,train,train,0
673925dc8abe13c7,673925dc8abe13c7,fake,biggan,BigGAN,test,test,0
67394f5af8d5cf7b,67394f5af8d5cf7b,fake,adm,ADM,train,train,1
673a1de7ce67968f,673a1de7ce67968f,real,real,BigGAN,train,train,0
67461f7d9d8990aa,67461f7d9d8990aa,fake,sd_v1_4,stable_diffusion_v_1_4,val,unused,0
67519f4d6cbb7095,67519f4d6cbb7095,fake,biggan,BigGAN,val,val,0
67a34efdba796056,67a34efdba796056,fake,adm,ADM,train,train,0
67a731fca40d60ab,67a731fca40d60ab,real,real,BigGAN,train,train,0
67d0fd5f07a0313b,67d0fd5f07a0313b,fake,sd_v1_4,stable_diffusion_v_1_4,train,unused,0
67d489dc177e3ed0,67d489dc177e3ed0,real,real,BigGAN,train,train,0
67f006926630f055,67f006926630f055,real,real,BigGAN,train,train,0
67f0c0d994e89d39,67f0c0d994e89d39,fake,biggan,BigGAN,train,train,0
67f5ef92439b0c99,67f5ef92439b0c99,real,real,ADM,train,train,0
680813c3ccf9b688,680813c3ccf9b688,fake,biggan,BigGAN,val,val,0
680bec0fd3e13ba9,680bec0fd3e13ba9,fake,adm,ADM,train,train,0
680c8b3c40ff92c7,680c8b3c40ff92c7,fake,adm,ADM,test,test,0
68266b2b78fcd7db,68266b2b78fcd7db,fake,biggan,BigGAN,train,train,0
6848292862381c92,6848292862381c92,real,real,ADM,train,train,0
685ad89b0f416c53,685ad89b0f416c53,real,real,ADM,train,train,0
68689dc461c00553,68689dc461c00553,fake,biggan,BigGAN,val,val,0
68a96e948d6f8022,68a96e948d6f8022,real,real,ADM,val,val,1
68c0ae79ce5078c0,68c0ae79ce5078c0,fake,adm,ADM,train,train,0
68db5817c68d55ef,68db5817c68d55ef,fake,biggan,BigGAN,train,train,0
68e4ce6a7cacb162,68e4ce6a7cacb162,real,real,stable_diffusion_v_1_4,train,train,0
68f6146a612a72f2,68f6146a612a72f2,fake,biggan,BigGAN,train,train,0
691abab6e8c8fa77,691abab6e8c8fa77,real,real,ADM,train,train,0
694306075011fe26,694306075011fe26,fake,sd_v1_4,stable_diffusion_v_1_4,test,test,0
695c2eb14381642d,695c2eb14381642d,real,real,stable_diffusion_v_1_4,val,val,0
697144365f1aed52,697144365f1aed52,fake,biggan,BigGAN,train,train,0
69739d88d8baf215,69739d88d8baf215,fake,adm,ADM,val,val,0
6973b68c1b0e2cb2,6973b68c1b0e2cb2,real,real,BigGAN,train,train,1
697a037adea773f8,697a037adea773f8,fake,biggan,BigGAN,train,train,0
6980a1865ad552ab,6980a1865ad552ab,real,real,stable_diffusion_v_1_4,train,train,0
69a4dc2f49ebbe9c,69a4dc2f49ebbe9c,fake,biggan,BigGAN,train,train,0
69dfc82df12522c8,69dfc82df12522c8,real,real,BigGAN,val,val,0
69e06701b2e0c724,69e06701b2e0c724,real,real,BigGAN,train,train,0
69e3f582b3745c91,69e3f582b3745c91,fake,adm,ADM,train,train,0
69fae69c7e63f1b8,69fae69c7e63f1b8,real,real,BigGAN,val,val,1
6a0e2df8b72ded7c,6a0e2df8b72ded7c,fake,adm,ADM,test,test,0
6a1bbbf2eeea44bb,6a1bbbf2eeea44bb,fake,adm,ADM,train,train,1
6a2ce0239a752fa4,6a2ce0239a752fa4,real,real,stable_diffusion_v_1_4,val,val,0
6a3a39ed41742070,6a3a39ed41742070,fake,sd_v1_4,stable_diffusion_v_1_4,test,test,0
6a429d049d5e77db,6a429d049d5e77db,real,real,ADM,test,test,0
6a8824b2aa89e9a2,6a8824b2aa89e9a2,real,real,BigGAN,train,train,0
6aa84af01fd98628,6aa84af01fd98628,fake,sd_v1_4,stable_diffusion_v_1_4,test,test,0
6ab47c48459a7134,6ab47c48459a7134,fake,adm,ADM,train,train,0
6ac316aa0ccc9471,6ac316aa0ccc9471,fake,sd_v1_4,stable_diffusion_v_1_4,test,test,0
6acbc688f1c4060e,6acbc688f1c4060e,real,real,BigGAN,train,train,0
6ad84b757567abe0,6ad84b757567abe0,real,real,ADM,test,test,0
6aedba9a0f36cad0,6aedba9a0f36cad0,real,real,stable_diffusion_v_1_4,train,train,0
6af52e4a41956228,6af52e4a41956228,fake,sd_v1_4,stable_diffusion_v_1_4,val,unused,0
6b1334ecca2cf2cc,6b1334ecca2cf2cc,fake,biggan,BigGAN,test,test,0
6b2d9c452929408b,6b2d9c452929408b,real,real,BigGAN,train,train,1
6b3477b30b35715f,6b3477b30b35715f,real,real,stable_diffusion_v_1_4,train,train,0
6b4bb0f5a6f7a3e8,6b4bb0f5a6f7a3e8,real,real,BigGAN,val,val,1
6b505e3a084684d9,6b505e3a084684d9,real,real,ADM,test,test,0
6b9e6469ff2f2896,6b9e6469ff2f2896,fake,adm,ADM,train,train,0
6ba775f099e281c4,6ba775f099e281c4,real,real,stable_diffusion_v_1_4,val,val,0
6bb9e6e87980dc72,6bb9e6e87980dc72,fake,sd_v1_4,stable_diffusion_v_1_4,train,unused,0
6bbe82089aa0cded,6bbe82089aa0cded,real,real,stable_diffusion_v_1_4,train,train,0
6bd805c73bb99920,6bd805c73bb99920,fake,adm,ADM,train,train,0
6be919690e91411c,6be919690e91411c,real,real,stable_diffusion_v_1_4,train,train,0
6c030fcf09be65ab,6c030fcf09be65ab,real,real,BigGAN,train,train,0
6c14aeaea2c94167,6c14aeaea2c94167,fake,adm,ADM,train,train,0
6c1dfa721f3ff16e,6c1dfa721f3ff16e,fake,biggan,BigGAN,train,train,0
6c66abbcf6d23c77,6c66abbcf6d23c77,real,real,stable_diffusion_v_1_4,train,train,0
6c7012ce1e8079e1,6c7012ce1e8079e1,real,real,ADM,test,test,1
6c858685c59be627,6c858685c59be627,real,real,ADM,train,train,0
6c9445ef2ba481fc,6c9445ef2ba481fc,real,real,stable_diffusion_v_1_4,train,train,0
6c96992dee7f0f7b,6c96992dee7f0f7b,fake,sd_v1_4,stable_diffusion_v_1_4,val,unused,1
6ca7bdb5cb86b939,6ca7bdb5cb86b939,fake,sd_v1_4,stable_diffusion_v_1_4,train,unused,0
6cb732cb7fa6a9ce,6cb732cb7fa6a9ce,fake,biggan,BigGAN,train,train,0
6cbcc13afd5528a4,6cbcc13afd5528a4,real,real,BigGAN,train,train,0
6cbdd04df9cab74e,6cbdd04df9cab74e,fake,biggan,BigGAN,train,train,0
6cc8ac3e559a8f2c,6cc8ac3e559a8f2c,fake,sd_v1_4,stable_diffusion_v_1_4,train,unused,0
6cf0c119a3ba1e38,6cf0c119a3ba1e38,fake,biggan,BigGAN,test,test,0
6d0dc7c79e08e38a,6d0dc7c79e08e38a,real,real,BigGAN,train,train,0
6d2ad61c6f1246a5,6d2ad61c6f1246a5,real,real,ADM,train,train,1
6d326d37c240846a,6d326d37c240846a,fake,adm,ADM,train,train,0
6d41dabddd25a61a,6d41dabddd25a61a,real,real,BigGAN,val,val,0
6d6f27c3fa1649e2,6d6f27c3fa1649e2,fake,biggan,BigGAN,train,train,1
6d73c7fb54ef582c,6d73c7fb54ef582c,real,real,BigGAN,train,train,0
6d7554c788e3e8ee,6d7554c788e3e8ee,fake,biggan,BigGAN,test,test,1
6da58fdffecfa740,6da58fdffecfa740,real,real,ADM,test,test,1
6df021fe77a9a2e5,6df021fe77a9a2e5,real,real,BigGAN,train,train,0
6e0a44e818694c29,6e0a44e818694c29,fake,biggan,BigGAN,train,train,0
6e0e053a8c003bd5,6e0e053a8c003bd5,fake,sd_v1_4,stable_diffusion_v_1_4,val,unused,1
6e106de2d6b72102,6e106de2d6b72102,real,real,stable_diffusion_v_1_4,test,test,0
6e1854238b982ac8,6e1854238b982ac8,fake,adm,ADM,train,train,0
6e42967cb3a975b7,6e42967cb3a975b7,real,real,ADM,train,train,0
6e4daad982050ce6,6e4daad982050ce6,fake,adm,ADM,train,train,1
6e5b9a7c61cc30ff,6e5b9a7c61cc30ff,real,real,stable_diffusion_v_1_4,train,train,0
6e5cf789f575af0b,6e5cf789f575af0b,fake,adm,ADM,test,test,0
6e82a517e4331a1d,6e82a517e4331a1d,fake,biggan,BigGAN,train,train,0
6e9cf273e96d8da3,6e9cf273e96d8da3,fake,adm,ADM,train,train,0
6ea332c3aacba8ec,6ea332c3aacba8ec,real,real,ADM,train,train,0
6eb14db5d4eeb49d,6eb14db5d4eeb49d,fake,biggan,BigGAN,train,train,0
6ee01b39ff3f40ce,6ee01b39ff3f40ce,fake,adm,ADM,train,train,0
6f165a383162c9cc,6f165a383162c9cc,real,real,BigGAN,val,val,1
6f2bb4b6cf439ebc,6f2bb4b6cf439ebc,real,real,stable_diffusion_v_1_4,train,train,0
6f3a4011f09d2b97,6f3a4011f09d2b97,real,real,BigGAN,train,train,0
6f575da57900a0ee,6f575da57900a0ee,fake,sd_v1_4,stable_diffusion_v_1_4,val,unused,1
6f5a4b4599ba353b,6f5a4b4599ba353b,fake,sd_v1_4,stable_diffusion_v_1_4,train,unused,0
6f5f83d7b9051c1a,6f5f83d7b9051c1a,real,real,stable_diffusion_v_1_4,train,train,0
6f608c0ec5539ac9,6f608c0ec5539ac9,fake,sd_v1_4,stable_diffusion_v_1_4,train,unused,0
6f72d09c6da757ea,6f72d09c6da757ea,fake,biggan,BigGAN,val,val,0
6f7a96b911a072e8,6f7a96b911a072e8,real,real,stable_diffusion_v_1_4,train,train,1
6f7da169905698b5,6f7da169905698b5,fake,biggan,BigGAN,val,val,0
6fa9e0c63a7fcd63,6fa9e0c63a7fcd63,fake,sd_v1_4,stable_diffusion_v_1_4,val,unused,0
6fbf974d742a1457,6fbf974d742a1457,real,real,ADM,train,train,0
6fd44bfea75171a3,6fd44bfea75171a3,real,real,BigGAN,train,train,0
6fe419e60bf65e8b,6fe419e60bf65e8b,real,real,ADM,train,train,0
6ff32c47f379b9ec,6ff32c47f379b9ec,fake,adm,ADM,train,train,0
6ff7ee47ef37174d,6ff7ee47ef37174d,fake,adm,ADM,train,train,0
7012a6d1e895d050,7012a6d1e895d050,real,real,ADM,train,train,0
7013dbb5ab2782cd,7013dbb5ab2782cd,real,real,ADM,train,train,0
7019e0ccafccd029,7019e0ccafccd029,fake,biggan,BigGAN,train,train,0
70287fc9a6ca50b8,70287fc9a6ca50b8,fake,sd_v1_4,stable_diffusion_v_1_4,val,unused,0
703c4d3503f354ff,703c4d3503f354ff,fake,biggan,BigGAN,train,train,0
705a3cd0ab6e0164,705a3cd0ab6e0164,fake,biggan,BigGAN,train,train,0
70636ea28bb2da61,70636ea28bb2da61,fake,adm,ADM,train,train,0
7065be72d5790cf0,7065be72d5790cf0,real,real,BigGAN,val,val,0
707e7a36449cdea9,707e7a36449cdea9,fake,adm,ADM,test,test,1
70d6f1be96d2d9c4,70d6f1be96d2d9c4,real,real,BigGAN,train,train,0
70fced77f15a8ef6,70fced77f15a8ef6,real,real,BigGAN,train,train,0
70ff7a21149a5af1,70ff7a21149a5af1,real,real,ADM,train,train,0
710fdb3f4b1469c8,710fdb3f4b1469c8,real,real,ADM,train,train,0
7138374fdd1964e1,7138374fdd1964e1,real,real,stable_diffusion_v_1_4,test,test,0
713979669a6fa4f8,713979669a6fa4f8,real,real,stable_diffusion_v_1_4,test,test,0
71552c8668f8164b,71552c8668f8164b,fake,sd_v1_4,stable_diffusion_v_1_4,test,test,0
71885a57d552e924,71885a57d552e924,fake,adm,ADM,train,train,0
71c364ac6c7c0efe,71c364ac6c7c0efe,fake,adm,ADM,train,train,0
71c6fc38d9b5fe00,71c6fc38d9b5fe00,real,real,stable_diffusion_v_1_4,train,train,0
71cc241c32568c88,71cc241c32568c88,fake,sd_v1_4,stable_diffusion_v_1_4,train,unused,0
72133ed0fad30da7,72133ed0fad30da7,real,real,BigGAN,train,train,0
721d6494b0b731e1,721d6494b0b731e1,real,real,stable_diffusion_v_1_4,train,train,0
727f8338a86f440d,727f8338a86f440d,fake,adm,ADM,train,train,1
7280a9234b1ea070,7280a9234b1ea070,real,real,BigGAN,train,train,0
728c6059812dbe45,728c6059812dbe45,fake,biggan,BigGAN,train,train,0
729545b9346bc37a,729545b9346bc37a,real,real,ADM,train,train,0
729ddd28aba29179,729ddd28aba29179,real,real,stable_diffusion_v_1_4,test,test,0
72b288f6dc8e1641,72b288f6dc8e1641,real,real,ADM,train,train,0
72b3264bc9088c32,72b3264bc9088c32,real,real,ADM,val,val,0
72b7498ded80ae9e,72b7498ded80ae9e,real,real,BigGAN,test,test,0
72c12268e721dbb9,72c12268e721dbb9,fake,biggan,BigGAN,train,train,0
72d0c41cc7492964,72d0c41cc7492964,fake,sd_v1_4,stable_diffusion_v_1_4,val,unused,0
72dc292a69eec30e,72dc292a69eec30e,real,real,ADM,val,val,1
72dd317dd9a77f24,72dd317dd9a77f24,real,real,ADM,train,train,0
72e6637e624208ce,72e6637e624208ce,real,real,ADM,test,test,0
730425eec152226e,730425eec152226e,fake,biggan,BigGAN,train,train,0
7325965980333c02,7325965980333c02,real,real,stable_diffusion_v_1_4,train,train,0
732859a043265ee5,732859a043265ee5,fake,sd_v1_4,stable_diffusion_v_1_4,test,test,0
732a67770bdbeff7,732a67770bdbeff7,real,real,stable_diffusion_v_1_4,train,train,1
732adee7d6413e1e,732adee7d6413e1e,real,real,ADM,test,test,0
732d97411b05e0a4,732d97411b05e0a4,real,real,ADM,test,test,0
734c2fef26c31089,734c2fef26c31089,fake,adm,ADM,train,train,0
735593d62ace677c,735593d62ace677c,real,real,ADM,train,train,0
7375b39ca77ab616,7375b39ca77ab616,real,real,ADM,train,train,0
737987c35d48f366,737987c35d48f366,fake,sd_v1_4,stable_diffusion_v_1_4,test,test,0
737bfcdd30365936,737bfcdd30365936,fake,adm,ADM,train,train,1
738ee73593dca3cd,738ee73593dca3cd,fake,adm,ADM,train,train,1
739318cfa49c1c48,739318cfa49c1c48,real,real,BigGAN,train,train,0
739a03bc8f5c314d,739a03bc8f5c314d,fake,biggan,BigGAN,train,train,0
739df6ac4f23baa1,739df6ac4f23baa1,real,real,BigGAN,val,val,0
73a2a1a6f93946da,73a2a1a6f93946da,real,real,BigGAN,train,train,0
73aa0457195ac8ff,73aa0457195ac8ff,real,real,ADM,train,train,1
73f3b6d63d3ec029,73f3b6d63d3ec029,real,real,ADM,train,train,0
7415b17c84769704,7415b17c84769704,real,real,BigGAN,train,train,0
7418b1a291e88873,7418b1a291e88873,real,real,ADM,val,val,0
74376fe81c1c8823,74376fe81c1c8823,real,real,BigGAN,val,val,1
74440e855c1a4dfe,74440e855c1a4dfe,fake,sd_v1_4,stable_diffusion_v_1_4,train,unused,0
744c4e41e786caa6,744c4e41e786caa6,fake,biggan,BigGAN,val,val,0
744c8bd334d7f6ab,744c8bd334d7f6ab,fake,sd_v1_4,stable_diffusion_v_1_4,train,unused,0
74783a7b45d4d602,74783a7b45d4d602,real,real,stable_diffusion_v_1_4,train,train,0
749b08c450601c57,749b08c450601c57,real,real,stable_diffusion_v_1_4,train,train,0
74bcfdc26d9d8a15,74bcfdc26d9d8a15,fake,adm,ADM,val,val,0
74c1d55c24f700a0,74c1d55c24f700a0,real,real,ADM,train,train,1
74e8b6681ec52126,74e8b6681ec52126,fake,biggan,BigGAN,train,train,0
751372c6bcad21ab,751372c6bcad21ab,fake,adm,ADM,val,val,0
75192b3e583293f4,75192b3e583293f4,fake,adm,ADM,train,train,1
7529ea972de2a848,7529ea972de2a848,real,real,BigGAN,train,train,0
75421fbf63300e8c,75421fbf63300e8c,fake,biggan,BigGAN,val,val,0
7542d1de3367e985,7542d1de3367e985,fake,biggan,BigGAN,val,val,0
7556d17a6382480a,7556d17a6382480a,real,real,ADM,val,val,0
7564512f93122559,7564512f93122559,fake,sd_v1_4,stable_diffusion_v_1_4,train,unused,0
75731c70b2dbd6dc,75731c70b2dbd6dc,real,real,ADM,test,test,0
7578957bc7f8f2ff,7578957bc7f8f2ff,real,real,ADM,test,test,0
75875458c18abfe4,75875458c18abfe4,fake,adm,ADM,test,test,1
75b751a89c53ca9e,75b751a89c53ca9e,fake,adm,ADM,train,train,0
75d57fe8bd191103,75d57fe8bd191103,fake,adm,ADM,train,train,1
75e08f203e771ac1,75e08f203e771ac1,fake,adm,ADM,val,val,0
75e1900ee5601955,75e1900ee5601955,real,real,stable_diffusion_v_1_4,train,train,1
75e1f4dd194e9097,75e1f4dd194e9097,fake,sd_v1_4,stable_diffusion_v_1_4,val,unused,0
760a47006c0f1001,760a47006c0f1001,real,real,ADM,train,train,0
760b0ecf1bc31f34,760b0ecf1bc31f34,real,real,ADM,train,train,0
761e8fcea7490862,761e8fcea7490862,real,real,stable_diffusion_v_1_4,test,test,1
764d07daab8afeed,764d07daab8afeed,fake,sd_v1_4,stable_diffusion_v_1_4,train,unused,0
766ed37539ed812a,766ed37539ed812a,fake,sd_v1_4,stable_diffusion_v_1_4,val,unused,1
76863d81e6186613,76863d81e6186613,real,real,BigGAN,train,train,0
768f12ac72c5a808,768f12ac72c5a808,fake,adm,ADM,train,train,0
769a2b2a4baee742,769a2b2a4baee742,real,real,stable_diffusion_v_1_4,val,val,0
76a3f1088bd912b7,76a3f1088bd912b7,real,real,BigGAN,test,test,0
76bed055da698fdc,76bed055da698fdc,real,real,stable_diffusion_v_1_4,train,train,0
76ce4511182acac3,76ce4511182acac3,real,real,stable_diffusion_v_1_4,test,test,0
76d2d47b1a3fb876,76d2d47b1a3fb876,fake,adm,ADM,train,train,0
7707267bcb8099ed,7707267bcb8099ed,real,real,ADM,train,train,0
7707bcf756fab799,7707bcf756fab799,real,real,stable_diffusion_v_1_4,val,val,0
771ff20eb4adbca2,771ff20eb4adbca2,real,real,stable_diffusion_v_1_4,test,test,0
774e604883c65e93,774e604883c65e93,fake,sd_v1_4,stable_diffusion_v_1_4,train,unused,0
775ad2ba0dd65b71,775ad2ba0dd65b71,fake,sd_v1_4,stable_diffusion_v_1_4,train,unused,0
775e4a9d7bb6aff9,775e4a9d7bb6aff9,real,real,BigGAN,train,train,0
77657aefa59ad569,77657aefa59ad569,real,real,BigGAN,test,test,1
77699b558b6b4cce,77699b558b6b4cce,real,real,BigGAN,train,train,0
7778850b183ec1b9,7778850b183ec1b9,real,real,BigGAN,train,train,0
778c9096f9efeeaf,778c9096f9efeeaf,real,real,stable_diffusion_v_1_4,test,test,0
77a3fce038471222,77a3fce038471222,fake,sd_v1_4,stable_diffusion_v_1_4,val,unused,0
77a57da9f537db43,77a57da9f537db43,fake,sd_v1_4,stable_diffusion_v_1_4,val,unused,0
77c9885444217cd3,77c9885444217cd3,fake,sd_v1_4,stable_diffusion_v_1_4,val,unused,0
77dadd85ce783841,77dadd85ce783841,real,real,ADM,test,test,0
77f0737fef1a10cf,77f0737fef1a10cf,real,real,BigGAN,test,test,0
780eb5435da91eac,780eb5435da91eac,fake,sd_v1_4,stable_diffusion_v_1_4,train,unused,1
782a80f2fdb80192,782a80f2fdb80192,fake,sd_v1_4,stable_diffusion_v_1_4,test,test,0
784adc395f82d9ff,784adc395f82d9ff,fake,biggan,BigGAN,train,train,0
784ff3d8053516f3,784ff3d8053516f3,real,real,stable_diffusion_v_1_4,train,train,0
786bc2441b9de355,786bc2441b9de355,real,real,BigGAN,train,train,0
786ee0a2d4c43ddb,786ee0a2d4c43ddb,fake,sd_v1_4,stable_diffusion_v_1_4,val,unused,0
78c15aeaa6ad29d0,78c15aeaa6ad29d0,real,real,stable_diffusion_v_1_4,train,train,0
790b39d3ebed8874,790b39d3ebed8874,fake,biggan,BigGAN,test,test,0
79238e7c640332c2,79238e7c640332c2,real,real,BigGAN,train,train,0
792b834026cd4d9d,792b834026cd4d9d,fake,sd_v1_4,stable_diffusion_v_1_4,val,unused,1
792c3bd533c61896,792c3bd533c61896,fake,adm,ADM,train,train,0
7933c88f8df7db26,7933c88f8df7db26,real,real,stable_diffusion_v_1_4,test,test,1
793d7d1f64ab5628,793d7d1f64ab5628,real,real,BigGAN,train,train,0
7946018058439689,7946018058439689,fake,biggan,BigGAN,test,test,0
794731f41e255cb7,794731f41e255cb7,real,real,ADM,val,val,1
794b54a78d0acdee,794b54a78d0acdee,real,real,stable_diffusion_v_1_4,val,val,0
7956328b00714ba1,7956328b00714ba1,real,real,ADM,train,train,0
795929613dcfd0ca,795929613dcfd0ca,real,real,BigGAN,train,train,1
79712547fe873831,79712547fe873831,real,real,BigGAN,test,test,0
798e0be6774a11d4,798e0be6774a11d4,real,real,ADM,train,train,0
79944b93b523b18f,79944b93b523b18f,fake,adm,ADM,train,train,0
79a827014bccbbcf,79a827014bccbbcf,real,real,ADM,test,test,0
79b0a925d026b624,79b0a925d026b624,fake,sd_v1_4,stable_diffusion_v_1_4,train,unused,0
79d7bc00ed4bc318,79d7bc00ed4bc318,fake,sd_v1_4,stable_diffusion_v_1_4,train,unused,0
79ec7ac6f05b6db9,79ec7ac6f05b6db9,real,real,ADM,train,train,0
7a2f307d7b191000,7a2f307d7b191000,real,real,stable_diffusion_v_1_4,train,train,0
7a514af49f763864,7a514af49f763864,real,real,BigGAN,val,val,0
7a69ebd9fa02a4cb,7a69ebd9fa02a4cb,real,real,stable_diffusion_v_1_4,test,test,0
7a6ba1544ecac4f0,7a6ba1544ecac4f0,real,real,stable_diffusion_v_1_4,train,train,0
7a6ed68af65088e9,7a6ed68af65088e9,real,real,ADM,train,train,1
7a714e29c55e9587,7a714e29c55e9587,fake,biggan,BigGAN,val,val,0
7a88d2e11a5166ed,7a88d2e11a5166ed,fake,biggan,BigGAN,train,train,0
7aa5019c37c54bfe,7aa5019c37c54bfe,real,real,ADM,test,test,0
7ab245fd14dbc849,7ab245fd14dbc849,real,real,stable_diffusion_v_1_4,test,test,1
7abdc7c3e9ffe621,7abdc7c3e9ffe621,fake,sd_v1_4,stable_diffusion_v_1_4,train,unused,0
7ac03eee5a9ffe58,7ac03eee5a9ffe58,fake,sd_v1_4,stable_diffusion_v_1_4,train,unused,0
7ad274db6ca6d555,7ad274db6ca6d555,real,real,BigGAN,train,train,1
7b07175b4c099efa,7b07175b4c099efa,fake,biggan,BigGAN,train,train,0
7b3cd35534854d6e,7b3cd35534854d6e,real,real,ADM,train,train,0
7b3df5e752243c8a,7b3df5e752243c8a,fake,sd_v1_4,stable_diffusion_v_1_4,val,unused,0
7b4502ef7eeb9f5e,7b4502ef7eeb9f5e,real,real,BigGAN,train,train,0
7b51c9641c89be96,7b51c9641c89be96,real,real,stable_diffusion_v_1_4,train,train,0
7b600b61e5436b11,7b600b61e5436b11,fake,adm,ADM,train,train,0
7b7de5fb2b16e1f0,7b7de5fb2b16e1f0,real,real,stable_diffusion_v_1_4,train,train,0
7ba98cb4496e9581,7ba98cb4496e9581,fake,sd_v1_4,stable_diffusion_v_1_4,train,unused,0
7bbaf238fb2553ae,7bbaf238fb2553ae,fake,adm,ADM,test,test,0
7bc163d04d1d1f27,7bc163d04d1d1f27,fake,biggan,BigGAN,train,train,0
7bd1e33c7bbaee04,7bd1e33c7bbaee04,fake,biggan,BigGAN,val,val,0
7be5b61570bee292,7be5b61570bee292,real,real,BigGAN,val,val,0
7bf8c121e5f790f9,7bf8c121e5f790f9,fake,biggan,BigGAN,train,train,0
7bf9dfd4f167539c,7bf9dfd4f167539c,fake,biggan,BigGAN,val,val,0
7c0a096f1e9809d0,7c0a096f1e9809d0,real,real,BigGAN,val,val,0
7c0e3a3944e978bf,7c0e3a3944e978bf,fake,sd_v1_4,stable_diffusion_v_1_4,train,unused,0
7c193b49c241f671,7c193b49c241f671,real,real,stable_diffusion_v_1_4,train,train,0
7c1bd6552ac549c8,7c1bd6552ac549c8,real,real,ADM,train,train,0
7c365e2168d55ee9,7c365e2168d55ee9,real,real,stable_diffusion_v_1_4,val,val,0
7c51a610f8fa9820,7c51a610f8fa9820,real,real,stable_diffusion_v_1_4,train,train,0
7c8762bd561be450,7c8762bd561be450,fake,biggan,BigGAN,train,train,0
7c97062e98b46b76,7c97062e98b46b76,fake,biggan,BigGAN,val,val,0
7cb8ae245c9f42c1,7cb8ae245c9f42c1,real,real,stable_diffusion_v_1_4,test,test,0
7cc282e5449a04d6,7cc282e5449a04d6,fake,biggan,BigGAN,test,test,0
7cc2f3f16faff9e0,7cc2f3f16faff9e0,real,real,ADM,train,train,0
7ccecfe2480da9e7,7ccecfe2480da9e7,real,real,BigGAN,test,test,1
7cd7327bc8b81e43,7cd7327bc8b81e43,real,real,BigGAN,train,train,0
7cf02297f68de1a2,7cf02297f68de1a2,fake,adm,ADM,train,train,0
7cf88795aa7a0fe5,7cf88795aa7a0fe5,real,real,stable_diffusion_v_1_4,val,val,0
7d2ae574ed94fc3b,7d2ae574ed94fc3b,fake,biggan,BigGAN,train,train,0
7d4a4d6c2f76532d,7d4a4d6c2f76532d,fake,sd_v1_4,stable_diffusion_v_1_4,val,unused,0
7d5a68d4aac1c9c9,7d5a68d4aac1c9c9,fake,biggan,BigGAN,train,train,0
7d5db160275ac886,7d5db160275ac886,real,real,BigGAN,test,test,0
7d768109dd371dfc,7d768109dd371dfc,real,real,ADM,val,val,0
7d7e2f30aaab55b2,7d7e2f30aaab55b2,fake,adm,ADM,test,test,0
7df2d4a215464b16,7df2d4a215464b16,real,real,stable_diffusion_v_1_4,test,test,0
7e02972ca5dbc653,7e02972ca5dbc653,real,real,stable_diffusion_v_1_4,train,train,0
7e106ac8846c8356,7e106ac8846c8356,real,real,BigGAN,train,train,1
7e56611e35964898,7e56611e35964898,real,real,stable_diffusion_v_1_4,train,train,0
7e5db79204f5a55e,7e5db79204f5a55e,fake,biggan,BigGAN,train,train,1
7e5e51fc9afd8b56,7e5e51fc9afd8b56,real,real,stable_diffusion_v_1_4,train,train,0
7e5f2c8fcebd6162,7e5f2c8fcebd6162,fake,adm,ADM,train,train,0
7eb0d2a55817901e,7eb0d2a55817901e,real,real,ADM,test,test,0
7ece4bc18b0e0524,7ece4bc18b0e0524,real,real,ADM,val,val,0
7ee0bf0e3e59e1f5,7ee0bf0e3e59e1f5,real,real,BigGAN,train,train,0
7ef927c325a3ddbc,7ef927c325a3ddbc,fake,adm,ADM,val,val,1
7f261f58ba14a9cb,7f261f58ba14a9cb,fake,adm,ADM,train,train,0
7f32394df30c5f35,7f32394df30c5f35,real,real,ADM,test,test,0
7f5124a2bdd8dbc1,7f5124a2bdd8dbc1,real,real,BigGAN,val,val,1
7f6b68ca571d8c2b,7f6b68ca571d8c2b,real,real,BigGAN,train,train,0
7f7e71b1bdd60a88,7f7e71b1bdd60a88,fake,biggan,BigGAN,train,train,0
7f8c5bbdfa770c98,7f8c5bbdfa770c98,fake,sd_v1_4,stable_diffusion_v_1_4,test,test,0
7f9ffbde838f6f43,7f9ffbde838f6f43,real,real,ADM,test,test,0
7facbce7256b1f54,7facbce7256b1f54,fake,biggan,BigGAN,train,train,0
7fd0b3aecf253b1a,7fd0b3aecf253b1a,real,real,ADM,val,val,0
7fdec966dc927abc,7fdec966dc927abc,fake,biggan,BigGAN,test,test,0
8044181f63b78f27,8044181f63b78f27,fake,biggan,BigGAN,train,train,1
806e264f2d59d5de,806e264f2d59d5de,real,real,BigGAN,test,test,0
8078453a4b4f5029,8078453a4b4f5029,fake,biggan,BigGAN,train,train,0
80a96bb9594f87b4,80a96bb9594f87b4,fake,biggan,BigGAN,test,test,0
80abf8cd44a624ec,80abf8cd44a624ec,real,real,stable_diffusion_v_1_4,train,train,0
80ef2fd60538dba8,80ef2fd60538dba8,fake,biggan,BigGAN,train,train,0
80fc1030207036dd,80fc1030207036dd,real,real,ADM,train,train,0
8112dcfa54201ef7,8112dcfa54201ef7,fake,biggan,BigGAN,val,val,0
8123fb1ae56cd758,8123fb1ae56cd758,fake,sd_v1_4,stable_diffusion_v_1_4,train,unused,1
8138e684251bba96,8138e684251bba96,real,real,ADM,test,test,0
816215a7f76924c1,816215a7f76924c1,fake,adm,ADM,train,train,0
818a0605239c17ef,818a0605239c17ef,fake,biggan,BigGAN,val,val,0
818eb9a56dc97914,818eb9a56dc97914,real,real,BigGAN,train,train,0
8192ef347787507d,8192ef347787507d,real,real,BigGAN,val,val,0
81bb2df068af483a,81bb2df068af483a,real,real,stable_diffusion_v_1_4,train,train,0
81d4578af4703612,81d4578af4703612,real,real,stable_diffusion_v_1_4,train,train,0
82071b6536df3b5c,82071b6536df3b5c,real,real,stable_diffusion_v_1_4,train,train,1
8217057ffc892cfc,8217057ffc892cfc,fake,biggan,BigGAN,train,train,0
823aa4245fc26526,823aa4245fc26526,real,real,stable_diffusion_v_1_4,val,val,0
824e04368de88ab9,824e04368de88ab9,fake,sd_v1_4,stable_diffusion_v_1_4,val,unused,1
8270c12c3053f972,8270c12c3053f972,real,real,ADM,train,train,0
827dbcf4da821f08,827dbcf4da821f08,fake,biggan,BigGAN,train,train,0
82a6969333a3b223,82a6969333a3b223,real,real,ADM,val,val,0
82c4ab358fa17af5,82c4ab358fa17af5,real,real,stable_diffusion_v_1_4,train,train,1
82c6ad36e7ed8a68,82c6ad36e7ed8a68,fake,biggan,BigGAN,val,val,0
82d9ca5f6baf2613,82d9ca5f6baf2613,fake,biggan,BigGAN,test,test,0
82e538c084323859,82e538c084323859,real,real,stable_diffusion_v_1_4,train,train,0
82f1931d614e321d,82f1931d614e321d,fake,sd_v1_4,stable_diffusion_v_1_4,train,unused,0
8329978b533bb829,8329978b533bb829,fake,biggan,BigGAN,train,train,1
835a4cea886935c5,835a4cea886935c5,real,real,stable_diffusion_v_1_4,train,train,0
8374afe9c9f3ef4d,8374afe9c9f3ef4d,fake,adm,ADM,test,test,1
839a7f9d89e5db84,839a7f9d89e5db84,real,real,stable_diffusion_v_1_4,train,train,0
839c244d15bee3f6,839c244d15bee3f6,fake,adm,ADM,test,test,0
83b58bc834987d4c,83b58bc834987d4c,real,real,BigGAN,train,train,0
83d5cd6fd6e38e4f,83d5cd6fd6e38e4f,fake,biggan,BigGAN,test,test,0
83dc95be9d5a67bc,83dc95be9d5a67bc,fake,adm,ADM,val,val,0
83e152ca3b8d5f0a,83e152ca3b8d5f0a,fake,adm,ADM,train,train,0
83fe21aca7f64520,83fe21aca7f64520,real,real,stable_diffusion_v_1_4,train,train,0
84118efb957404c6,84118efb957404c6,fake,sd_v1_4,stable_diffusion_v_1_4,test,test,0
8413a4c9b5f53b3c,8413a4c9b5f53b3c,fake,adm,ADM,val,val,0
841a7f6e3eb798d9,841a7f6e3eb798d9,real,real,ADM,train,train,0
8421c4347ff09bb8,8421c4347ff09bb8,fake,adm,ADM,train,train,0
84243db456f49d89,84243db456f49d89,real,real,BigGAN,train,train,0
842b33b63dbb2a6e,842b33b63dbb2a6e,fake,biggan,BigGAN,train,train,0
8436f831988ffa80,8436f831988ffa80,fake,adm,ADM,train,train,0
844502f768e5a5eb,844502f768e5a5eb,fake,sd_v1_4,stable_diffusion_v_1_4,val,unused,0
849544c0524bb94b,849544c0524bb94b,fake,adm,ADM,train,train,0
84aad538cd8f6307,84aad538cd8f6307,fake,sd_v1_4,stable_diffusion_v_1_4,train,unused,0
84acf4821b02c27e,84acf4821b02c27e,fake,sd_v1_4,stable_diffusion_v_1_4,test,test,0
84bbbe63a9ff0c35,84bbbe63a9ff0c35,fake,adm,ADM,train,train,1
84caed9e19e077a1,84caed9e19e077a1,fake,sd_v1_4,stable_diffusion_v_1_4,train,unused,0
84d92e6e79ad18b8,84d92e6e79ad18b8,real,real,ADM,train,train,0
84eb89beddf8da97,84eb89beddf8da97,real,real,BigGAN,test,test,0
84ed26fcceb7a212,84ed26fcceb7a212,real,real,BigGAN,train,train,0
84f45b04ae1f6756,84f45b04ae1f6756,fake,biggan,BigGAN,train,train,0
85268fdfd7401c88,85268fdfd7401c88,fake,biggan,BigGAN,train,train,0
85373c6b3028020c,85373c6b3028020c,real,real,ADM,train,train,0
855a2cac860fe082,855a2cac860fe082,fake,adm,ADM,test,test,0
8560ff1dadb6375f,8560ff1dadb6375f,real,real,BigGAN,test,test,0
858b0e51e3944be4,858b0e51e3944be4,real,real,ADM,train,train,0
85e627002adca131,85e627002adca131,real,real,BigGAN,train,train,0
862d199cf09b9325,862d199cf09b9325,fake,sd_v1_4,stable_diffusion_v_1_4,train,unused,0
86360e3135d3cf44,86360e3135d3cf44,fake,adm,ADM,train,train,0
863eb5e10ce2d801,863eb5e10ce2d801,real,real,BigGAN,val,val,0
864fae09cdbbf389,864fae09cdbbf389,real,real,ADM,test,test,0
865f2e52c2e03ebd,865f2e52c2e03ebd,real,real,stable_diffusion_v_1_4,train,train,0
866b2fd77f076f4b,866b2fd77f076f4b,real,real,stable_diffusion_v_1_4,train,train,0
868120dff70f3f91,868120dff70f3f91,real,real,stable_diffusion_v_1_4,val,val,1
86876a11f48411f1,86876a11f48411f1,fake,biggan,BigGAN,train,train,0
869bf66a5a16f6b2,869bf66a5a16f6b2,real,real,stable_diffusion_v_1_4,train,train,1
86ae0495091625a7,86ae0495091625a7,real,real,stable_diffusion_v_1_4,test,test,0
86aeff95b0d651ca,86aeff95b0d651ca,real,real,BigGAN,train,train,0
86b795b446034733,86b795b446034733,real,real,stable_diffusion_v_1_4,train,train,1
86bb48a1ab93c52d,86bb48a1ab93c52d,real,real,BigGAN,test,test,0
86c4fbd0d0459e54,86c4fbd0d0459e54,fake,biggan,BigGAN,train,train,0
86c56d3518c93091,86c56d3518c93091,real,real,ADM,val,val,0
86d56a71d0fb04d7,86d56a71d0fb04d7,real,real,ADM,train,train,1
86e6eff69f01ac8e,86e6eff69f01ac8e,fake,adm,ADM,test,test,0
86ea38b4b0ea3d1a,86ea38b4b0ea3d1a,fake,adm,ADM,train,train,1
86fa2e7e9f339968,86fa2e7e9f339968,real,real,BigGAN,test,test,0
87024f1a0bb3bc83,87024f1a0bb3bc83,real,real,ADM,train,train,0
87040e8fe107aee3,87040e8fe107aee3,real,real,BigGAN,train,train,0
871ce49cf6fad058,871ce49cf6fad058,fake,adm,ADM,test,test,1
872d7533741a4d2d,872d7533741a4d2d,fake,adm,ADM,test,test,0
8741071836ac647d,8741071836ac647d,real,real,stable_diffusion_v_1_4,val,val,0
8745a2c1fdf2375a,8745a2c1fdf2375a,fake,adm,ADM,val,val,0
87560207e3ee0b2c,87560207e3ee0b2c,fake,sd_v1_4,stable_diffusion_v_1_4,val,unused,0
87566a8f215e6b67,87566a8f215e6b67,fake,sd_v1_4,stable_diffusion_v_1_4,train,unused,0
87581323f36ce9aa,87581323f36ce9aa,fake,biggan,BigGAN,train,train,0
877fc8c1f0346893,877fc8c1f0346893,fake,adm,ADM,train,train,0
878b1033cbaf4b37,878b1033cbaf4b37,real,real,ADM,test,test,0
87b6983c57fdbac8,87b6983c57fdbac8,fake,sd_v1_4,stable_diffusion_v_1_4,train,unused,0
87bfef2535bcb528,87bfef2535bcb528,fake,sd_v1_4,stable_diffusion_v_1_4,train,unused,0
87d0293a5558f664,87d0293a5558f664,real,real,ADM,train,train,0
87e180c70f916689,87e180c70f916689,real,real,BigGAN,train,train,1
88017770206e0068,88017770206e0068,real,real,stable_diffusion_v_1_4,train,train,0
8820de5acf2ce5a6,8820de5acf2ce5a6,fake,adm,ADM,test,test,0
883f43cb84437563,883f43cb84437563,fake,sd_v1_4,stable_diffusion_v_1_4,test,test,0
8842d9e2a74b6a72,8842d9e2a74b6a72,real,real,BigGAN,train,train,0
885814d7eeeb8bef,885814d7eeeb8bef,fake,adm,ADM,val,val,1
886263f163de6c91,886263f163de6c91,real,real,stable_diffusion_v_1_4,train,train,0
887e61ad41674b85,887e61ad41674b85,real,real,stable_diffusion_v_1_4,train,train,0
88a589aaad4f8663,88a589aaad4f8663,fake,biggan,BigGAN,train,train,1
88cc4464d2f14998,88cc4464d2f14998,real,real,ADM,train,train,0
88de2f41741ecb02,88de2f41741ecb02,real,real,BigGAN,val,val,0
88ecab81addf7663,88ecab81addf7663,real,real,stable_diffusion_v_1_4,train,train,0
8915d86e2acdfda0,8915d86e2acdfda0,real,real,ADM,train,train,0
892556921029243a,892556921029243a,real,real,stable_diffusion_v_1_4,train,train,0
892ddada37280662,892ddada37280662,fake,biggan,BigGAN,train,train,0
893d046a90898e2c,893d046a90898e2c,fake,adm,ADM,train,train,0
893d6be596f757fc,893d6be596f757fc,real,real,stable_diffusion_v_1_4,train,train,0
893f8e91fa7f5423,893f8e91fa7f5423,real,real,stable_diffusion_v_1_4,train,train,0
8944525eabfb189a,8944525eabfb189a,real,real,ADM,val,val,0
894ab8b0595fce4c,894ab8b0595fce4c,fake,sd_v1_4,stable_diffusion_v_1_4,train,unused,0
89536b96f6a75a1d,89536b96f6a75a1d,real,real,ADM,val,val,0
896a42258f613616,896a42258f613616,real,real,stable_diffusion_v_1_4,train,train,0
896c6ad08bb4f428,896c6ad08bb4f428,real,real,stable_diffusion_v_1_4,train,train,0
897e4210075fbd3b,897e4210075fbd3b,fake,sd_v1_4,stable_diffusion_v_1_4,val,unused,0
899531f190084a65,899531f190084a65,fake,biggan,BigGAN,val,val,0
89be51a48df94e1c,89be51a48df94e1c,fake,biggan,BigGAN,train,train,0
89f71b64b34cc86c,89f71b64b34cc86c,real,real,BigGAN,train,train,0
8a255251e630e21a,8a255251e630e21a,real,real,BigGAN,train,train,0
8a27a9b07ff27028,8a27a9b07ff27028,real,real,ADM,train,train,0
8a289d6906f4343d,8a289d6906f4343d,real,real,BigGAN,train,train,0
8a3fa76d738a35dc,8a3fa76d738a35dc,real,real,stable_diffusion_v_1_4,test,test,0
8a61770072d6f30d,8a61770072d6f30d,fake,adm,ADM,train,train,0
8a7f18d1a9e9f886,8a7f18d1a9e9f886,real,real,BigGAN,train,train,0
8a8aca4b877989a8,8a8aca4b877989a8,fake,biggan,BigGAN,train,train,0
8a9f13e56d303d0f,8a9f13e56d303d0f,real,real,ADM,val,val,0
8aa57e2933c6bc70,8aa57e2933c6bc70,real,real,stable_diffusion_v_1_4,test,test,0
8aaff25c2c21f89e,8aaff25c2c21f89e,fake,biggan,BigGAN,val,val,0
8abbc36ee5881132,8abbc36ee5881132,real,real,ADM,train,train,0
8ad84ab2bd79b369,8ad84ab2bd79b369,fake,biggan,BigGAN,train,train,0
8ae047691232fe12,8ae047691232fe12,fake,biggan,BigGAN,test,test,0
8b143902accebe0d,8b143902accebe0d,fake,biggan,BigGAN,train,train,0
8b1d674139a68d8d,8b1d674139a68d8d,fake,adm,ADM,train,train,0
8b2f6f79ac710ac3,8b2f6f79ac710ac3,fake,biggan,BigGAN,test,test,0
8b36fa9dd4067b68,8b36fa9dd4067b68,real,real,stable_diffusion_v_1_4,test,test,0
8b49016db0b91553,8b49016db0b91553,real,real,ADM,test,test,0
8b6a15db9ab89629,8b6a15db9ab89629,fake,biggan,BigGAN,train,train,0
8b773ae15cb4048c,8b773ae15cb4048c,real,real,stable_diffusion_v_1_4,train,train,1
8b82a64c384658df,8b82a64c384658df,fake,sd_v1_4,stable_diffusion_v_1_4,val,unused,0
8b9362d6b81b6270,8b9362d6b81b6270,real,real,stable_diffusion_v_1_4,test,test,1
8bc6f744187dd981,8bc6f744187dd981,real,real,BigGAN,test,test,0
8bebec23f8818017,8bebec23f8818017,fake,adm,ADM,test,test,0
8beeb99474930090,8beeb99474930090,real,real,stable_diffusion_v_1_4,train,train,0
8c01ccb4049f6174,8c01ccb4049f6174,fake,biggan,BigGAN,test,test,0
8c28e9531e0aec59,8c28e9531e0aec59,fake,adm,ADM,train,train,1
8c326e231076fe9a,8c326e231076fe9a,fake,biggan,BigGAN,val,val,0
8cf565fa0555fb20,8cf565fa0555fb20,real,real,stable_diffusion_v_1_4,train,train,0
8cf95670b260e563,8cf95670b260e563,fake,sd_v1_4,stable_diffusion_v_1_4,train,unused,0
8d12778e3ce91d6c,8d12778e3ce91d6c,fake,biggan,BigGAN,train,train,0
8d17a9eb51df30a9,8d17a9eb51df30a9,real,real,BigGAN,train,train,0
8d17d9ff78190d7f,8d17d9ff78190d7f,real,real,ADM,train,train,0
8d1e7a94802c91e7,8d1e7a94802c91e7,real,real,BigGAN,train,train,0
8d2ffb0ddba5c615,8d2ffb0ddba5c615,fake,biggan,BigGAN,train,train,0
8d5029f53d747f47,8d5029f53d747f47,fake,biggan,BigGAN,val,val,0
8d73d4b76d2e90f4,8d73d4b76d2e90f4,fake,biggan,BigGAN,train,train,0
8d77744d15975e88,8d77744d15975e88,fake,sd_v1_4,stable_diffusion_v_1_4,train,unused,0
8d81e1e22fa64c20,8d81e1e22fa64c20,real,real,stable_diffusion_v_1_4,test,test,0
8d89c1d64fa67466,8d89c1d64fa67466,fake,adm,ADM,train,train,0
8d98dbf38d5d10b9,8d98dbf38d5d10b9,real,real,stable_diffusion_v_1_4,train,train,0
8da7c0bfd8652750,8da7c0bfd8652750,real,real,stable_diffusion_v_1_4,train,train,0
8daf325fdc882053,8daf325fdc882053,real,real,ADM,val,val,0
8db77ae25d85f2b3,8db77ae25d85f2b3,fake,biggan,BigGAN,train,train,0
8db9e3407c8ab6e5,8db9e3407c8ab6e5,fake,sd_v1_4,stable_diffusion_v_1_4,train,unused,0
8dbbdf69cec5eb71,8dbbdf69cec5eb71,fake,sd_v1_4,stable_diffusion_v_1_4,val,unused,0
8e14ce0ee1da5d66,8e14ce0ee1da5d66,fake,sd_v1_4,stable_diffusion_v_1_4,test,test,1
8e5391a9dee24c0a,8e5391a9dee24c0a,real,real,stable_diffusion_v_1_4,train,train,0
8e56cee648d50983,8e56cee648d50983,real,real,ADM,train,train,0
8e64d4b263255434,8e64d4b263255434,fake,biggan,BigGAN,val,val,0
8e77999a4a9dfa58,8e77999a4a9dfa58,fake,sd_v1_4,stable_diffusion_v_1_4,train,unused,0
8ecefdb68cd07c23,8ecefdb68cd07c23,real,real,stable_diffusion_v_1_4,train,train,1
8eee96e0f5aa67ed,8eee96e0f5aa67ed,real,real,ADM,train,train,0
8f3f6e89e3318454,8f3f6e89e3318454,fake,biggan,BigGAN,train,train,0
8f41a3e6cf0e8adf,8f41a3e6cf0e8adf,real,real,stable_diffusion_v_1_4,train,train,0
8f5f0b23d3455a1d,8f5f0b23d3455a1d,fake,biggan,BigGAN,train,train,0
8f7058b23214f3ef,8f7058b23214f3ef,fake,sd_v1_4,stable_diffusion_v_1_4,test,test,0
8fbbdcb5a8123141,8fbbdcb5a8123141,fake,sd_v1_4,stable_diffusion_v_1_4,val,unused,0
8fc45db547b0a22b,8fc45db547b0a22b,real,real,ADM,train,train,0
90107d1fd2fab94b,90107d1fd2fab94b,fake,adm,ADM,train,train,0
901089d167063c71,901089d167063c71,fake,sd_v1_4,stable_diffusion_v_1_4,train,unused,0
9049ae8a12c6ff80,9049ae8a12c6ff80,real,real,ADM,test,test,0
904b766b51fdea82,904b766b51fdea82,real,real,ADM,val,val,1
904ee992395bfa61,904ee992395bfa61,fake,sd_v1_4,stable_diffusion_v_1_4,train,unused,0
905d9635ded21c9b,905d9635ded21c9b,real,real,stable_diffusion_v_1_4,train,train,0
905e46ae1a9f8cc3,905e46ae1a9f8cc3,fake,adm,ADM,train,train,0
908ea6f8025e22ed,908ea6f8025e22ed,fake,biggan,BigGAN,val,val,0
90a24dd01ee7f49e,90a24dd01ee7f49e,real,real,ADM,train,train,0
90a62aa11b2dbace,90a62aa11b2dbace,real,real,BigGAN,test,test,0
90baf76f096a5349,90baf76f096a5349,real,real,BigGAN,val,val,0
90e00eb0899e3839,90e00eb0899e3839,real,real,ADM,train,train,1
910d37e2697520b9,910d37e2697520b9,real,real,ADM,train,train,0
9111760ea817ddcb,9111760ea817ddcb,fake,biggan,BigGAN,val,val,0
9133e944794c7c42,9133e944794c7c42,fake,adm,ADM,val,val,0
9135e07953072d99,9135e07953072d99,real,real,BigGAN,val,val,0
917e7ee3fca4cc95,917e7ee3fca4cc95,fake,biggan,BigGAN,train,train,0
9187c0313dab7453,9187c0313dab7453,real,real,stable_diffusion_v_1_4,test,test,0
9193bd729d49bfb0,9193bd729d49bfb0,real,real,ADM,train,train,0
91996e5320f1ea28,91996e5320f1ea28,fake,sd_v1_4,stable_diffusion_v_1_4,train,unused,0
919b63f76f319c88,919b63f76f319c88,real,real,stable_diffusion_v_1_4,train,train,0
91a8b88619dd1643,91a8b88619dd1643,real,real,ADM,train,train,0
91a91fbc3a79e6ac,91a91fbc3a79e6ac,fake,sd_v1_4,stable_diffusion_v_1_4,train,unused,0
91bb711d1b0459b6,91bb711d1b0459b6,real,real,BigGAN,train,train,0
91c5457ec0a80df4,91c5457ec0a80df4,real,real,ADM,train,train,0
91c5ebd26836872a,91c5ebd26836872a,real,real,ADM,train,train,0
91c9d4478160488d,91c9d4478160488d,real,real,stable_diffusion_v_1_4,train,train,0
91ca64c15a2b591b,91ca64c15a2b591b,real,real,stable_diffusion_v_1_4,val,val,0
91cc2231dcff1269,91cc2231dcff1269,real,real,stable_diffusion_v_1_4,train,train,0
91e0cda623dac2ba,91e0cda623dac2ba,fake,adm,ADM,train,train,0
921bab4d07a3d3ac,921bab4d07a3d3ac,fake,sd_v1_4,stable_diffusion_v_1_4,train,unused,0
92293964153f9898,92293964153f9898,real,real,ADM,train,train,0
922abc7bf3c0887b,922abc7bf3c0887b,real,real,stable_diffusion_v_1_4,train,train,0
9236ad42aa989036,9236ad42aa989036,fake,adm,ADM,train,train,0
92435f2df58c69d1,92435f2df58c69d1,real,real,BigGAN,val,val,0
92468bdfe783aff8,92468bdfe783aff8,fake,adm,ADM,train,train,0
92589f61d083245a,92589f61d083245a,real,real,stable_diffusion_v_1_4,train,train,0
927ea1b2a9521e69,927ea1b2a9521e69,fake,adm,ADM,train,train,0
9280ee99791351de,9280ee99791351de,real,real,BigGAN,train,train,0
9281e98ff6d97570,9281e98ff6d97570,fake,biggan,BigGAN,train,train,0
9282b1a39c558178,9282b1a39c558178,real,real,ADM,val,val,1
928fcd144261ff0b,928fcd144261ff0b,fake,sd_v1_4,stable_diffusion_v_1_4,val,unused,0
9290f013f25ba061,9290f013f25ba061,real,real,stable_diffusion_v_1_4,test,test,0
9292a775164d35c7,9292a775164d35c7,fake,adm,ADM,train,train,1
929aea9583195e6c,929aea9583195e6c,real,real,stable_diffusion_v_1_4,test,test,0
929e00d533c911f7,929e00d533c911f7,fake,sd_v1_4,stable_diffusion_v_1_4,test,test,0
92be162e80592a84,92be162e80592a84,real,real,BigGAN,train,train,0
92c58dd887cb986b,92c58dd887cb986b,real,real,BigGAN,train,train,0
92dbbc530e9d6cde,92dbbc530e9d6cde,fake,biggan,BigGAN,val,val,1
92fea7dc81377413,92fea7dc81377413,fake,sd_v1_4,stable_diffusion_v_1_4,val,unused,0
931ad4f69060ea5d,931ad4f69060ea5d,fake,adm,ADM,train,train,1
935ad5caa8a7291d,935ad5caa8a7291d,fake,biggan,BigGAN,train,train,0
935d9b72f448f6f7,935d9b72f448f6f7,fake,sd_v1_4,stable_diffusion_v_1_4,train,unused,1
93685bee52adb3f0,93685bee52adb3f0,fake,sd_v1_4,stable_diffusion_v_1_4,train,unused,0
93779a9bfd43bf85,93779a9bfd43bf85,fake,adm,ADM,train,train,0
939018247fba7b9c,939018247fba7b9c,fake,sd_v1_4,stable_diffusion_v_1_4,test,test,0
93a02685dff4bc0f,93a02685dff4bc0f,fake,sd_v1_4,stable_diffusion_v_1_4,train,unused,0
93b920cd147ff387,93b920cd147ff387,real,real,BigGAN,train,train,0
93bf4909a84567e5,93bf4909a84567e5,real,real,ADM,test,test,0
93d8db7cf87cbec3,93d8db7cf87cbec3,real,real,ADM,test,test,1
93eaf9e06c1abba1,93eaf9e06c1abba1,real,real,ADM,train,train,1
94013dde8bc21516,94013dde8bc21516,fake,adm,ADM,val,val,0
94103cf784c9112c,94103cf784c9112c,fake,biggan,BigGAN,train,train,0
941c1fd27220659c,941c1fd27220659c,fake,sd_v1_4,stable_diffusion_v_1_4,train,unused,0
94220b21b30c4ac3,94220b21b30c4ac3,fake,sd_v1_4,stable_diffusion_v_1_4,test,test,0
945c06b219929b39,945c06b219929b39,real,real,BigGAN,test,test,0
949edf547623cd17,949edf547623cd17,real,real,BigGAN,test,test,0
94a33098a6f6f6d4,94a33098a6f6f6d4,real,real,BigGAN,train,train,0
94ba1e3221798f0d,94ba1e3221798f0d,real,real,ADM,test,test,0
94baef216a544dfd,94baef216a544dfd,fake,adm,ADM,train,train,1
94bcf2682d6c3dc2,94bcf2682d6c3dc2,real,real,stable_diffusion_v_1_4,test,test,0
94cf0a5bbb57f22c,94cf0a5bbb57f22c,real,real,ADM,val,val,1
94d80a7a4e7ae6fb,94d80a7a4e7ae6fb,fake,sd_v1_4,stable_diffusion_v_1_4,val,unused,0
94da9ba8dd221d0c,94da9ba8dd221d0c,real,real,ADM,test,test,0
94db8768eddeb605,94db8768eddeb605,fake,sd_v1_4,stable_diffusion_v_1_4,train,unused,0
94e36a975b238025,94e36a975b238025,fake,biggan,BigGAN,test,test,0
94f28a71500ea811,94f28a71500ea811,real,real,BigGAN,val,val,0
94f4970e826bc17d,94f4970e826bc17d,fake,biggan,BigGAN,train,train,0
94f797d1799f1590,94f797d1799f1590,real,real,ADM,test,test,0
94fb228d12cb6331,94fb228d12cb6331,real,real,ADM,train,train,1
95062ad76a36a573,95062ad76a36a573,fake,biggan,BigGAN,train,train,0
950a45226b43940d,950a45226b43940d,fake,adm,ADM,test,test,0
95118b0518000e09,95118b0518000e09,fake,adm,ADM,train,train,0
9532bed711d8a1fd,9532bed711d8a1fd,real,real,stable_diffusion_v_1_4,train,train,0
9544e76c2256b1e1,9544e76c2256b1e1,fake,adm,ADM,val,val,0
95616947b5364a3c,95616947b5364a3c,fake,sd_v1_4,stable_diffusion_v_1_4,train,unused,0
9584dc2024182dcb,9584dc2024182dcb,fake,sd_v1_4,stable_diffusion_v_1_4,test,test,1
958a0479a8168c1b,958a0479a8168c1b,real,real,stable_diffusion_v_1_4,train,train,0
959c96d137c0a58e,959c96d137c0a58e,fake,biggan,BigGAN,test,test,0
95acb5c9ae9c8fdf,95acb5c9ae9c8fdf,real,real,stable_diffusion_v_1_4,train,train,0
95b820ea58718151,95b820ea58718151,real,real,BigGAN,test,test,0
95bc692420fb573f,95bc692420fb573f,fake,biggan,BigGAN,train,train,1
95c9cc876dc1ac68,95c9cc876dc1ac68,fake,biggan,BigGAN,train,train,0
95ea84daaa8c7f5c,95ea84daaa8c7f5c,real,real,stable_diffusion_v_1_4,train,train,0
95eee5990357a669,95eee5990357a669,fake,biggan,BigGAN,train,train,0
961a08fdd1063e28,961a08fdd1063e28,real,real,stable_diffusion_v_1_4,train,train,1
96243a6588c2e173,96243a6588c2e173,fake,sd_v1_4,stable_diffusion_v_1_4,test,test,0
96328fd5d83619ec,96328fd5d83619ec,real,real,stable_diffusion_v_1_4,test,test,0
9656c10652975cf1,9656c10652975cf1,real,real,BigGAN,train,train,0
96581157fb1a1565,96581157fb1a1565,real,real,ADM,train,train,0
965db7685386ad2f,965db7685386ad2f,real,real,ADM,train,train,0
96676cc2ee46a87d,96676cc2ee46a87d,real,real,BigGAN,val,val,0
966f90bf160c1d29,966f90bf160c1d29,fake,adm,ADM,train,train,0
967632d3333279ed,967632d3333279ed,fake,biggan,BigGAN,train,train,1
968bdc7b16fbacde,968bdc7b16fbacde,real,real,BigGAN,train,train,0
96ae14ddadbef9a4,96ae14ddadbef9a4,fake,biggan,BigGAN,val,val,0
96b96b50920fbd93,96b96b50920fbd93,fake,adm,ADM,train,train,0
96c77b74efdf5261,96c77b74efdf5261,real,real,ADM,train,train,0
96c969caea6fd6c5,96c969caea6fd6c5,real,real,ADM,train,train,0
96d920063aac21c1,96d920063aac21c1,fake,adm,ADM,train,train,0
96dbffa0e9403432,96dbffa0e9403432,fake,sd_v1_4,stable_diffusion_v_1_4,val,unused,0
9719d1225767192f,9719d1225767192f,real,real,BigGAN,train,train,0
974a7268e993cbc6,974a7268e993cbc6,real,real,stable_diffusion_v_1_4,val,val,0
978732daea40f3c3,978732daea40f3c3,fake,sd_v1_4,stable_diffusion_v_1_4,train,unused,0
97a64c955697445d,97a64c955697445d,real,real,stable_diffusion_v_1_4,test,test,0
97b56bd28ba1dd71,97b56bd28ba1dd71,fake,sd_v1_4,stable_diffusion_v_1_4,train,unused,0
97b668964d09d6e5,97b668964d09d6e5,fake,adm,ADM,test,test,1
97c0a5c99159dfa3,97c0a5c99159dfa3,real,real,BigGAN,train,train,0
97ecaf1be5464aaa,97ecaf1be5464aaa,real,real,ADM,train,train,1
97f4eb8c39219035,97f4eb8c39219035,fake,biggan,BigGAN,train,train,0
97f539431ed834f2,97f539431ed834f2,fake,biggan,BigGAN,test,test,0
981378605cac2ac0,981378605cac2ac0,real,real,ADM,train,train,0
98191d9a05743268,98191d9a05743268,real,real,ADM,test,test,0
984922b5a883ba54,984922b5a883ba54,real,real,ADM,train,train,0
987698fdab2b5274,987698fdab2b5274,real,real,ADM,test,test,0
9893d43aceb805ad,9893d43aceb805ad,real,real,ADM,test,test,0
9896d14a1e9fc520,9896d14a1e9fc520,fake,biggan,BigGAN,train,train,0
989dda268c9387a8,989dda268c9387a8,real,real,stable_diffusion_v_1_4,train,train,0
98c748ff0fb8af53,98c748ff0fb8af53,real,real,stable_diffusion_v_1_4,train,train,1
9912db955ebd1e7f,9912db955ebd1e7f,fake,adm,ADM,val,val,0
993f1032b0467c00,993f1032b0467c00,fake,adm,ADM,train,train,0
99410b2a71fa5218,99410b2a71fa5218,fake,sd_v1_4,stable_diffusion_v_1_4,train,unused,0
99681debc064864a,99681debc064864a,real,real,ADM,val,val,0
998135d7dffb9367,998135d7dffb9367,fake,biggan,BigGAN,train,train,0
9986996bd77a711b,9986996bd77a711b,real,real,stable_diffusion_v_1_4,train,train,0
99883c028e87320b,99883c028e87320b,real,real,ADM,train,train,0
999be6f76e8fe911,999be6f76e8fe911,real,real,stable_diffusion_v_1_4,train,train,0
999c89243f92bff8,999c89243f92bff8,fake,adm,ADM,train,train,0
99aa8b36cf33b489,99aa8b36cf33b489,real,real,stable_diffusion_v_1_4,train,train,0
99aae51786b1a62a,99aae51786b1a62a,fake,biggan,BigGAN,train,train,1
99ad36807362d90f,99ad36807362d90f,fake,adm,ADM,train,train,0
99bd4dccaedc820a,99bd4dccaedc820a,real,real,ADM,train,train,0
99d0a9071dc93c6e,99d0a9071dc93c6e,real,real,ADM,train,train,0
99dc5d98ee745653,99dc5d98ee745653,real,real,BigGAN,train,train,0
99e72a93852b31d5,99e72a93852b31d5,real,real,BigGAN,test,test,0
9a026d5e832ce719,9a026d5e832ce719,real,real,stable_diffusion_v_1_4,train,train,0
9a302de4e6c2d123,9a302de4e6c2d123,fake,sd_v1_4,stable_diffusion_v_1_4,val,unused,0
9a58a86c301912ff,9a58a86c301912ff,real,real,ADM,train,train,0
9a64d543efd5d889,9a64d543efd5d889,fake,sd_v1_4,stable_diffusion_v_1_4,val,unused,1
9aa14e51ef0104f9,9aa14e51ef0104f9,real,real,BigGAN,train,train,0
9ab4932c1c960406,9ab4932c1c960406,real,real,stable_diffusion_v_1_4,train,train,0
9ab49956d76e7347,9ab49956d76e7347,fake,sd_v1_4,stable_diffusion_v_1_4,test,test,0
9ac562901573a484,9ac562901573a484,real,real,BigGAN,train,train,0
9ad00f1102144156,9ad00f1102144156,fake,sd_v1_4,stable_diffusion_v_1_4,train,unused,0
9adc9051842147d2,9adc9051842147d2,fake,adm,ADM,train,train,0
9afe41ea459314a5,9afe41ea459314a5,real,real,ADM,val,val,0
9b1b1815a42db849,9b1b1815a42db849,fake,biggan,BigGAN,val,val,0
9b35c53af4fa9d67,9b35c53af4fa9d67,fake,sd_v1_4,stable_diffusion_v_1_4,train,unused,0
9b3aff4b6d02ea8c,9b3aff4b6d02ea8c,fake,biggan,BigGAN,test,test,0
9b41c5a7d4e30240,9b41c5a7d4e30240,fake,adm,ADM,val,val,0
9b6c653280ebff35,9b6c653280ebff35,fake,sd_v1_4,stable_diffusion_v_1_4,train,unused,0
9b6ddc87996d71dd,9b6ddc87996d71dd,fake,adm,ADM,train,train,0
9b7701e60a57bd31,9b7701e60a57bd31,real,real,ADM,train,train,0
9b872cc18c537f1a,9b872cc18c537f1a,real,real,ADM,val,val,0
9b922602c5fa2ba8,9b922602c5fa2ba8,fake,adm,ADM,train,train,0
9b932a40a65ee5b8,9b932a40a65ee5b8,real,real,BigGAN,train,train,0
9b97093c962efb1d,9b97093c962efb1d,fake,adm,ADM,val,val,0
9b9ccebf08ebf4c2,9b9ccebf08ebf4c2,fake,sd_v1_4,stable_diffusion_v_1_4,train,unused,0
9ba3a019f99ac84d,9ba3a019f99ac84d,fake,adm,ADM,train,train,0
9ba4c43788ffce36,9ba4c43788ffce36,fake,biggan,BigGAN,train,train,0
9bc0879f6b59c194,9bc0879f6b59c194,fake,sd_v1_4,stable_diffusion_v_1_4,train,unused,0
9c009fb736a01c2f,9c009fb736a01c2f,fake,adm,ADM,test,test,0
9c33395607f86aad,9c33395607f86aad,fake,adm,ADM,val,val,1
9c36d2bf2bef1cc5,9c36d2bf2bef1cc5,fake,sd_v1_4,stable_diffusion_v_1_4,test,test,0
9c477602272947a6,9c477602272947a6,real,real,BigGAN,train,train,0
9c509e5efbb65a52,9c509e5efbb65a52,fake,sd_v1_4,stable_diffusion_v_1_4,train,unused,0
9c56cd4dc3696962,9c56cd4dc3696962,fake,biggan,BigGAN,train,train,0
9c57f588cf6c0775,9c57f588cf6c0775,real,real,BigGAN,test,test,1
9cc5d3d579a22e72,9cc5d3d579a22e72,fake,adm,ADM,test,test,0
9cd56338d1d7d175,9cd56338d1d7d175,fake,sd_v1_4,stable_diffusion_v_1_4,train,unused,0
9d127dac1058a83e,9d127dac1058a83e,fake,biggan,BigGAN,train,train,0
9d14bd27c0dd1817,9d14bd27c0dd1817,fake,biggan,BigGAN,train,train,0
9d1f5fb6c86ca804,9d1f5fb6c86ca804,fake,adm,ADM,train,train,0
9d461f8cc6830fbc,9d461f8cc6830fbc,fake,biggan,BigGAN,train,train,0
9d470a0a338691d5,9d470a0a338691d5,real,real,BigGAN,train,train,0
9d525ed57fe8630c,9d525ed57fe8630c,fake,adm,ADM,val,val,0
9d70cdd1bb9b14fc,9d70cdd1bb9b14fc,fake,sd_v1_4,stable_diffusion_v_1_4,test,test,0
9d83e2da273bd9e9,9d83e2da273bd9e9,real,real,ADM,train,train,1
9e2632830d705d22,9e2632830d705d22,real,real,ADM,val,val,1
9e2a523592b8c929,9e2a523592b8c929,real,real,ADM,test,test,0
9e2df1732c0cd95d,9e2df1732c0cd95d,real,real,stable_diffusion_v_1_4,test,test,0
9e38134641dc2f4b,9e38134641dc2f4b,fake,biggan,BigGAN,val,val,0
9e4c41886b3fa79b,9e4c41886b3fa79b,fake,biggan,BigGAN,train,train,0
9e904179e4cbb56d,9e904179e4cbb56d,fake,sd_v1_4,stable_diffusion_v_1_4,test,test,0
9eae216a7cbcb00b,9eae216a7cbcb00b,fake,adm,ADM,train,train,0
9eb074b9102efcae,9eb074b9102efcae,fake,adm,ADM,test,test,1
9edf8ed46677eb8b,9edf8ed46677eb8b,real,real,ADM,val,val,0
9efcb5ea00a82cf8,9efcb5ea00a82cf8,fake,biggan,BigGAN,train,train,0
9f0a0209981f52a9,9f0a0209981f52a9,real,real,stable_diffusion_v_1_4,test,test,0
9f0d4b88002ea27a,9f0d4b88002ea27a,fake,biggan,BigGAN,train,train,0
9f2ca186c11c995a,9f2ca186c11c995a,real,real,BigGAN,test,test,0
9f39aa3bd7a431bd,9f39aa3bd7a431bd,fake,adm,ADM,test,test,1
9f3e51551efaae3a,9f3e51551efaae3a,real,real,stable_diffusion_v_1_4,train,train,0
9f6aeb82f8d414a6,9f6aeb82f8d414a6,real,real,stable_diffusion_v_1_4,val,val,0
9f933392579b1c67,9f933392579b1c67,real,real,ADM,train,train,0
9f97999a0b965832,9f97999a0b965832,real,real,stable_diffusion_v_1_4,train,train,0
9f9e9b40cdb7669a,9f9e9b40cdb7669a,fake,sd_v1_4,stable_diffusion_v_1_4,val,unused,0
9fa4e835de2af999,9fa4e835de2af999,real,real,stable_diffusion_v_1_4,val,val,0
9faead9dbbc6e958,9faead9dbbc6e958,fake,adm,ADM,val,val,0
9fb43d88863c6850,9fb43d88863c6850,real,real,ADM,test,test,0
9ff0401f4dfbadd0,9ff0401f4dfbadd0,fake,sd_v1_4,stable_diffusion_v_1_4,val,unused,0
9ff22f85707cbbe4,9ff22f85707cbbe4,real,real,stable_diffusion_v_1_4,test,test,0
9ff27ee59ea83609,9ff27ee59ea83609,real,real,stable_diffusion_v_1_4,test,test,0
a00cfb18264ec4b8,a00cfb18264ec4b8,fake,adm,ADM,test,test,0
a01605076164fa3d,a01605076164fa3d,real,real,BigGAN,train,train,0
a029ebab8d491b38,a029ebab8d491b38,fake,sd_v1_4,stable_diffusion_v_1_4,val,unused,0
a08d26762487d93e,a08d26762487d93e,real,real,stable_diffusion_v_1_4,train,train,0
a0ceb797289cccfd,a0ceb797289cccfd,real,real,stable_diffusion_v_1_4,train,train,1
a140c9263c76c7e3,a140c9263c76c7e3,fake,adm,ADM,val,val,0
a161a750c1c6ac9d,a161a750c1c6ac9d,fake,sd_v1_4,stable_diffusion_v_1_4,train,unused,0
a1896b23fba7d1c8,a1896b23fba7d1c8,fake,biggan,BigGAN,train,train,0
a192b600631d5a5d,a192b600631d5a5d,fake,adm,ADM,train,train,0
a193daf618248dcf,a193daf618248dcf,fake,adm,ADM,test,test,0
a195ab6e24b1b1fc,a195ab6e24b1b1fc,fake,biggan,BigGAN,train,train,0
a1d669056d5a1f90,a1d669056d5a1f90,real,real,BigGAN,train,train,0
a1d78c7c46d19fa0,a1d78c7c46d19fa0,fake,biggan,BigGAN,val,val,0
a1deb77551ba1187,a1deb77551ba1187,fake,sd_v1_4,stable_diffusion_v_1_4,val,unused,0
a21e3318668cf05c,a21e3318668cf05c,fake,biggan,BigGAN,test,test,1
a23590535e118b29,a23590535e118b29,real,real,BigGAN,train,train,1
a2669bb43ab66d5e,a2669bb43ab66d5e,fake,adm,ADM,train,train,0
a28b112e7d2f336d,a28b112e7d2f336d,real,real,BigGAN,test,test,0
a28f2316acc621d1,a28f2316acc621d1,real,real,stable_diffusion_v_1_4,train,train,0
a2b6f63fdf10035e,a2b6f63fdf10035e,real,real,ADM,train,train,0
a2d126b03046538b,a2d126b03046538b,fake,biggan,BigGAN,train,train,0
a2d159ee87ab5a29,a2d159ee87ab5a29,fake,biggan,BigGAN,val,val,0
a2d31dee789ce273,a2d31dee789ce273,fake,biggan,BigGAN,train,train,1
a31f464f15c1bc9e,a31f464f15c1bc9e,real,real,ADM,train,train,0
a34539c5c47ce380,a34539c5c47ce380,real,real,BigGAN,val,val,0
a35868ec3d30b078,a35868ec3d30b078,real,real,ADM,test,test,1
a35bf1604e9bf199,a35bf1604e9bf199,fake,biggan,BigGAN,train,train,1
a36b2fe748f194fa,a36b2fe748f194fa,real,real,stable_diffusion_v_1_4,train,train,1
a37e4dd9abc84f4e,a37e4dd9abc84f4e,real,real,BigGAN,train,train,0
a382842ef5964440,a382842ef5964440,fake,sd_v1_4,stable_diffusion_v_1_4,train,unused,1
a39eb778998f5085,a39eb778998f5085,fake,biggan,BigGAN,train,train,0
a3aac979edcf8a87,a3aac979edcf8a87,fake,sd_v1_4,stable_diffusion_v_1_4,val,unused,0
a3cb174e6d7e4e16,a3cb174e6d7e4e16,fake,sd_v1_4,stable_diffusion_v_1_4,train,unused,0
a3e0541aa6a3e40b,a3e0541aa6a3e40b,fake,biggan,BigGAN,train,train,0
a3eb87e7cdecc9ab,a3eb87e7cdecc9ab,fake,adm,ADM,test,test,0
a41c9872ec8cd320,a41c9872ec8cd320,real,real,ADM,train,train,0
a434cfef96c8dfb8,a434cfef96c8dfb8,real,real,stable_diffusion_v_1_4,train,train,0
a43f54af075c4165,a43f54af075c4165,fake,sd_v1_4,stable_diffusion_v_1_4,train,unused,0
a44ac6c5cf2de8ea,a44ac6c5cf2de8ea,real,real,ADM,train,train,1
a480034c33525968,a480034c33525968,fake,biggan,BigGAN,test,test,0
a4866c6e252736aa,a4866c6e252736aa,real,real,BigGAN,val,val,0
a4a12f9f988624ce,a4a12f9f988624ce,fake,adm,ADM,val,val,1
a4b522ba6e2d7e24,a4b522ba6e2d7e24,real,real,stable_diffusion_v_1_4,test,test,0
a4c9c1e21a7ec708,a4c9c1e21a7ec708,fake,biggan,BigGAN,train,train,0
a4ea5b355e6b4efc,a4ea5b355e6b4efc,real,real,stable_diffusion_v_1_4,test,test,0
a4f9a814bb5b89b0,a4f9a814bb5b89b0,real,real,ADM,train,train,0
a515f3de03f50dc0,a515f3de03f50dc0,real,real,ADM,train,train,0
a53db65ffffc368c,a53db65ffffc368c,fake,sd_v1_4,stable_diffusion_v_1_4,test,test,0
a54f158dd65e077d,a54f158dd65e077d,real,real,ADM,train,train,0
a55bbc769e952b8a,a55bbc769e952b8a,fake,adm,ADM,train,train,0
a55d04b567318c3e,a55d04b567318c3e,real,real,BigGAN,val,val,1
a573fa94ad1b33d9,a573fa94ad1b33d9,real,real,BigGAN,val,val,0
a5766c194011ff41,a5766c194011ff41,fake,adm,ADM,train,train,0
a591ce1737dfbabf,a591ce1737dfbabf,fake,biggan,BigGAN,train,train,0
a5a0271cabac04da,a5a0271cabac04da,fake,sd_v1_4,stable_diffusion_v_1_4,train,unused,0
a5a2928f3e45e313,a5a2928f3e45e313,real,real,stable_diffusion_v_1_4,train,train,0
a5adee6ebb0a0d21,a5adee6ebb0a0d21,fake,adm,ADM,test,test,0
a5caa1b3316b2926,a5caa1b3316b2926,real,real,stable_diffusion_v_1_4,val,val,0
a5f29f1a36999717,a5f29f1a36999717,real,real,BigGAN,train,train,0
a613d3d58f899ede,a613d3d58f899ede,fake,biggan,BigGAN,train,train,0
a618759137422564,a618759137422564,real,real,ADM,val,val,0
a633599aed59d42f,a633599aed59d42f,fake,biggan,BigGAN,train,train,0
a637b86016c22188,a637b86016c22188,fake,biggan,BigGAN,train,train,1
a63cf52d5299b2c7,a63cf52d5299b2c7,fake,adm,ADM,train,train,1
a67efbfb2ad89bdc,a67efbfb2ad89bdc,real,real,stable_diffusion_v_1_4,val,val,0
a682d3e2d1011b9c,a682d3e2d1011b9c,fake,biggan,BigGAN,test,test,0
a6abc37048e4c718,a6abc37048e4c718,real,real,ADM,test,test,1
a6da80a8cb7f7878,a6da80a8cb7f7878,fake,sd_v1_4,stable_diffusion_v_1_4,train,unused,1
a6e17374935e56b4,a6e17374935e56b4,real,real,ADM,train,train,1
a6e56e985b67d9c8,a6e56e985b67d9c8,fake,biggan,BigGAN,val,val,0
a6e75642675132bd,a6e75642675132bd,fake,sd_v1_4,stable_diffusion_v_1_4,val,unused,0
a6e91705458c0228,a6e91705458c0228,fake,sd_v1_4,stable_diffusion_v_1_4,train,unused,0
a6ea123fce7f210a,a6ea123fce7f210a,real,real,stable_diffusion_v_1_4,train,train,0
a7045ee9c5042d09,a7045ee9c5042d09,real,real,BigGAN,train,train,0
a72c4dd16fc0c524,a72c4dd16fc0c524,real,real,BigGAN,test,test,0
a7456eee93660faf,a7456eee93660faf,fake,biggan,BigGAN,test,test,0
a7748208655783cc,a7748208655783cc,fake,adm,ADM,test,test,0
a77f09b647d843a1,a77f09b647d843a1,fake,sd_v1_4,stable_diffusion_v_1_4,train,unused,0
a7a1b9f1835ef280,a7a1b9f1835ef280,fake,biggan,BigGAN,train,train,0
a7a9fffafbdb822f,a7a9fffafbdb822f,real,real,BigGAN,train,train,0
a7cc30f6845ed5b8,a7cc30f6845ed5b8,fake,sd_v1_4,stable_diffusion_v_1_4,val,unused,0
a7e45ca229fa9c60,a7e45ca229fa9c60,fake,sd_v1_4,stable_diffusion_v_1_4,train,unused,0
a7f70f840050cb3d,a7f70f840050cb3d,fake,adm,ADM,train,train,0
a80f2b262dc9bab4,a80f2b262dc9bab4,fake,sd_v1_4,stable_diffusion_v_1_4,train,unused,0
a821482a79c62872,a821482a79c62872,real,real,BigGAN,train,train,0
a83644fcb50b1d82,a83644fcb50b1d82,real,real,BigGAN,val,val,0
a84490af1869b316,a84490af1869b316,real,real,BigGAN,train,train,0
a84bebc2f58ff5b6,a84bebc2f58ff5b6,real,real,ADM,train,train,0
a84d9200134bbc6b,a84d9200134bbc6b,real,real,BigGAN,train,train,0
a84ddfb9f293165f,a84ddfb9f293165f,fake,biggan,BigGAN,train,train,1
a8736b28d8e77f9e,a8736b28d8e77f9e,real,real,BigGAN,train,train,0
a8ab0de158b0c8d1,a8ab0de158b0c8d1,real,real,BigGAN,val,val,0
a8c0722a5cbc983b,a8c0722a5cbc983b,real,real,ADM,train,train,0
a8c1d3f4a52a198b,a8c1d3f4a52a198b,real,real,BigGAN,train,train,0
a8d34a6b83003aa0,a8d34a6b83003aa0,real,real,stable_diffusion_v_1_4,train,train,0
a8e18a83b918f323,a8e18a83b918f323,real,real,BigGAN,test,test,1
a8e9c974b3f42fd0,a8e9c974b3f42fd0,fake,sd_v1_4,stable_diffusion_v_1_4,train,unused,1
a8e9e88baa98484e,a8e9e88baa98484e,fake,adm,ADM,train,train,0
a924ded9f99251e3,a924ded9f99251e3,real,real,BigGAN,test,test,0
a93703451ede3b1e,a93703451ede3b1e,real,real,ADM,train,train,1
a97b5575a2941988,a97b5575a2941988,fake,adm,ADM,train,train,1
a984db9f9a20c6ec,a984db9f9a20c6ec,real,real,ADM,train,train,0
a9a543525db0de75,a9a543525db0de75,fake,sd_v1_4,stable_diffusion_v_1_4,train,unused,0
a9cb2a1d1108d9db,a9cb2a1d1108d9db,real,real,stable_diffusion_v_1_4,val,val,0
a9dbf97670f51182,a9dbf97670f51182,real,real,ADM,val,val,0
a9de5b1ca43c3784,a9de5b1ca43c3784,fake,sd_v1_4,stable_diffusion_v_1_4,train,unused,0
aa01f60eaf90c191,aa01f60eaf90c191,real,real,ADM,train,train,0
aa13391d501497b0,aa13391d501497b0,real,real,BigGAN,train,train,0
aa23cfaa8c7f9ec7,aa23cfaa8c7f9ec7,real,real,stable_diffusion_v_1_4,train,train,0
aa723c4c3575c1c0,aa723c4c3575c1c0,real,real,BigGAN,test,test,0
aa831894c52190fb,aa831894c52190fb,fake,biggan,BigGAN,test,test,1
aa88e5566a01f66f,aa88e5566a01f66f,real,real,stable_diffusion_v_1_4,train,train,0
ab22644752e22243,ab22644752e22243,fake,biggan,BigGAN,val,val,0
ab24f5b9f401fed2,ab24f5b9f401fed2,real,real,stable_diffusion_v_1_4,train,train,0
ab2c7ce4c415d3ff,ab2c7ce4c415d3ff,real,real,BigGAN,test,test,0
ab66f5fd70ba3f1b,ab66f5fd70ba3f1b,real,real,stable_diffusion_v_1_4,val,val,1
ab7eeed87fd0fd27,ab7eeed87fd0fd27,fake,adm,ADM,train,train,0
ab8375ededc60c64,ab8375ededc60c64,fake,sd_v1_4,stable_diffusion_v_1_4,test,test,0
ab94428c130e0d53,ab94428c130e0d53,real,real,stable_diffusion_v_1_4,train,train,0
aba0f09c94407a0b,aba0f09c94407a0b,fake,adm,ADM,test,test,0
abab5105d0263188,abab5105d0263188,fake,adm,ADM,train,train,0
ababc4c3ada82511,ababc4c3ada82511,real,real,ADM,val,val,0
ababde0f637e07b4,ababde0f637e07b4,real,real,stable_diffusion_v_1_4,train,train,0
abafc797a7702978,abafc797a7702978,fake,sd_v1_4,stable_diffusion_v_1_4,val,unused,0
abb4f7e9dc5deae7,abb4f7e9dc5deae7,fake,biggan,BigGAN,train,train,0
abbac8833ebd862f,abbac8833ebd862f,fake,sd_v1_4,stable_diffusion_v_1_4,val,unused,0
abbd96d1f2343d53,abbd96d1f2343d53,real,real,stable_diffusion_v_1_4,test,test,0
abc6d8e98a22111d,abc6d8e98a22111d,fake,adm,ADM,train,train,0
abe8f374c8b1fddf,abe8f374c8b1fddf,real,real,BigGAN,train,train,0
abfa9ad2d11d33ee,abfa9ad2d11d33ee,fake,sd_v1_4,stable_diffusion_v_1_4,train,unused,0
ac09f8847b99d6fb,ac09f8847b99d6fb,fake,biggan,BigGAN,test,test,0
ac249e1587dce474,ac249e1587dce474,real,real,ADM,train,train,0
ac2cf4cfecf51188,ac2cf4cfecf51188,real,real,ADM,test,test,0
ac369c54a4ba722d,ac369c54a4ba722d,fake,biggan,BigGAN,train,train,0
ac3d496824f5855d,ac3d496824f5855d,fake,sd_v1_4,stable_diffusion_v_1_4,val,unused,0
ac52971a2ecaec46,ac52971a2ecaec46,real,real,stable_diffusion_v_1_4,train,train,0
ac6a9c491a60c53a,ac6a9c491a60c53a,real,real,stable_diffusion_v_1_4,val,val,1
ac73687117eb1691,ac73687117eb1691,real,real,BigGAN,test,test,1
ac84fef8b9b8eb4a,ac84fef8b9b8eb4a,real,real,ADM,train,train,0
ac87ba1ff0079666,ac87ba1ff0079666,fake,biggan,BigGAN,test,test,0
acb4230e546b5ea4,acb4230e546b5ea4,real,real,BigGAN,train,train,0
acbc5908e499d28e,acbc5908e499d28e,real,real,BigGAN,train,train,0
acc6c751d9ac0d3f,acc6c751d9ac0d3f,real,real,stable_diffusion_v_1_4,test,test,0
ace0270419551005,ace0270419551005,real,real,stable_diffusion_v_1_4,train,train,0
ad0636ec694d78fc,ad0636ec694d78fc,fake,adm,ADM,train,train,0
ad0ac796a68ae501,ad0ac796a68ae501,real,real,stable_diffusion_v_1_4,test,test,0
ad1c7c5722d3bd79,ad1c7c5722d3bd79,fake,sd_v1_4,stable_diffusion_v_1_4,train,unused,0
ad303177b315c06b,ad303177b315c06b,fake,sd_v1_4,stable_diffusion_v_1_4,train,unused,0
ad34aae15c705ada,ad34aae15c705ada,real,real,ADM,test,test,0
ad7e31f384b57624,ad7e31f384b57624,fake,biggan,BigGAN,train,train,0
ada5488cfb15b362,ada5488cfb15b362,fake,biggan,BigGAN,val,val,0
adc13d03e219125f,adc13d03e219125f,fake,biggan,BigGAN,train,train,0
adceeac5d0e0fd90,adceeac5d0e0fd90,fake,sd_v1_4,stable_diffusion_v_1_4,train,unused,0
add46ce70c00257b,add46ce70c00257b,fake,adm,ADM,val,val,0
add5fd3ce7e6508a,add5fd3ce7e6508a,fake,sd_v1_4,stable_diffusion_v_1_4,train,unused,0
ade537af6bca1d0f,ade537af6bca1d0f,real,real,ADM,val,val,0
ae0a5d6b37e7bd49,ae0a5d6b37e7bd49,fake,adm,ADM,train,train,0
ae257668ff46d487,ae257668ff46d487,real,real,ADM,train,train,0
ae33461396346a9e,ae33461396346a9e,real,real,stable_diffusion_v_1_4,train,train,0
ae35a986891c95b2,ae35a986891c95b2,real,real,ADM,train,train,0
ae5d06209a4c50ba,ae5d06209a4c50ba,fake,biggan,BigGAN,val,val,0
ae5e2b949a4b21cd,ae5e2b949a4b21cd,fake,biggan,BigGAN,train,train,0
ae69f0419481fdf5,ae69f0419481fdf5,fake,biggan,BigGAN,val,val,0
ae7633669fa1c4cd,ae7633669fa1c4cd,real,real,ADM,train,train,0
aeae931a1ecc2926,aeae931a1ecc2926,real,real,ADM,test,test,0
af28334d42d118ca,af28334d42d118ca,fake,biggan,BigGAN,train,train,0
af28d4acee794401,af28d4acee794401,real,real,BigGAN,train,train,0
af4e7c646e8a2286,af4e7c646e8a2286,real,real,stable_diffusion_v_1_4,test,test,0
af5a702d6c7e1fb1,af5a702d6c7e1fb1,real,real,BigGAN,train,train,0
afa5ee294e033a9e,afa5ee294e033a9e,fake,adm,ADM,train,train,0
afb627a93f3b90d2,afb627a93f3b90d2,real,real,ADM,train,train,0
afc74f7aa9e0a15e,afc74f7aa9e0a15e,fake,biggan,BigGAN,train,train,0
afc75c4e3cc2f5a4,afc75c4e3cc2f5a4,real,real,stable_diffusion_v_1_4,train,train,0
afddb2f0a75f68fb,afddb2f0a75f68fb,fake,biggan,BigGAN,val,val,0
aff3f58308d5fc5e,aff3f58308d5fc5e,fake,biggan,BigGAN,train,train,0
affe49a66686ff0e,affe49a66686ff0e,fake,sd_v1_4,stable_diffusion_v_1_4,train,unused,0
b0042c12779878b4,b0042c12779878b4,real,real,BigGAN,train,train,0
b01bc81272b749de,b01bc81272b749de,fake,sd_v1_4,stable_diffusion_v_1_4,train,unused,0
b04f33aeeb6691b2,b04f33aeeb6691b2,fake,sd_v1_4,stable_diffusion_v_1_4,train,unused,0
b0530a1dc9c2cdfb,b0530a1dc9c2cdfb,fake,biggan,BigGAN,train,train,1
b054b5b65b4655a3,b054b5b65b4655a3,real,real,ADM,test,test,0
b0550d68a75300a4,b0550d68a75300a4,real,real,BigGAN,train,train,0
b07f1e2832c14af8,b07f1e2832c14af8,fake,biggan,BigGAN,train,train,0
b08c4705d4034dfb,b08c4705d4034dfb,fake,adm,ADM,val,val,0
b08ebb2fff38be38,b08ebb2fff38be38,real,real,ADM,train,train,0
b09ca388a4f86c15,b09ca388a4f86c15,real,real,BigGAN,train,train,0
b0bd5fe1d695c4f2,b0bd5fe1d695c4f2,real,real,BigGAN,train,train,0
b0c5f2bd18a01171,b0c5f2bd18a01171,real,real,ADM,train,train,1
b107c0fd57b5f251,b107c0fd57b5f251,real,real,stable_diffusion_v_1_4,train,train,0
b110a9990a843779,b110a9990a843779,real,real,BigGAN,train,train,0
b1807481ef0e36eb,b1807481ef0e36eb,real,real,stable_diffusion_v_1_4,val,val,0
b18aa38ebc9c8574,b18aa38ebc9c8574,fake,biggan,BigGAN,train,train,0
b18dfe5996c16439,b18dfe5996c16439,fake,sd_v1_4,stable_diffusion_v_1_4,val,unused,0
b1915ddf02962cd7,b1915ddf02962cd7,fake,sd_v1_4,stable_diffusion_v_1_4,test,test,0
b1940a087d822950,b1940a087d822950,fake,adm,ADM,val,val,0
b1d93026488a7658,b1d93026488a7658,fake,sd_v1_4,stable_diffusion_v_1_4,test,test,0
b1db91efbcfe8f1d,b1db91efbcfe8f1d,real,real,stable_diffusion_v_1_4,train,train,0
b1e39774147eb24f,b1e39774147eb24f,real,real,stable_diffusion_v_1_4,train,train,0
b1f101abf9b44674,b1f101abf9b44674,fake,sd_v1_4,stable_diffusion_v_1_4,train,unused,0
b1f7bb5ada2f3e4e,b1f7bb5ada2f3e4e,fake,adm,ADM,train,train,0
b1f8ee596b4d624f,b1f8ee596b4d624f,fake,biggan,BigGAN,test,test,0
b1fea07cd91a4a0a,b1fea07cd91a4a0a,real,real,stable_diffusion_v_1_4,train,train,0
b2147724ef8e990b,b2147724ef8e990b,real,real,BigGAN,train,train,0
b22db284c7fc5c70,b22db284c7fc5c70,fake,adm,ADM,train,train,0
b238c7933c078cca,b238c7933c078cca,fake,biggan,BigGAN,train,train,0
b247951d84384ece,b247951d84384ece,real,real,stable_diffusion_v_1_4,train,train,0
b24fbb5d09ade147,b24fbb5d09ade147,real,real,stable_diffusion_v_1_4,val,val,0
b26736da9782212e,b26736da9782212e,real,real,stable_diffusion_v_1_4,train,train,0
b26d0ed0b17a8295,b26d0ed0b17a8295,fake,sd_v1_4,stable_diffusion_v_1_4,train,unused,0
b270f308d266524d,b270f308d266524d,fake,sd_v1_4,stable_diffusion_v_1_4,train,unused,0
b273822094d12e5f,b273822094d12e5f,fake,sd_v1_4,stable_diffusion_v_1_4,train,unused,0
b27c1862f0a79601,b27c1862f0a79601,fake,sd_v1_4,stable_diffusion_v_1_4,test,test,0
b295dce6bfa7421e,b295dce6bfa7421e,real,real,ADM,train,train,0
b2a6ef8cd21b5312,b2a6ef8cd21b5312,real,real,BigGAN,test,test,1
b2ba6ada0f5a2257,b2ba6ada0f5a2257,real,real,ADM,train,train,0
b30b1ea80b75de9e,b30b1ea80b75de9e,real,real,BigGAN,train,train,0
b328a812a9829401,b328a812a9829401,fake,adm,ADM,train,train,0
b342b25f0bab8050,b342b25f0bab8050,real,real,ADM,val,val,0
b346537abd34ed67,b346537abd34ed67,real,real,ADM,val,val,1
b3595f0a0c3c98c5,b3595f0a0c3c98c5,fake,biggan,BigGAN,val,val,1
b3a1b620848f13d2,b3a1b620848f13d2,fake,adm,ADM,train,train,0
b3a586dbaa40f0fa,b3a586dbaa40f0fa,real,real,BigGAN,val,val,0
b3be5ad70af6542d,b3be5ad70af6542d,fake,sd_v1_4,stable_diffusion_v_1_4,test,test,1
b3deb804cfaaa41f,b3deb804cfaaa41f,real,real,ADM,train,train,0
b3e97d4b8bfe05f0,b3e97d4b8bfe05f0,fake,biggan,BigGAN,train,train,0
b404918e65e1674d,b404918e65e1674d,fake,sd_v1_4,stable_diffusion_v_1_4,val,unused,0
b406c0274de3f10a,b406c0274de3f10a,fake,biggan,BigGAN,train,train,1
b41c206f7d28d773,b41c206f7d28d773,fake,biggan,BigGAN,train,train,0
b446d64c93f9783e,b446d64c93f9783e,fake,sd_v1_4,stable_diffusion_v_1_4,train,unused,0
b4515eaae11a2cae,b4515eaae11a2cae,real,real,stable_diffusion_v_1_4,val,val,0
b47e89b4eb37d696,b47e89b4eb37d696,real,real,stable_diffusion_v_1_4,test,test,0
b4a8b0a864bbd1db,b4a8b0a864bbd1db,fake,sd_v1_4,stable_diffusion_v_1_4,train,unused,0
b4b977b7247219af,b4b977b7247219af,real,real,stable_diffusion_v_1_4,train,train,0
b4e39e9821f1c050,b4e39e9821f1c050,fake,adm,ADM,test,test,1
b4e5079c0f58397d,b4e5079c0f58397d,fake,adm,ADM,train,train,0
b4ff69411d0ab3be,b4ff69411d0ab3be,fake,biggan,BigGAN,val,val,1
b502984e688b37b9,b502984e688b37b9,real,real,stable_diffusion_v_1_4,train,train,0
b5100b8aed85247e,b5100b8aed85247e,real,real,BigGAN,val,val,1
b51a83c4e6240aa1,b51a83c4e6240aa1,real,real,ADM,val,val,0
b53734f3185be111,b53734f3185be111,real,real,BigGAN,test,test,0
b53737a8961df942,b53737a8961df942,fake,biggan,BigGAN,test,test,0
b5492bc425d89cc4,b5492bc425d89cc4,fake,adm,ADM,train,train,0
b5b8f83b6fa55a41,b5b8f83b6fa55a41,real,real,ADM,train,train,1
b5be2a3c295c48b6,b5be2a3c295c48b6,fake,sd_v1_4,stable_diffusion_v_1_4,test,test,0
b5ca4f8b31a2f51d,b5ca4f8b31a2f51d,real,real,stable_diffusion_v_1_4,train,train,0
b5d2919716f6b850,b5d2919716f6b850,fake,adm,ADM,train,train,0
b5e5e39c7c065f3a,b5e5e39c7c065f3a,fake,adm,ADM,test,test,0
b5fe9442e0ba279f,b5fe9442e0ba279f,fake,adm,ADM,val,val,1
b6328f18e4feadde,b6328f18e4feadde,real,real,stable_diffusion_v_1_4,train,train,0
b636a0a9b161b048,b636a0a9b161b048,fake,sd_v1_4,stable_diffusion_v_1_4,val,unused,0
b63bbcb0f4f4dfb8,b63bbcb0f4f4dfb8,fake,biggan,BigGAN,train,train,1
b67237786951eba8,b67237786951eba8,real,real,BigGAN,train,train,0
b6aebe68f5736190,b6aebe68f5736190,real,real,stable_diffusion_v_1_4,train,train,1
b6c84b5e9b967afd,b6c84b5e9b967afd,real,real,stable_diffusion_v_1_4,train,train,0
b6cc2bc04d648f26,b6cc2bc04d648f26,fake,adm,ADM,val,val,0
b6ef5d7f02a8dfae,b6ef5d7f02a8dfae,real,real,BigGAN,train,train,1
b6f0e50e4b64a3e8,b6f0e50e4b64a3e8,fake,biggan,BigGAN,train,train,0
b6f35add0f72255b,b6f35add0f72255b,real,real,ADM,train,train,1
b77f222b12be221d,b77f222b12be221d,real,real,ADM,val,val,0
b77f4f1abb0f28e6,b77f4f1abb0f28e6,fake,biggan,BigGAN,train,train,0
b799dae4aa1baec9,b799dae4aa1baec9,real,real,stable_diffusion_v_1_4,val,val,0
b7a408567bebdb5d,b7a408567bebdb5d,fake,biggan,BigGAN,train,train,0
b7ada1da1dc8a805,b7ada1da1dc8a805,real,real,stable_diffusion_v_1_4,val,val,1
b7b14ffb4fc78513,b7b14ffb4fc78513,real,real,BigGAN,train,train,0
b7d196b4a5b4486e,b7d196b4a5b4486e,real,real,ADM,val,val,0
b7d808b35b6ce8f1,b7d808b35b6ce8f1,real,real,BigGAN,test,test,0
b7d8737d38714a2d,b7d8737d38714a2d,fake,adm,ADM,test,test,0
b7f9d8973e53a366,b7f9d8973e53a366,fake,biggan,BigGAN,test,test,0
b80d309e02f6f837,b80d309e02f6f837,real,real,BigGAN,test,test,1
b81b3a8f40b01b6b,b81b3a8f40b01b6b,real,real,ADM,train,train,0
b820a7b106774cb7,b820a7b106774cb7,real,real,ADM,test,test,0
b83f7ebc71250fc8,b83f7ebc71250fc8,real,real,stable_diffusion_v_1_4,train,train,0
b855333cfba10497,b855333cfba10497,real,real,BigGAN,train,train,0
b858df01af8d5f3d,b858df01af8d5f3d,real,real,ADM,train,train,0
b898575f3a468137,b898575f3a468137,real,real,BigGAN,val,val,0
b8ae49e2246b230a,b8ae49e2246b230a,real,real,BigGAN,test,test,0
b8c894ec33293afd,b8c894ec33293afd,real,real,stable_diffusion_v_1_4,train,train,0
b8c957e4258da94a,b8c957e4258da94a,real,real,BigGAN,test,test,0
b8dfd4604f2c1f56,b8dfd4604f2c1f56,real,real,ADM,test,test,0
b8e4fa95a0f7d46b,b8e4fa95a0f7d46b,fake,sd_v1_4,stable_diffusion_v_1_4,train,unused,0
b8eaf2579695939a,b8eaf2579695939a,real,real,ADM,val,val,0
b9092873c857f302,b9092873c857f302,fake,sd_v1_4,stable_diffusion_v_1_4,train,unused,0
b90b6955fcd0f39b,b90b6955fcd0f39b,fake,adm,ADM,train,train,1
b91579ce8ba4c7bd,b91579ce8ba4c7bd,real,real,ADM,train,train,0
b91ef2aa051924ef,b91ef2aa051924ef,fake,sd_v1_4,stable_diffusion_v_1_4,train,unused,0
b93c55e2be0adcee,b93c55e2be0adcee,real,real,ADM,train,train,0
b941432290eeed39,b941432290eeed39,fake,adm,ADM,train,train,0
b973d5f9390c8d8d,b973d5f9390c8d8d,real,real,BigGAN,train,train,0
b983a188bcb1df94,b983a188bcb1df94,real,real,BigGAN,train,train,0
b99398a918f87143,b99398a918f87143,fake,adm,ADM,train,train,1
b9a91a5abbcdb4c2,b9a91a5abbcdb4c2,real,real,stable_diffusion_v_1_4,train,train,0
b9aac246ae3c645d,b9aac246ae3c645d,real,real,stable_diffusion_v_1_4,test,test,0
b9e3555208669ad2,b9e3555208669ad2,fake,adm,ADM,train,train,0
b9e3d449a16b024b,b9e3d449a16b024b,fake,biggan,BigGAN,test,test,0
ba0a3755d5f1bc46,ba0a3755d5f1bc46,real,real,ADM,test,test,0
ba3c6c5c58f25ee1,ba3c6c5c58f25ee1,real,real,BigGAN,test,test,0
ba66102048f5a0ec,ba66102048f5a0ec,fake,biggan,BigGAN,train,train,0
ba6c8be65a8b944c,ba6c8be65a8b944c,real,real,BigGAN,train,train,0
ba768663ef33543f,ba768663ef33543f,real,real,stable_diffusion_v_1_4,train,train,1
bab47bdc9b750389,bab47bdc9b750389,real,real,ADM,test,test,1
bac194b6603658fa,bac194b6603658fa,fake,adm,ADM,train,train,0
bac31a1b03d66fbc,bac31a1b03d66fbc,real,real,ADM,val,val,1
bac5f2b787798a03,bac5f2b787798a03,fake,biggan,BigGAN,train,train,0
bac77039f86a2e09,bac77039f86a2e09,fake,biggan,BigGAN,val,val,0
baf426dc81e6179c,baf426dc81e6179c,fake,sd_v1_4,stable_diffusion_v_1_4,train,unused,0
baf8577ac2ed8986,baf8577ac2ed8986,real,real,BigGAN,val,val,0
bb005bffb669a093,bb005bffb669a093,fake,biggan,BigGAN,test,test,0
bb31cad3b5ddc8e6,bb31cad3b5ddc8e6,fake,sd_v1_4,stable_diffusion_v_1_4,train,unused,0
bb3ea74a77e6972b,bb3ea74a77e6972b,fake,biggan,BigGAN,val,val,0
bb3f92a4df15af24,bb3f92a4df15af24,real,real,stable_diffusion_v_1_4,val,val,1
bb44eb32a59824aa,bb44eb32a59824aa,fake,sd_v1_4,stable_diffusion_v_1_4,test,test,0
bb4c1416a516b153,bb4c1416a516b153,fake,biggan,BigGAN,train,train,0
bb5a22e00ac6f029,bb5a22e00ac6f029,fake,adm,ADM,val,val,0
bb61fdcba619db38,bb61fdcba619db38,fake,adm,ADM,train,train,0
bb6768b5570f3b83,bb6768b5570f3b83,fake,sd_v1_4,stable_diffusion_v_1_4,train,unused,0
bb6ffafa0748507b,bb6ffafa0748507b,fake,sd_v1_4,stable_diffusion_v_1_4,train,unused,1
bbb95fabc03b4682,bbb95fabc03b4682,real,real,stable_diffusion_v_1_4,test,test,0
bbc45e9b512e3242,bbc45e9b512e3242,real,real,ADM,train,train,0
bbcdbbbc90473890,bbcdbbbc90473890,fake,biggan,BigGAN,train,train,0
bbd70cc04404a4a0,bbd70cc04404a4a0,fake,adm,ADM,train,train,0
bbdf039c06dcb2f7,bbdf039c06dcb2f7,real,real,BigGAN,train,train,0
bbec38d4aff03dc8,bbec38d4aff03dc8,fake,adm,ADM,train,train,0
bbee71687aaf3032,bbee71687aaf3032,fake,adm,ADM,train,train,0
bbf54e2151005e5b,bbf54e2151005e5b,real,real,BigGAN,val,val,0
bc0a9c42d45395bf,bc0a9c42d45395bf,fake,biggan,BigGAN,val,val,0
bc223f89d469d8e7,bc223f89d469d8e7,real,real,BigGAN,train,train,1
bc28f52b03f47405,bc28f52b03f47405,real,real,stable_diffusion_v_1_4,train,train,0
bc49ed53ab502afe,bc49ed53ab502afe,real,real,stable_diffusion_v_1_4,test,test,0
bc6d9de97cb07cc3,bc6d9de97cb07cc3,real,real,BigGAN,train,train,0
bc6e3243269cd7b6,bc6e3243269cd7b6,real,real,stable_diffusion_v_1_4,test,test,0
bcb243d4903cd11d,bcb243d4903cd11d,real,real,BigGAN,val,val,0
bcb583d8996d326e,bcb583d8996d326e,fake,sd_v1_4,stable_diffusion_v_1_4,train,unused,0
bce50c4984eadc6f,bce50c4984eadc6f,real,real,BigGAN,train,train,0
bce8a799d1176223,bce8a799d1176223,fake,adm,ADM,train,train,0
bcf431cc46cb58e1,bcf431cc46cb58e1,real,real,stable_diffusion_v_1_4,train,train,0
bcf63e6aaf3f1f29,bcf63e6aaf3f1f29,fake,biggan,BigGAN,train,train,0
bd00fbdfa5a66284,bd00fbdfa5a66284,fake,biggan,BigGAN,test,test,0
bd0f68692ba15f47,bd0f68692ba15f47,real,real,BigGAN,train,train,0
bd19573cb215a081,bd19573cb215a081,fake,biggan,BigGAN,train,train,0
bd5845c47cb52315,bd5845c47cb52315,fake,adm,ADM,train,train,0
bd621aec2310780c,bd621aec2310780c,fake,biggan,BigGAN,val,val,0
bd9bff569afb8101,bd9bff569afb8101,fake,sd_v1_4,stable_diffusion_v_1_4,train,unused,0
bdadf71ec71037d3,bdadf71ec71037d3,fake,adm,ADM,val,val,1
bdaf870478ae86a3,bdaf870478ae86a3,fake,adm,ADM,train,train,0
bdbbebc9f2d1ef4b,bdbbebc9f2d1ef4b,fake,biggan,BigGAN,train,train,0
bde12e0988a52f7e,bde12e0988a52f7e,real,real,BigGAN,train,train,0
bde827ac195f3b8b,bde827ac195f3b8b,fake,adm,ADM,test,test,0
be049727c42dee52,be049727c42dee52,fake,sd_v1_4,stable_diffusion_v_1_4,val,unused,0
be24bd6dd6fa6025,be24bd6dd6fa6025,fake,adm,ADM,train,train,0
be334a84eb998161,be334a84eb998161,fake,adm,ADM,train,train,0
be88a6c099912484,be88a6c099912484,fake,biggan,BigGAN,train,train,1
be9cb5a24ffb6ca4,be9cb5a24ffb6ca4,fake,adm,ADM,train,train,0
bec65c4a4ff3cabe,bec65c4a4ff3cabe,real,real,ADM,train,train,0
befd08e971bebcee,befd08e971bebcee,real,real,ADM,train,train,0
bf0904f1fa11a10b,bf0904f1fa11a10b,fake,adm,ADM,test,test,0
bf4a509bdba3cb1a,bf4a509bdba3cb1a,real,real,stable_diffusion_v_1_4,val,val,0
bf4c45df26da2e06,bf4c45df26da2e06,fake,biggan,BigGAN,train,train,1
bf56aacb7b950727,bf56aacb7b950727,fake,adm,ADM,train,train,0
bf650c410686da78,bf650c410686da78,fake,adm,ADM,train,train,0
bf790126d7440912,bf790126d7440912,fake,sd_v1_4,stable_diffusion_v_1_4,val,unused,0
bfa5f5e381ccb235,bfa5f5e381ccb235,real,real,ADM,train,train,0
bfb4165e10ca57fa,bfb4165e10ca57fa,real,real,BigGAN,train,train,0
bfd942267ae4b51f,bfd942267ae4b51f,real,real,BigGAN,train,train,0
bffc2af1b949ad69,bffc2af1b949ad69,fake,adm,ADM,test,test,0
c0025af3f11d5cc1,c0025af3f11d5cc1,fake,biggan,BigGAN,test,test,0
c0081432a836cc2c,c0081432a836cc2c,fake,sd_v1_4,stable_diffusion_v_1_4,train,unused,0
c00caac204299218,c00caac204299218,real,real,BigGAN,train,train,1
c037c68ffa807457,c037c68ffa807457,real,real,stable_diffusion_v_1_4,train,train,0
c06abcff62d37490,c06abcff62d37490,real,real,ADM,val,val,0
c072f9c50ce06b37,c072f9c50ce06b37,real,real,ADM,train,train,1
c087ea83801dfe7e,c087ea83801dfe7e,real,real,BigGAN,val,val,0
c095e6ee8e686870,c095e6ee8e686870,fake,sd_v1_4,stable_diffusion_v_1_4,val,unused,0
c0a361539732ef34,c0a361539732ef34,fake,adm,ADM,val,val,0
c0a7fc927dbbc3ca,c0a7fc927dbbc3ca,real,real,ADM,test,test,0
c0e682435d588228,c0e682435d588228,real,real,ADM,val,val,0
c0e83ef75829943a,c0e83ef75829943a,real,real,ADM,train,train,0
c11787e2ca6caf62,c11787e2ca6caf62,fake,sd_v1_4,stable_diffusion_v_1_4,train,unused,0
c14e872276e98c11,c14e872276e98c11,real,real,BigGAN,train,train,1
c1732bc874255829,c1732bc874255829,real,real,BigGAN,train,train,0
c175fc6f2f4f9a27,c175fc6f2f4f9a27,real,real,stable_diffusion_v_1_4,test,test,0
c1dd5253ccbcc319,c1dd5253ccbcc319,fake,biggan,BigGAN,test,test,0
c1e3013aa6888bf3,c1e3013aa6888bf3,fake,adm,ADM,train,train,1
c218508c505efbda,c218508c505efbda,fake,biggan,BigGAN,train,train,0
c23ba1f904d84e5e,c23ba1f904d84e5e,fake,sd_v1_4,stable_diffusion_v_1_4,val,unused,0
c264d2a08d089f3d,c264d2a08d089f3d,fake,adm,ADM,test,test,0
c2782a636f88e649,c2782a636f88e649,fake,biggan,BigGAN,train,train,1
c2c064379bd1729f,c2c064379bd1729f,fake,adm,ADM,val,val,0
c2c09df4ac9ec5fa,c2c09df4ac9ec5fa,fake,biggan,BigGAN,train,train,1
c2c3655fc5f792d3,c2c3655fc5f792d3,fake,sd_v1_4,stable_diffusion_v_1_4,val,unused,0
c2d13bbca0c35aab,c2d13bbca0c35aab,fake,biggan,BigGAN,val,val,0
c2f1290e61a5843f,c2f1290e61a5843f,fake,adm,ADM,val,val,1
c3327c363474a548,c3327c363474a548,real,real,ADM,train,train,0
c3478e5cb0950417,c3478e5cb0950417,real,real,ADM,test,test,0
c381a9e749380d5d,c381a9e749380d5d,real,real,stable_diffusion_v_1_4,val,val,1
c3cbab6f21810c5b,c3cbab6f21810c5b,fake,sd_v1_4,stable_diffusion_v_1_4,train,unused,0
c3db4cbd7e31494c,c3db4cbd7e31494c,fake,biggan,BigGAN,train,train,0
c3ea8a4d8dda0006,c3ea8a4d8dda0006,fake,sd_v1_4,stable_diffusion_v_1_4,test,test,0
c3f69aa198e6a62c,c3f69aa198e6a62c,real,real,BigGAN,train,train,0
c3fe4aff519da2ab,c3fe4aff519da2ab,fake,adm,ADM,test,test,0
c40e189c5345737d,c40e189c5345737d,fake,sd_v1_4,stable_diffusion_v_1_4,test,test,0
c42594bd3ad571e8,c42594bd3ad571e8,fake,biggan,BigGAN,train,train,0
c42a78088686351c,c42a78088686351c,real,real,ADM,val,val,0
c431aa0c1c4a72c2,c431aa0c1c4a72c2,real,real,BigGAN,test,test,0
c451177be6d1d399,c451177be6d1d399,real,real,stable_diffusion_v_1_4,train,train,0
c46de4f9b99a6422,c46de4f9b99a6422,real,real,stable_diffusion_v_1_4,train,train,0
c4826cbc7a9a4f24,c4826cbc7a9a4f24,real,real,BigGAN,train,train,0
c485b35f641df03c,c485b35f641df03c,real,real,stable_diffusion_v_1_4,val,val,0
c48c94b1dbd3ca30,c48c94b1dbd3ca30,real,real,stable_diffusion_v_1_4,val,val,0
c4a2ed080309daf7,c4a2ed080309daf7,fake,biggan,BigGAN,train,train,0
c4ac0e7b69d22646,c4ac0e7b69d22646,real,real,stable_diffusion_v_1_4,train,train,0
c4b5f6dce8778b62,c4b5f6dce8778b62,real,real,BigGAN,val,val,0
c4b980f79085b611,c4b980f79085b611,fake,adm,ADM,val,val,0
c4c728fb738554e5,c4c728fb738554e5,fake,sd_v1_4,stable_diffusion_v_1_4,train,unused,0
c4d249cc09980b9b,c4d249cc09980b9b,real,real,ADM,test,test,0
c4e58c69dbdcfb7a,c4e58c69dbdcfb7a,fake,biggan,BigGAN,train,train,0
c4fff1ce2799a8ba,c4fff1ce2799a8ba,real,real,stable_diffusion_v_1_4,train,train,1
c51ec7d6a679f140,c51ec7d6a679f140,real,real,ADM,train,train,0
c538a51da01be308,c538a51da01be308,fake,sd_v1_4,stable_diffusion_v_1_4,test,test,1
c548efa0d711d032,c548efa0d711d032,real,real,BigGAN,train,train,0
c597c88041840044,c597c88041840044,fake,biggan,BigGAN,train,train,0
c5986a08c985dd19,c5986a08c985dd19,real,real,BigGAN,train,train,0
c5af115e1be06ac8,c5af115e1be06ac8,fake,biggan,BigGAN,train,train,0
c5b9705c1177913c,c5b9705c1177913c,fake,adm,ADM,val,val,0
c5ed9e4d0e99396c,c5ed9e4d0e99396c,fake,biggan,BigGAN,train,train,0
c5f5533652fbd48e,c5f5533652fbd48e,fake,biggan,BigGAN,train,train,0
c5f64e4a54721c26,c5f64e4a54721c26,real,real,ADM,train,train,1
c606c369aac09f68,c606c369aac09f68,fake,adm,ADM,train,train,0
c611f6d0cc2e5cbf,c611f6d0cc2e5cbf,fake,sd_v1_4,stable_diffusion_v_1_4,train,unused,0
c633e0293c4fa99c,c633e0293c4fa99c,fake,biggan,BigGAN,val,val,0
c63665ad1fd5e365,c63665ad1fd5e365,fake,biggan,BigGAN,test,test,0
c63d8ef7deede0a0,c63d8ef7deede0a0,real,real,ADM,train,train,0
c63ef0e04fead8d9,c63ef0e04fead8d9,fake,biggan,BigGAN,train,train,0
c64ef0cffc873084,c64ef0cffc873084,real,real,ADM,val,val,0
c674639c95b6aab9,c674639c95b6aab9,real,real,BigGAN,train,train,0
c683ca30f61b02b2,c683ca30f61b02b2,fake,biggan,BigGAN,train,train,0
c6a9fbe7a4ea399a,c6a9fbe7a4ea399a,fake,adm,ADM,val,val,0
c6c0191bfcc841db,c6c0191bfcc841db,fake,biggan,BigGAN,val,val,0
c6c03cd9c733e155,c6c03cd9c733e155,real,real,ADM,train,train,0
c6cf407ec30bf1ba,c6cf407ec30bf1ba,fake,sd_v1_4,stable_diffusion_v_1_4,train,unused,1
c6d0911f498d8711,c6d0911f498d8711,fake,biggan,BigGAN,train,train,0
c6dde0c0c3a45605,c6dde0c0c3a45605,fake,sd_v1_4,stable_diffusion_v_1_4,train,unused,1
c6e12c7f1e72f6b7,c6e12c7f1e72f6b7,fake,biggan,BigGAN,train,train,0
c7088111d53a81c8,c7088111d53a81c8,fake,sd_v1_4,stable_diffusion_v_1_4,train,unused,0
c7218077b75daa01,c7218077b75daa01,fake,adm,ADM,train,train,0
c731f8793dce74f1,c731f8793dce74f1,real,real,ADM,train,train,0
c74c3dcb82bf0c8f,c74c3dcb82bf0c8f,real,real,stable_diffusion_v_1_4,train,train,0
c777df044fb2f824,c777df044fb2f824,fake,sd_v1_4,stable_diffusion_v_1_4,train,unused,0
c77d6602608b6488,c77d6602608b6488,real,real,ADM,train,train,0
c78a44f6e35f212e,c78a44f6e35f212e,real,real,BigGAN,train,train,0
c79658fe266136fc,c79658fe266136fc,fake,sd_v1_4,stable_diffusion_v_1_4,test,test,0
c7ab251554dea74e,c7ab251554dea74e,real,real,ADM,train,train,0
c7b310c2a6838a6f,c7b310c2a6838a6f,real,real,stable_diffusion_v_1_4,train,train,0
c7c2ef5032b3bb2a,c7c2ef5032b3bb2a,real,real,stable_diffusion_v_1_4,test,test,0
c7ca5532e9c85a3e,c7ca5532e9c85a3e,real,real,BigGAN,train,train,0
c80ae9898a498603,c80ae9898a498603,fake,biggan,BigGAN,val,val,0
c811105357663f05,c811105357663f05,fake,sd_v1_4,stable_diffusion_v_1_4,val,unused,1
c81762e0a9dd799c,c81762e0a9dd799c,real,real,ADM,train,train,0
c823b280a35cfa84,c823b280a35cfa84,real,real,ADM,train,train,1
c823dca5c79b5305,c823dca5c79b5305,fake,adm,ADM,train,train,0
c82bdfd8b2cc0389,c82bdfd8b2cc0389,fake,biggan,BigGAN,train,train,0
c84bab1df5e86ac8,c84bab1df5e86ac8,fake,adm,ADM,test,test,0
c85ec51d26d557a9,c85ec51d26d557a9,fake,adm,ADM,train,train,0
c863fd635da7d645,c863fd635da7d645,real,real,stable_diffusion_v_1_4,train,train,0
c8b2bb0ec5d0885b,c8b2bb0ec5d0885b,fake,sd_v1_4,stable_diffusion_v_1_4,train,unused,0
c8c078eac4e836ca,c8c078eac4e836ca,real,real,stable_diffusion_v_1_4,train,train,0
c8d9becd61efa0fd,c8d9becd61efa0fd,real,real,BigGAN,val,val,0
c8ec6a28cdcaa53d,c8ec6a28cdcaa53d,fake,sd_v1_4,stable_diffusion_v_1_4,train,unused,0
c8f08265648d8bc7,c8f08265648d8bc7,real,real,ADM,train,train,0
c8fb83ace927b166,c8fb83ace927b166,real,real,ADM,train,train,1
c9024a785741857d,c9024a785741857d,fake,sd_v1_4,stable_diffusion_v_1_4,train,unused,0
c90457069e642568,c90457069e642568,fake,biggan,BigGAN,train,train,0
c90b13dede8098c8,c90b13dede8098c8,fake,sd_v1_4,stable_diffusion_v_1_4,train,unused,0
c94567cd94a80695,c94567cd94a80695,fake,sd_v1_4,stable_diffusion_v_1_4,train,unused,0
c94d0e01204579f9,c94d0e01204579f9,real,real,stable_diffusion_v_1_4,val,val,0
c94d1196d9074cab,c94d1196d9074cab,fake,adm,ADM,test,test,0
c953257cf548465f,c953257cf548465f,fake,biggan,BigGAN,train,train,0
c957d909a45135e4,c957d909a45135e4,real,real,BigGAN,train,train,0
c96cb12105b6a862,c96cb12105b6a862,fake,adm,ADM,train,train,0
c97dabcb9ccc69e7,c97dabcb9ccc69e7,real,real,ADM,train,train,0
c994dbe26bc135a9,c994dbe26bc135a9,real,real,BigGAN,train,train,1
c999edc420b8b349,c999edc420b8b349,fake,adm,ADM,val,val,1
c9cb3db46a35ff67,c9cb3db46a35ff67,fake,biggan,BigGAN,train,train,0
c9d5b5559a74b47e,c9d5b5559a74b47e,fake,biggan,BigGAN,train,train,1
c9ded21501d0d3b8,c9ded21501d0d3b8,fake,biggan,BigGAN,train,train,1
c9f954d57df5d991,c9f954d57df5d991,real,real,BigGAN,test,test,0
ca0ba88ed5917cf8,ca0ba88ed5917cf8,fake,biggan,BigGAN,val,val,0
ca0cd6fc435b4a11,ca0cd6fc435b4a11,real,real,stable_diffusion_v_1_4,train,train,0
ca1b03c31553f797,ca1b03c31553f797,real,real,stable_diffusion_v_1_4,test,test,0
ca3379907173a211,ca3379907173a211,fake,sd_v1_4,stable_diffusion_v_1_4,train,unused,1
ca4f611f83a3878d,ca4f611f83a3878d,fake,biggan,BigGAN,val,val,0
ca74ef5b1de6b5f6,ca74ef5b1de6b5f6,fake,sd_v1_4,stable_diffusion_v_1_4,train,unused,0
ca77de05e5b3d01e,ca77de05e5b3d01e,fake,sd_v1_4,stable_diffusion_v_1_4,train,unused,0
ca7d5cd88f5da711,ca7d5cd88f5da711,real,real,ADM,val,val,0
ca7d7ddbd2ecfdf8,ca7d7ddbd2ecfdf8,real,real,stable_diffusion_v_1_4,train,train,0
ca803178ab2bf4df,ca803178ab2bf4df,real,real,ADM,val,val,0
cab9ad8acf209783,cab9ad8acf209783,fake,sd_v1_4,stable_diffusion_v_1_4,train,unused,0
cae04459da7eb093,cae04459da7eb093,fake,adm,ADM,val,val,1
caee9ba3922423b5,caee9ba3922423b5,fake,adm,ADM,test,test,0
cafd7d8b8743a9a5,cafd7d8b8743a9a5,real,real,ADM,test,test,0
cb0345ae7ee9c29f,cb0345ae7ee9c29f,fake,biggan,BigGAN,test,test,0
cb0d4feaf35b448b,cb0d4feaf35b448b,real,real,stable_diffusion_v_1_4,train,train,1
cb0f8e2f19fdd2ca,cb0f8e2f19fdd2ca,real,real,ADM,train,train,0
cb1b24285884920f,cb1b24285884920f,real,real,BigGAN,train,train,0
cb2f64a766f10f10,cb2f64a766f10f10,real,real,stable_diffusion_v_1_4,train,train,0
cb3fa19ee38ff444,cb3fa19ee38ff444,fake,sd_v1_4,stable_diffusion_v_1_4,train,unused,0
cb488f109e98f1f0,cb488f109e98f1f0,fake,biggan,BigGAN,train,train,0
cb5174aba56291ce,cb5174aba56291ce,fake,sd_v1_4,stable_diffusion_v_1_4,train,unused,0
cb676a50f8290fb8,cb676a50f8290fb8,fake,sd_v1_4,stable_diffusion_v_1_4,train,unused,0
cb7099f7ee05883f,cb7099f7ee05883f,real,real,stable_diffusion_v_1_4,val,val,0
cb7775aa56e3e0a7,cb7775aa56e3e0a7,fake,biggan,BigGAN,test,test,0
cbadce0a1f704915,cbadce0a1f704915,real,real,stable_diffusion_v_1_4,train,train,0
cbc778496b901e6a,cbc778496b901e6a,fake,sd_v1_4,stable_diffusion_v_1_4,train,unused,0
cbd3d7a62a021103,cbd3d7a62a021103,fake,biggan,BigGAN,test,test,0
cbd923cba5fcda36,cbd923cba5fcda36,real,real,stable_diffusion_v_1_4,train,train,0
cc06da421d8270b8,cc06da421d8270b8,real,real,ADM,train,train,0
cc1231f3d5357a77,cc1231f3d5357a77,fake,biggan,BigGAN,train,train,0
cc14229a51dccc8e,cc14229a51dccc8e,fake,sd_v1_4,stable_diffusion_v_1_4,val,unused,0
cc67993513202e58,cc67993513202e58,fake,adm,ADM,val,val,0
cc80c0edad31b95f,cc80c0edad31b95f,fake,adm,ADM,val,val,0
cc9fd06437b73a04,cc9fd06437b73a04,fake,biggan,BigGAN,train,train,0
ccc392f553804474,ccc392f553804474,fake,adm,ADM,test,test,0
ccc9a1cd0c2b9cba,ccc9a1cd0c2b9cba,fake,adm,ADM,train,train,1
ccebca0e62d03479,ccebca0e62d03479,fake,biggan,BigGAN,train,train,0
cd0827728c3a22c8,cd0827728c3a22c8,real,real,BigGAN,train,train,1
cd305dad9473171d,cd305dad9473171d,real,real,BigGAN,test,test,0
cd3287fd03df0f34,cd3287fd03df0f34,real,real,BigGAN,train,train,0
cd4c1bfad6044399,cd4c1bfad6044399,real,real,ADM,train,train,1
cd7a4fd5ac10e792,cd7a4fd5ac10e792,fake,biggan,BigGAN,train,train,1
cd7bdc4431109064,cd7bdc4431109064,fake,adm,ADM,train,train,0
cd82bfbedec99c63,cd82bfbedec99c63,fake,biggan,BigGAN,train,train,0
cd9c36a41741fed9,cd9c36a41741fed9,real,real,BigGAN,train,train,0
cdadea19a9fe0432,cdadea19a9fe0432,real,real,stable_diffusion_v_1_4,train,train,0
cdb72c4836f73cdb,cdb72c4836f73cdb,fake,biggan,BigGAN,train,train,0
cdbdf83b58dd97ab,cdbdf83b58dd97ab,real,real,stable_diffusion_v_1_4,train,train,1
cdc325f9d50ccd76,cdc325f9d50ccd76,fake,sd_v1_4,stable_diffusion_v_1_4,train,unused,0
cdc945d636074b32,cdc945d636074b32,real,real,BigGAN,train,train,0
cdec406fadfc584c,cdec406fadfc584c,real,real,BigGAN,train,train,0
ce239be586a84d99,ce239be586a84d99,real,real,BigGAN,val,val,0
ce42b85f74eaf043,ce42b85f74eaf043,real,real,BigGAN,train,train,0
ce4993d61ee9e80b,ce4993d61ee9e80b,real,real,stable_diffusion_v_1_4,train,train,0
ce5707585921cd83,ce5707585921cd83,real,real,stable_diffusion_v_1_4,train,train,0
ce6e47bb97084751,ce6e47bb97084751,real,real,stable_diffusion_v_1_4,test,test,0
ce88a598a23dc517,ce88a598a23dc517,real,real,stable_diffusion_v_1_4,train,train,0
ceacc55f948f941d,ceacc55f948f941d,real,real,stable_diffusion_v_1_4,val,val,1
ceaec45b7aa97c94,ceaec45b7aa97c94,real,real,BigGAN,val,val,0
cecfdf2d324e6914,cecfdf2d324e6914,fake,adm,ADM,val,val,0
cedc8a817c76c22e,cedc8a817c76c22e,real,real,BigGAN,val,val,0
cee7f9cfd04be938,cee7f9cfd04be938,fake,sd_v1_4,stable_diffusion_v_1_4,train,unused,0
cefe0962c4fff197,cefe0962c4fff197,fake,sd_v1_4,stable_diffusion_v_1_4,train,unused,1
cf02cefce47fcd98,cf02cefce47fcd98,real,real,stable_diffusion_v_1_4,test,test,0
cf25ea103a5995b4,cf25ea103a5995b4,fake,biggan,BigGAN,test,test,0
cf4106bb00deaf1a,cf4106bb00deaf1a,fake,sd_v1_4,stable_diffusion_v_1_4,test,test,0
cf42916fffe777c3,cf42916fffe777c3,fake,biggan,BigGAN,train,train,0
cf750ba514240bde,cf750ba514240bde,real,real,BigGAN,val,val,0
cf8333c9baf1c805,cf8333c9baf1c805,fake,adm,ADM,train,train,0
cf8cc9a6afa98f3c,cf8cc9a6afa98f3c,fake,biggan,BigGAN,train,train,0
cf96dffd518ace6a,cf96dffd518ace6a,fake,sd_v1_4,stable_diffusion_v_1_4,train,unused,0
cfbd9f4526cdf7cb,cfbd9f4526cdf7cb,real,real,ADM,test,test,0
cfe1b75601aa9f1c,cfe1b75601aa9f1c,fake,sd_v1_4,stable_diffusion_v_1_4,test,test,0
cfe5efe4ae4770bd,cfe5efe4ae4770bd,fake,sd_v1_4,stable_diffusion_v_1_4,train,unused,0
d00957f3ed1b50c0,d00957f3ed1b50c0,real,real,BigGAN,train,train,0
d012eea322649a49,d012eea322649a49,real,real,stable_diffusion_v_1_4,val,val,0
d035a457be538591,d035a457be538591,real,real,stable_diffusion_v_1_4,train,train,0
d03873d7e0735239,d03873d7e0735239,real,real,ADM,val,val,0
d03f02b874b4f054,d03f02b874b4f054,real,real,stable_diffusion_v_1_4,test,test,0
d05d5ef2a1ac72fb,d05d5ef2a1ac72fb,fake,biggan,BigGAN,train,train,0
d09e322ed44d9a96,d09e322ed44d9a96,real,real,stable_diffusion_v_1_4,train,train,0
d0a1c5710521dee4,d0a1c5710521dee4,real,real,BigGAN,test,test,0
d0a7c8bfd415395d,d0a7c8bfd415395d,real,real,BigGAN,val,val,0
d0c37720fa2770b9,d0c37720fa2770b9,fake,sd_v1_4,stable_diffusion_v_1_4,test,test,0
d1045055f4f57922,d1045055f4f57922,fake,sd_v1_4,stable_diffusion_v_1_4,val,unused,1
d11f968b77c544d2,d11f968b77c544d2,fake,biggan,BigGAN,train,train,0
d1787f728c3c425b,d1787f728c3c425b,fake,adm,ADM,test,test,0
d1a14d3a9488c5df,d1a14d3a9488c5df,fake,sd_v1_4,stable_diffusion_v_1_4,train,unused,0
d1d1919b5a9b1607,d1d1919b5a9b1607,fake,sd_v1_4,stable_diffusion_v_1_4,train,unused,1
d1dee0147f84bd2d,d1dee0147f84bd2d,real,real,ADM,val,val,1
d1e64ca39bf01cb1,d1e64ca39bf01cb1,fake,adm,ADM,train,train,0
d22ef7fee7088bdc,d22ef7fee7088bdc,real,real,BigGAN,train,train,0
d2429f029402c57a,d2429f029402c57a,fake,sd_v1_4,stable_diffusion_v_1_4,test,test,0
d253b8a9b2fa6565,d253b8a9b2fa6565,fake,sd_v1_4,stable_diffusion_v_1_4,train,unused,0
d255171acd3e7126,d255171acd3e7126,real,real,stable_diffusion_v_1_4,val,val,0
d25e1ecb1b0a4c54,d25e1ecb1b0a4c54,real,real,BigGAN,val,val,0
d27640e783875bea,d27640e783875bea,fake,adm,ADM,train,train,0
d27810bee988423c,d27810bee988423c,real,real,ADM,train,train,0
d28a49e78527808f,d28a49e78527808f,real,real,BigGAN,train,train,0
d296d8555a85945e,d296d8555a85945e,real,real,ADM,train,train,1
d2b9488d497f1a5a,d2b9488d497f1a5a,real,real,ADM,test,test,0
d2c1793b0bcf2966,d2c1793b0bcf2966,fake,biggan,BigGAN,val,val,0
d2cdc29bfafba4ef,d2cdc29bfafba4ef,real,real,BigGAN,train,train,0
d2d48100f8920fbf,d2d48100f8920fbf,fake,sd_v1_4,stable_diffusion_v_1_4,test,test,1
d2f63d3c332b5157,d2f63d3c332b5157,fake,biggan,BigGAN,test,test,1
d33843a68e0c4c08,d33843a68e0c4c08,real,real,stable_diffusion_v_1_4,train,train,0
d34d3dd931c453b8,d34d3dd931c453b8,real,real,BigGAN,train,train,0
d352f879c85f5d60,d352f879c85f5d60,fake,sd_v1_4,stable_diffusion_v_1_4,val,unused,0
d37ec5d6f1a76712,d37ec5d6f1a76712,fake,biggan,BigGAN,val,val,1
d381f27efdd4f066,d381f27efdd4f066,real,real,stable_diffusion_v_1_4,train,train,0
d3add19878e3c395,d3add19878e3c395,real,real,BigGAN,train,train,0
d3afcfc39cdbefe6,d3afcfc39cdbefe6,fake,biggan,BigGAN,val,val,0
d3bf8082e1986cbc,d3bf8082e1986cbc,fake,adm,ADM,train,train,0
d4052563b666feb2,d4052563b666feb2,real,real,BigGAN,val,val,0
d40ecfebca3d79c0,d40ecfebca3d79c0,real,real,BigGAN,train,train,0
d429c4fdbaa9b894,d429c4fdbaa9b894,real,real,BigGAN,val,val,0
d45d8db708d8d27d,d45d8db708d8d27d,real,real,stable_diffusion_v_1_4,train,train,0
d495a9ba019126c0,d495a9ba019126c0,fake,sd_v1_4,stable_diffusion_v_1_4,test,test,0
d4a212fc67b1bb30,d4a212fc67b1bb30,real,real,BigGAN,train,train,0
d4b3a35ff9424e04,d4b3a35ff9424e04,real,real,stable_diffusion_v_1_4,test,test,0
d4bcfbd940eb7686,d4bcfbd940eb7686,fake,adm,ADM,val,val,0
d4cc2c694c944665,d4cc2c694c944665,real,real,stable_diffusion_v_1_4,train,train,0
d4f7eab31c975a36,d4f7eab31c975a36,fake,sd_v1_4,stable_diffusion_v_1_4,train,unused,0
d5453937b847829b,d5453937b847829b,fake,sd_v1_4,stable_diffusion_v_1_4,test,test,0
d54afdb3038d58c8,d54afdb3038d58c8,real,real,stable_diffusion_v_1_4,train,train,0
d552a4ab0fab5c74,d552a4ab0fab5c74,real,real,BigGAN,train,train,0
d56da86cd53a299a,d56da86cd53a299a,real,real,BigGAN,train,train,0
d59dc7b192ae1c8e,d59dc7b192ae1c8e,fake,biggan,BigGAN,val,val,1
d5e1101983dfe70f,d5e1101983dfe70f,real,real,stable_diffusion_v_1_4,val,val,0
d5eafdd1846dc9a1,d5eafdd1846dc9a1,fake,biggan,BigGAN,train,train,0
d5f5f11f7763ca13,d5f5f11f7763ca13,real,real,stable_diffusion_v_1_4,train,train,0
d5fdae412cc7dae2,d5fdae412cc7dae2,real,real,BigGAN,train,train,0
d603f502c76aac70,d603f502c76aac70,fake,sd_v1_4,stable_diffusion_v_1_4,train,unused,0
d60d6164028f9bba,d60d6164028f9bba,real,real,ADM,val,val,0
d612821f221b6497,d612821f221b6497,real,real,stable_diffusion_v_1_4,test,test,0
d6346502e13208dc,d6346502e13208dc,real,real,ADM,val,val,0
d63a6e35e89940cc,d63a6e35e89940cc,fake,biggan,BigGAN,train,train,0
d65f528b7fcdd140,d65f528b7fcdd140,real,real,BigGAN,test,test,0
d65fa829add63d5f,d65fa829add63d5f,fake,adm,ADM,train,train,1
d668c809567c6dad,d668c809567c6dad,fake,biggan,BigGAN,val,val,0
d695019ffc1e4694,d695019ffc1e4694,fake,biggan,BigGAN,train,train,1
d6b528c3852bd211,d6b528c3852bd211,real,real,BigGAN,train,train,0
d6b8db4357bab037,d6b8db4357bab037,real,real,ADM,train,train,1
d6bcdd96da510061,d6bcdd96da510061,real,real,BigGAN,val,val,1
d6c941c3b045623c,d6c941c3b045623c,real,real,stable_diffusion_v_1_4,train,train,0
d6f38cee55dd7683,d6f38cee55dd7683,real,real,ADM,train,train,1
d6f8e7a2bb5b5819,d6f8e7a2bb5b5819,real,real,BigGAN,test,test,0
d70cba77b4228167,d70cba77b4228167,real,real,ADM,train,train,0
d713b3b5e6fd4da4,d713b3b5e6fd4da4,fake,adm,ADM,val,val,0
d7168f9eadf7524e,d7168f9eadf7524e,real,real,BigGAN,train,train,0
d73868790d84f4ca,d73868790d84f4ca,fake,sd_v1_4,stable_diffusion_v_1_4,train,unused,0
d7483bc53146a436,d7483bc53146a436,fake,adm,ADM,train,train,0
d74b35827ddad79f,d74b35827ddad79f,fake,biggan,BigGAN,val,val,0
d762175660425e1c,d762175660425e1c,fake,adm,ADM,test,test,0
d778dfb588f06487,d778dfb588f06487,real,real,stable_diffusion_v_1_4,train,train,1
d78a5feaa799fb30,d78a5feaa799fb30,fake,biggan,BigGAN,train,train,0
d78d8c4ac64fe249,d78d8c4ac64fe249,fake,biggan,BigGAN,train,train,0
d7bcf4b27ad7c125,d7bcf4b27ad7c125,fake,sd_v1_4,stable_diffusion_v_1_4,train,unused,1
d7cf351f848c914c,d7cf351f848c914c,real,real,ADM,val,val,0
d7fd886bf7abe497,d7fd886bf7abe497,real,real,BigGAN,train,train,0
d802934d97602d49,d802934d97602d49,fake,biggan,BigGAN,train,train,0
d807353a079fa462,d807353a079fa462,real,real,BigGAN,val,val,0
d84cf6812a117396,d84cf6812a117396,fake,biggan,BigGAN,val,val,0
d8889fa4cdcbfc94,d8889fa4cdcbfc94,fake,biggan,BigGAN,val,val,0
d89c0198255aaeef,d89c0198255aaeef,fake,sd_v1_4,stable_diffusion_v_1_4,train,unused,0
d89ee0da458b4269,d89ee0da458b4269,fake,biggan,BigGAN,test,test,0
d8c33ca8fd43b65a,d8c33ca8fd43b65a,real,real,BigGAN,train,train,0
d8c50e6dddfd5871,d8c50e6dddfd5871,real,real,BigGAN,val,val,0
d8c8518d285c2879,d8c8518d285c2879,real,real,ADM,test,test,0
d8e3b8b30249c9a1,d8e3b8b30249c9a1,real,real,stable_diffusion_v_1_4,train,train,1
d8ed57eef5ea7d82,d8ed57eef5ea7d82,real,real,BigGAN,val,val,0
d90dd3ea64110f63,d90dd3ea64110f63,real,real,BigGAN,test,test,0
d9137dfd2f2a4603,d9137dfd2f2a4603,real,real,BigGAN,train,train,0
d947865df86c058c,d947865df86c058c,fake,biggan,BigGAN,test,test,0
d94d5d722e6a331d,d94d5d722e6a331d,real,real,ADM,val,val,0
d992b5fb168090c7,d992b5fb168090c7,fake,sd_v1_4,stable_diffusion_v_1_4,train,unused,0
d9a28c75f4c66703,d9a28c75f4c66703,fake,biggan,BigGAN,test,test,0
d9b9f6b0ff98a984,d9b9f6b0ff98a984,fake,biggan,BigGAN,val,val,0
d9db8bfe7b82c378,d9db8bfe7b82c378,real,real,BigGAN,train,train,0
d9fabb5c4ae0e89c,d9fabb5c4ae0e89c,real,real,BigGAN,train,train,0
da0724bb25714436,da0724bb25714436,real,real,ADM,test,test,0
da0b68681bd16197,da0b68681bd16197,fake,adm,ADM,train,train,0
da10bb44284edbce,da10bb44284edbce,real,real,stable_diffusion_v_1_4,train,train,0
da17e36714ad202c,da17e36714ad202c,fake,sd_v1_4,stable_diffusion_v_1_4,train,unused,0
da33e984677cdeb9,da33e984677cdeb9,real,real,stable_diffusion_v_1_4,test,test,0
dabfbc4f68d10d91,dabfbc4f68d10d91,real,real,BigGAN,test,test,0
dac2d698c9b40b14,dac2d698c9b40b14,fake,adm,ADM,train,train,0
dada2459b374741f,dada2459b374741f,real,real,BigGAN,test,test,0
daeefb4722633d61,daeefb4722633d61,fake,adm,ADM,val,val,0
dafa5fbfc3db942a,dafa5fbfc3db942a,real,real,stable_diffusion_v_1_4,train,train,0
db13163eb5d35bbb,db13163eb5d35bbb,real,real,ADM,train,train,0
db1f96fbe4dbcad5,db1f96fbe4dbcad5,fake,biggan,BigGAN,train,train,0
db231296bec659c0,db231296bec659c0,fake,sd_v1_4,stable_diffusion_v_1_4,train,unused,1
db8d0b6e13a02361,db8d0b6e13a02361,real,real,ADM,train,train,0
db96f8cbe676a6b6,db96f8cbe676a6b6,real,real,BigGAN,test,test,0
dba5b918d9f3b38f,dba5b918d9f3b38f,real,real,stable_diffusion_v_1_4,train,train,0
dbb0df4ebf6aac22,dbb0df4ebf6aac22,fake,biggan,BigGAN,val,val,0
dbc59b489f9d9ada,dbc59b489f9d9ada,real,real,BigGAN,train,train,1
dbd136df86a5ce77,dbd136df86a5ce77,fake,adm,ADM,train,train,0
dc0357dd0ea9ddae,dc0357dd0ea9ddae,real,real,ADM,train,train,0
dc11fd860c95ca33,dc11fd860c95ca33,fake,adm,ADM,train,train,1
dc18f79e67d1e2a4,dc18f79e67d1e2a4,real,real,BigGAN,test,test,0
dc1c46499c712a31,dc1c46499c712a31,real,real,ADM,train,train,0
dc69c7ea2b895de2,dc69c7ea2b895de2,real,real,ADM,train,train,0
dc7165ce0de38dc7,dc7165ce0de38dc7,real,real,ADM,test,test,0
dc7b25dc338c28a7,dc7b25dc338c28a7,real,real,stable_diffusion_v_1_4,train,train,1
dcab2603632009dc,dcab2603632009dc,fake,biggan,BigGAN,test,test,0
dcb16e00146d5a0a,dcb16e00146d5a0a,fake,adm,ADM,test,test,0
dcfd31e3deb718a6,dcfd31e3deb718a6,real,real,BigGAN,train,train,1
dd0ee7a547900112,dd0ee7a547900112,fake,adm,ADM,train,train,1
dd1ae1cdfca9f602,dd1ae1cdfca9f602,fake,sd_v1_4,stable_diffusion_v_1_4,val,unused,0
dd1fa46f4495d6c5,dd1fa46f4495d6c5,fake,sd_v1_4,stable_diffusion_v_1_4,train,unused,1
dd25c9b22e22bcaf,dd25c9b22e22bcaf,fake,sd_v1_4,stable_diffusion_v_1_4,train,unused,0
dd49c36d1fc810d3,dd49c36d1fc810d3,fake,biggan,BigGAN,val,val,0
dd52dad48b454e00,dd52dad48b454e00,fake,sd_v1_4,stable_diffusion_v_1_4,test,test,0
dd5ced071f7f07b0,dd5ced071f7f07b0,fake,adm,ADM,train,train,0
dd7212ec2e4d0550,dd7212ec2e4d0550,real,real,ADM,train,train,0
dd8ac75e95bde8c3,dd8ac75e95bde8c3,real,real,stable_diffusion_v_1_4,train,train,1
dd9ba14c03d24fb1,dd9ba14c03d24fb1,real,real,BigGAN,val,val,0
ddaff7efd9ac1b6b,ddaff7efd9ac1b6b,fake,sd_v1_4,stable_diffusion_v_1_4,val,unused,0
ddb2a170b102cdfe,ddb2a170b102cdfe,real,real,BigGAN,train,train,0
de05fcc4aeff491b,de05fcc4aeff491b,real,real,ADM,test,test,0
de063d0d7c6e1edb,de063d0d7c6e1edb,real,real,ADM,train,train,0
de17202fe06d98ad,de17202fe06d98ad,fake,adm,ADM,val,val,0
de17bfbb4ddbae2f,de17bfbb4ddbae2f,real,real,stable_diffusion_v_1_4,val,val,0
de22e88e23aadaf6,de22e88e23aadaf6,fake,sd_v1_4,stable_diffusion_v_1_4,train,unused,0
de2afadfb950237d,de2afadfb950237d,real,real,BigGAN,train,train,0
de3dbc332581be7e,de3dbc332581be7e,real,real,stable_diffusion_v_1_4,train,train,0
de479e02101d22d6,de479e02101d22d6,real,real,BigGAN,val,val,0
de5b949a0547257e,de5b949a0547257e,real,real,BigGAN,val,val,0
de736fc7a5d04141,de736fc7a5d04141,fake,biggan,BigGAN,train,train,0
deafc31db41f13f4,deafc31db41f13f4,fake,adm,ADM,train,train,0
deb22c18441b0363,deb22c18441b0363,real,real,BigGAN,test,test,0
debee3d230ae2cf0,debee3d230ae2cf0,fake,sd_v1_4,stable_diffusion_v_1_4,test,test,0
dec1ee60faea6060,dec1ee60faea6060,real,real,BigGAN,train,train,0
def2ac25329f1ddb,def2ac25329f1ddb,fake,biggan,BigGAN,val,val,0
df26dfa46b1fb0d7,df26dfa46b1fb0d7,real,real,ADM,test,test,0
df3e5f317d5b38c5,df3e5f317d5b38c5,fake,biggan,BigGAN,train,train,0
df708722ce36e031,df708722ce36e031,fake,sd_v1_4,stable_diffusion_v_1_4,train,unused,0
df75c6922f5a3199,df75c6922f5a3199,fake,biggan,BigGAN,train,train,1
df773f2c46c5d169,df773f2c46c5d169,fake,biggan,BigGAN,train,train,0
df7f087dcbc28992,df7f087dcbc28992,fake,biggan,BigGAN,train,train,0
df82e6060cb61b9f,df82e6060cb61b9f,fake,adm,ADM,test,test,0
dfa0e9e9d4eec15a,dfa0e9e9d4eec15a,fake,sd_v1_4,stable_diffusion_v_1_4,test,test,0
dfac6ee16c2bb6b2,dfac6ee16c2bb6b2,fake,adm,ADM,val,val,1
dfc13c3ca18bab84,dfc13c3ca18bab84,real,real,stable_diffusion_v_1_4,train,train,0
dfc7871ef823a34b,dfc7871ef823a34b,fake,adm,ADM,train,train,0
dfe45a6a90a028bc,dfe45a6a90a028bc,real,real,stable_diffusion_v_1_4,val,val,1
dfee5fcdba17bc92,dfee5fcdba17bc92,real,real,stable_diffusion_v_1_4,test,test,0
dff21eae0023fb62,dff21eae0023fb62,real,real,stable_diffusion_v_1_4,train,train,0
dff63695c70757ea,dff63695c70757ea,fake,biggan,BigGAN,train,train,0
dff98da189fd76d1,dff98da189fd76d1,real,real,BigGAN,val,val,1
e008c2cdd9566d2a,e008c2cdd9566d2a,fake,adm,ADM,train,train,0
e009ce59d634a7a6,e009ce59d634a7a6,real,real,stable_diffusion_v_1_4,train,train,0
e084e74d6263022d,e084e74d6263022d,fake,sd_v1_4,stable_diffusion_v_1_4,train,unused,0
e0a16ba61da43093,e0a16ba61da43093,fake,biggan,BigGAN,train,train,0
e0b5615235b71b7a,e0b5615235b71b7a,real,real,BigGAN,train,train,1
e0b71a7072e33f3b,e0b71a7072e33f3b,real,real,stable_diffusion_v_1_4,train,train,0
e0e9de9612834c08,e0e9de9612834c08,real,real,ADM,train,train,1
e0fa66f2871a1240,e0fa66f2871a1240,real,real,ADM,train,train,0
e0fa6a5d596d51f2,e0fa6a5d596d51f2,fake,biggan,BigGAN,train,train,0
e107abe18bbd808d,e107abe18bbd808d,real,real,stable_diffusion_v_1_4,test,test,0
e12573a8e063e4ae,e12573a8e063e4ae,real,real,BigGAN,train,train,0
e130a1a57e1022bd,e130a1a57e1022bd,real,real,BigGAN,train,train,0
e1362f7a795dd15a,e1362f7a795dd15a,real,real,stable_diffusion_v_1_4,train,train,0
e1382cb8f2a2f7a3,e1382cb8f2a2f7a3,real,real,ADM,val,val,1
e1425aa4d3156699,e1425aa4d3156699,fake,sd_v1_4,stable_diffusion_v_1_4,train,unused,0
e155f43029128d3e,e155f43029128d3e,fake,sd_v1_4,stable_diffusion_v_1_4,train,unused,0
e1613f3ce238dbc2,e1613f3ce238dbc2,real,real,BigGAN,test,test,0
e190ff62b157386b,e190ff62b157386b,fake,biggan,BigGAN,test,test,0
e1b007b84b5009cd,e1b007b84b5009cd,fake,biggan,BigGAN,train,train,0
e1cf5859a9b46be6,e1cf5859a9b46be6,fake,sd_v1_4,stable_diffusion_v_1_4,train,unused,0
e1d6ca62a0cc63e2,e1d6ca62a0cc63e2,real,real,ADM,train,train,0
e1d7e483cf21ce36,e1d7e483cf21ce36,real,real,stable_diffusion_v_1_4,train,train,0
e2235844395b3bba,e2235844395b3bba,fake,biggan,BigGAN,train,train,0
e223fdbff92bcf29,e223fdbff92bcf29,fake,sd_v1_4,stable_diffusion_v_1_4,train,unused,0
e22f087443788cfb,e22f087443788cfb,real,real,ADM,train,train,0
e23ed37716bcaf65,e23ed37716bcaf65,fake,biggan,BigGAN,val,val,0
e252406d76b8fe9a,e252406d76b8fe9a,fake,adm,ADM,val,val,0
e268879fa3f8c905,e268879fa3f8c905,real,real,BigGAN,val,val,0
e2699c8df19ef41f,e2699c8df19ef41f,fake,biggan,BigGAN,test,test,0
e26eaba8a08185c1,e26eaba8a08185c1,fake,sd_v1_4,stable_diffusion_v_1_4,test,test,0
e2704a1ee6fece29,e2704a1ee6fece29,real,real,BigGAN,train,train,0
e273521f2b3761a3,e273521f2b3761a3,real,real,BigGAN,train,train,0
e2853168a04f9d6e,e2853168a04f9d6e,fake,sd_v1_4,stable_diffusion_v_1_4,train,unused,0
e2c56c2060a94db4,e2c56c2060a94db4,fake,sd_v1_4,stable_diffusion_v_1_4,train,unused,0
e2ce3f99cb5ab0f4,e2ce3f99cb5ab0f4,fake,biggan,BigGAN,train,train,0
e2cfa8062f9faf9b,e2cfa8062f9faf9b,real,real,ADM,val,val,1
e33ce4b3f1514e96,e33ce4b3f1514e96,fake,sd_v1_4,stable_diffusion_v_1_4,train,unused,0
e345511be4a8ffba,e345511be4a8ffba,fake,biggan,BigGAN,train,train,0
e372e796faa90954,e372e796faa90954,real,real,stable_diffusion_v_1_4,test,test,0
e380492c12f5e2a2,e380492c12f5e2a2,real,real,ADM,train,train,1
e38d9192726f62cf,e38d9192726f62cf,fake,sd_v1_4,stable_diffusion_v_1_4,train,unused,0
e38feab22ee0ec82,e38feab22ee0ec82,real,real,ADM,train,train,0
e3c3fd1df26b3858,e3c3fd1df26b3858,fake,sd_v1_4,stable_diffusion_v_1_4,train,unused,0
e3f0400709d92fb7,e3f0400709d92fb7,fake,sd_v1_4,stable_diffusion_v_1_4,train,unused,0
e3f2d34eea82b60b,e3f2d34eea82b60b,real,real,BigGAN,train,train,0
e41945a5f0a2cfcd,e41945a5f0a2cfcd,real,real,ADM,train,train,0
e423e65ea4d86479,e423e65ea4d86479,fake,biggan,BigGAN,test,test,0
e430691483c55fa8,e430691483c55fa8,real,real,stable_diffusion_v_1_4,test,test,0
e435088ab87b70ef,e435088ab87b70ef,fake,sd_v1_4,stable_diffusion_v_1_4,val,unused,0
e443e05381b04078,e443e05381b04078,real,real,ADM,val,val,0
e44900f283fa5688,e44900f283fa5688,real,real,ADM,test,test,0
e4a15b09087cc51d,e4a15b09087cc51d,fake,sd_v1_4,stable_diffusion_v_1_4,train,unused,0
e4a31b5585efb69c,e4a31b5585efb69c,fake,sd_v1_4,stable_diffusion_v_1_4,train,unused,0
e4d3edf8134d1066,e4d3edf8134d1066,fake,biggan,BigGAN,train,train,1
e4dae8a884e6e37f,e4dae8a884e6e37f,fake,sd_v1_4,stable_diffusion_v_1_4,test,test,0
e4dbc94a23da7a7f,e4dbc94a23da7a7f,fake,sd_v1_4,stable_diffusion_v_1_4,train,unused,0
e4eebe41418ea9b9,e4eebe41418ea9b9,fake,adm,ADM,test,test,0
e4efbb072e35ac16,e4efbb072e35ac16,fake,sd_v1_4,stable_diffusion_v_1_4,test,test,0
e508a304664801fe,e508a304664801fe,real,real,ADM,train,train,0
e512d3ed6d86de97,e512d3ed6d86de97,real,real,BigGAN,val,val,0
e51be6d28643da26,e51be6d28643da26,fake,adm,ADM,train,train,0
e5287bf3ea307e33,e5287bf3ea307e33,real,real,BigGAN,val,val,0
e529f488c4c339e5,e529f488c4c339e5,real,real,BigGAN,val,val,0
e530e992c6b51956,e530e992c6b51956,real,real,stable_diffusion_v_1_4,train,train,0
e53147ce3a17ca86,e53147ce3a17ca86,fake,biggan,BigGAN,train,train,0
e5477f2f36dfc3ea,e5477f2f36dfc3ea,real,real,BigGAN,test,test,0
e54df9dd0e29aae4,e54df9dd0e29aae4,fake,biggan,BigGAN,train,train,0
e54e08ae0910c433,e54e08ae0910c433,fake,adm,ADM,train,train,0
e55224ee05f378dd,e55224ee05f378dd,real,real,stable_diffusion_v_1_4,train,train,0
e5561900ae271775,e5561900ae271775,real,real,ADM,train,train,0
e55c000ab479d669,e55c000ab479d669,real,real,stable_diffusion_v_1_4,train,train,0
e55d1300eb375d23,e55d1300eb375d23,real,real,BigGAN,train,train,0
e57479d111fed1ed,e57479d111fed1ed,fake,biggan,BigGAN,train,train,0
e577c0a813e74842,e577c0a813e74842,real,real,ADM,train,train,0
e5d18328e68ffd1a,e5d18328e68ffd1a,fake,adm,ADM,train,train,1
e5e1a66a815726cb,e5e1a66a815726cb,fake,adm,ADM,test,test,0
e5e3e43c18e89dc8,e5e3e43c18e89dc8,fake,sd_v1_4,stable_diffusion_v_1_4,train,unused,0
e618d570e30ed9f8,e618d570e30ed9f8,real,real,ADM,test,test,0
e64465c57c7e0b99,e64465c57c7e0b99,real,real,stable_diffusion_v_1_4,train,train,0
e64904b19f61cf73,e64904b19f61cf73,real,real,stable_diffusion_v_1_4,test,test,0
e67d8a5ffe467db1,e67d8a5ffe467db1,fake,adm,ADM,test,test,0
e69fc75a00bd71f9,e69fc75a00bd71f9,real,real,stable_diffusion_v_1_4,train,train,0
e6a164111d6d6c96,e6a164111d6d6c96,fake,adm,ADM,train,train,0
e6b8b4913e4c2551,e6b8b4913e4c2551,real,real,stable_diffusion_v_1_4,test,test,0
e6bcb2a2ca53174a,e6bcb2a2ca53174a,fake,biggan,BigGAN,train,train,0
e6c3cc0e36d9cb10,e6c3cc0e36d9cb10,real,real,BigGAN,test,test,0
e6d5aba4abc76f8e,e6d5aba4abc76f8e,fake,adm,ADM,train,train,0
e6fc4c32e103c95a,e6fc4c32e103c95a,fake,biggan,BigGAN,train,train,0
e706126547efcd62,e706126547efcd62,fake,biggan,BigGAN,val,val,0
e7168ad5ac4232e3,e7168ad5ac4232e3,fake,biggan,BigGAN,train,train,0
e73f0f650fe81fe5,e73f0f650fe81fe5,fake,sd_v1_4,stable_diffusion_v_1_4,train,unused,0
e752639f75614d0a,e752639f75614d0a,real,real,BigGAN,train,train,0
e75c0b3c29a31182,e75c0b3c29a31182,real,real,BigGAN,train,train,0
e763b93910f55360,e763b93910f55360,fake,adm,ADM,train,train,0
e7698fbb8b422ca7,e7698fbb8b422ca7,real,real,stable_diffusion_v_1_4,train,train,0
e78bb8ee4083b592,e78bb8ee4083b592,fake,biggan,BigGAN,test,test,0
e7a146a9fadc199e,e7a146a9fadc199e,fake,sd_v1_4,stable_diffusion_v_1_4,val,unused,0
e7b9a403f3b14e58,e7b9a403f3b14e58,fake,biggan,BigGAN,train,train,0
e81730c1f979f49d,e81730c1f979f49d,fake,sd_v1_4,stable_diffusion_v_1_4,test,test,0
e824fed0befcc451,e824fed0befcc451,fake,adm,ADM,train,train,1
e8343903c52abed4,e8343903c52abed4,real,real,ADM,train,train,0
e8348838595b72cc,e8348838595b72cc,real,real,BigGAN,train,train,0
e8578b647409a4b2,e8578b647409a4b2,fake,sd_v1_4,stable_diffusion_v_1_4,test,test,0
e87554c76248dc20,e87554c76248dc20,fake,biggan,BigGAN,val,val,0
e88e4118c81af9ab,e88e4118c81af9ab,real,real,ADM,train,train,0
e8a439fe128325d3,e8a439fe128325d3,fake,sd_v1_4,stable_diffusion_v_1_4,val,unused,0
e8abdae701c225c7,e8abdae701c225c7,real,real,stable_diffusion_v_1_4,train,train,1
e8b84b835f8baaf9,e8b84b835f8baaf9,real,real,ADM,test,test,0
e8baa87daaad6fa6,e8baa87daaad6fa6,real,real,BigGAN,test,test,0
e8bb8ef4c13fea24,e8bb8ef4c13fea24,fake,adm,ADM,train,train,0
e8de2ae55534f9f0,e8de2ae55534f9f0,real,real,stable_diffusion_v_1_4,train,train,0
e904486221917c99,e904486221917c99,real,real,stable_diffusion_v_1_4,train,train,0
e92f8d253b26188c,e92f8d253b26188c,real,real,ADM,val,val,0
e93db5f9532c48a3,e93db5f9532c48a3,fake,biggan,BigGAN,train,train,0
e9606e8da0a4c17a,e9606e8da0a4c17a,fake,adm,ADM,train,train,0
e96352ed6072cb49,e96352ed6072cb49,real,real,ADM,train,train,0
e9683ee07d2e03d7,e9683ee07d2e03d7,fake,sd_v1_4,stable_diffusion_v_1_4,train,unused,0
e96cc7e6ffaf68cb,e96cc7e6ffaf68cb,fake,biggan,BigGAN,train,train,0
e96fcce3a75888a7,e96fcce3a75888a7,real,real,ADM,train,train,0
e975e541dfa57835,e975e541dfa57835,fake,sd_v1_4,stable_diffusion_v_1_4,train,unused,0
e97c025fc9b1540f,e97c025fc9b1540f,fake,biggan,BigGAN,train,train,1
e984b02a000bb182,e984b02a000bb182,real,real,ADM,test,test,0
e99150ee14e2b3d7,e99150ee14e2b3d7,fake,adm,ADM,train,train,1
e998b8e55b06694b,e998b8e55b06694b,fake,sd_v1_4,stable_diffusion_v_1_4,train,unused,0
e9e330d28d0d2c18,e9e330d28d0d2c18,fake,adm,ADM,train,train,1
e9ecd8ab58218f93,e9ecd8ab58218f93,real,real,ADM,train,train,0
ea0fc009ded0bb20,ea0fc009ded0bb20,real,real,ADM,test,test,1
ea19154b04bef978,ea19154b04bef978,real,real,ADM,train,train,0
ea42e3071160a096,ea42e3071160a096,real,real,stable_diffusion_v_1_4,test,test,1
ea5903511f1c2e51,ea5903511f1c2e51,real,real,BigGAN,train,train,0
ea8c229050c57c0a,ea8c229050c57c0a,fake,biggan,BigGAN,val,val,0
eaac273f7a712de1,eaac273f7a712de1,real,real,BigGAN,val,val,0
eaacbb04f51299f5,eaacbb04f51299f5,fake,adm,ADM,train,train,0
eab2e89fc16b7e4e,eab2e89fc16b7e4e,fake,adm,ADM,val,val,0
eab742912e4c7ecb,eab742912e4c7ecb,real,real,stable_diffusion_v_1_4,val,val,0
eacb4b9bf29208fa,eacb4b9bf29208fa,real,real,stable_diffusion_v_1_4,test,test,0
ead4ddfcc10c58cb,ead4ddfcc10c58cb,fake,adm,ADM,train,train,0
eae01bf0d6e86548,eae01bf0d6e86548,real,real,stable_diffusion_v_1_4,train,train,0
eaf1d756e52087b8,eaf1d756e52087b8,fake,sd_v1_4,stable_diffusion_v_1_4,train,unused,0
eb06ee1175c161b9,eb06ee1175c161b9,fake,sd_v1_4,stable_diffusion_v_1_4,train,unused,0
eb111b4400c3c016,eb111b4400c3c016,fake,biggan,BigGAN,test,test,1
eb46e9ff1bc97b1b,eb46e9ff1bc97b1b,real,real,ADM,train,train,0
eb4fe8daf7dddceb,eb4fe8daf7dddceb,real,real,stable_diffusion_v_1_4,test,test,0
eb5cc3c257f0500c,eb5cc3c257f0500c,fake,sd_v1_4,stable_diffusion_v_1_4,train,unused,0
eb74dc167d9d4144,eb74dc167d9d4144,real,real,stable_diffusion_v_1_4,test,test,0
eb8dfab1abf7d314,eb8dfab1abf7d314,fake,sd_v1_4,stable_diffusion_v_1_4,val,unused,0
eb8e5ac512255eaa,eb8e5ac512255eaa,fake,biggan,BigGAN,test,test,0
ebd05b57307e4770,ebd05b57307e4770,real,real,ADM,val,val,0
ebd259d078134dd5,ebd259d078134dd5,fake,adm,ADM,train,train,0
ebdb46c2baed3dc0,ebdb46c2baed3dc0,fake,adm,ADM,train,train,0
ebde84b062db050b,ebde84b062db050b,real,real,ADM,train,train,0
ebe84e81c1a6d6e5,ebe84e81c1a6d6e5,real,real,BigGAN,test,test,0
ebf2eb1ee29b9cd4,ebf2eb1ee29b9cd4,real,real,ADM,train,train,0
ec045e96040646d4,ec045e96040646d4,real,real,stable_diffusion_v_1_4,train,train,0
ec04df527bf4476d,ec04df527bf4476d,real,real,stable_diffusion_v_1_4,train,train,0
ec05bee0ec0292a8,ec05bee0ec0292a8,real,real,ADM,train,train,0
ec3b6b987d9db5ad,ec3b6b987d9db5ad,real,real,stable_diffusion_v_1_4,train,train,0
ec3e49d3bbf4b429,ec3e49d3bbf4b429,fake,biggan,BigGAN,val,val,0
ec57c57ca288905d,ec57c57ca288905d,real,real,ADM,train,train,0
ec6e70f8eabd4558,ec6e70f8eabd4558,fake,sd_v1_4,stable_diffusion_v_1_4,train,unused,0
ec7314aa3ed72946,ec7314aa3ed72946,fake,sd_v1_4,stable_diffusion_v_1_4,test,test,0
ec7be9e7b407f035,ec7be9e7b407f035,real,real,ADM,val,val,0
ec8950244644de7a,ec8950244644de7a,fake,biggan,BigGAN,train,train,0
ecac85e4ca1cceb2,ecac85e4ca1cceb2,fake,sd_v1_4,stable_diffusion_v_1_4,train,unused,1
ecaf7712a5833e57,ecaf7712a5833e57,fake,sd_v1_4,stable_diffusion_v_1_4,train,unused,1
ecc5b9828350741a,ecc5b9828350741a,fake,biggan,BigGAN,train,train,0
ecd4e4e862182dce,ecd4e4e862182dce,fake,sd_v1_4,stable_diffusion_v_1_4,train,unused,0
ecd540d47a806da6,ecd540d47a806da6,fake,adm,ADM,train,train,0
ecd98bc99972590a,ecd98bc99972590a,fake,biggan,BigGAN,train,train,0
ecda06b0a98c3171,ecda06b0a98c3171,fake,biggan,BigGAN,train,train,0
ecf65c7ea64120b4,ecf65c7ea64120b4,real,real,ADM,train,train,0
ecfbab8eda09765e,ecfbab8eda09765e,real,real,stable_diffusion_v_1_4,val,val,0
ed02f9a4cad18880,ed02f9a4cad18880,real,real,ADM,train,train,0
ed17a0f7193a67e7,ed17a0f7193a67e7,fake,adm,ADM,train,train,1
ed2277156eeaa64b,ed2277156eeaa64b,real,real,ADM,val,val,0
ed267b0e1f5fd658,ed267b0e1f5fd658,real,real,stable_diffusion_v_1_4,test,test,0
ed285d063a499b9e,ed285d063a499b9e,real,real,BigGAN,train,train,0
ed3a9eebe3371647,ed3a9eebe3371647,fake,biggan,BigGAN,val,val,0
ed50f35862e15394,ed50f35862e15394,fake,sd_v1_4,stable_diffusion_v_1_4,val,unused,0
ed532638a948f7b1,ed532638a948f7b1,real,real,ADM,test,test,1
ed58df8cf7331822,ed58df8cf7331822,fake,adm,ADM,train,train,0
ed5b4b117488c7eb,ed5b4b117488c7eb,fake,biggan,BigGAN,train,train,0
ed6044713bc1fb6d,ed6044713bc1fb6d,fake,biggan,BigGAN,train,train,0
ed63835cff19cee9,ed63835cff19cee9,fake,sd_v1_4,stable_diffusion_v_1_4,train,unused,0
ed657551885f528c,ed657551885f528c,real,real,BigGAN,test,test,0
ed738d83c5da6529,ed738d83c5da6529,real,real,BigGAN,test,test,0
ed9cc38f25a63f4c,ed9cc38f25a63f4c,real,real,ADM,train,train,0
eda307a9d46d65d7,eda307a9d46d65d7,real,real,stable_diffusion_v_1_4,train,train,0
edb2723f19c7c17c,edb2723f19c7c17c,fake,biggan,BigGAN,test,test,0
edbc9abc0aa44f3e,edbc9abc0aa44f3e,real,real,BigGAN,train,train,0
edbe39a5f022099a,edbe39a5f022099a,real,real,BigGAN,train,train,0
ede73315cd19c658,ede73315cd19c658,fake,adm,ADM,train,train,0
edea9c8bbe25cb2a,edea9c8bbe25cb2a,real,real,BigGAN,train,train,0
edf0fb4af57244ed,edf0fb4af57244ed,real,real,BigGAN,train,train,0
edf3fd045c94987b,edf3fd045c94987b,fake,biggan,BigGAN,val,val,0
edf8834a359049b7,edf8834a359049b7,real,real,BigGAN,train,train,0
ee11843fa0c6208f,ee11843fa0c6208f,fake,biggan,BigGAN,train,train,0
ee428698c77b3f3e,ee428698c77b3f3e,real,real,stable_diffusion_v_1_4,train,train,0
ee5564e99a236efe,ee5564e99a236efe,fake,biggan,BigGAN,test,test,0
ee6e5b867dd42714,ee6e5b867dd42714,real,real,stable_diffusion_v_1_4,train,train,0
ee7dfda31e238ecd,ee7dfda31e238ecd,real,real,ADM,val,val,0
ee8e73f822a51a6c,ee8e73f822a51a6c,real,real,stable_diffusion_v_1_4,train,train,1
eeacec8ad4f4e6e6,eeacec8ad4f4e6e6,real,real,ADM,train,train,0
eebefcb0c6a82127,eebefcb0c6a82127,real,real,ADM,train,train,0
eec37aa9d8ee35e3,eec37aa9d8ee35e3,fake,sd_v1_4,stable_diffusion_v_1_4,train,unused,0
eece6c1d6664a656,eece6c1d6664a656,real,real,ADM,test,test,0
eee0af1b6538d9b0,eee0af1b6538d9b0,real,real,stable_diffusion_v_1_4,val,val,0
ef1a317821bb7205,ef1a317821bb7205,fake,sd_v1_4,stable_diffusion_v_1_4,train,unused,0
ef5f1c045639b36d,ef5f1c045639b36d,real,real,ADM,val,val,1
ef6efdc3ed97a7d4,ef6efdc3ed97a7d4,real,real,BigGAN,val,val,0
ef9d8dd9c316ad7b,ef9d8dd9c316ad7b,fake,adm,ADM,train,train,0
efa294ea0125d654,efa294ea0125d654,real,real,ADM,val,val,0
efb56a6920b938fd,efb56a6920b938fd,real,real,ADM,train,train,0
efbb0aab92f4fb3c,efbb0aab92f4fb3c,real,real,BigGAN,train,train,0
efbf01e52e05c31a,efbf01e52e05c31a,real,real,ADM,train,train,0
f03efb46f012e8dd,f03efb46f012e8dd,fake,adm,ADM,train,train,0
f04971bbf93d55f7,f04971bbf93d55f7,real,real,stable_diffusion_v_1_4,train,train,0
f054efd8868d426f,f054efd8868d426f,fake,biggan,BigGAN,train,train,0
f062b58020f2ecc7,f062b58020f2ecc7,real,real,ADM,train,train,0
f0843b5e4994d594,f0843b5e4994d594,fake,sd_v1_4,stable_diffusion_v_1_4,test,test,0
f0a56c942acad0cc,f0a56c942acad0cc,fake,sd_v1_4,stable_diffusion_v_1_4,train,unused,0
f0c139606e43a3cc,f0c139606e43a3cc,real,real,stable_diffusion_v_1_4,test,test,0
f0c65d201e691421,f0c65d201e691421,fake,biggan,BigGAN,train,train,0
f0de702bc19816a0,f0de702bc19816a0,fake,adm,ADM,train,train,1
f0fd118a018a4769,f0fd118a018a4769,real,real,ADM,train,train,0
f119eabc77dbd58c,f119eabc77dbd58c,fake,biggan,BigGAN,train,train,0
f13a2254ef692975,f13a2254ef692975,fake,adm,ADM,val,val,1
f1517169fb7bb1aa,f1517169fb7bb1aa,fake,sd_v1_4,stable_diffusion_v_1_4,val,unused,0
f1574779f6b2022c,f1574779f6b2022c,fake,adm,ADM,train,train,0
f1591249419fe049,f1591249419fe049,fake,sd_v1_4,stable_diffusion_v_1_4,val,unused,0
f18739f548800a1e,f18739f548800a1e,real,real,ADM,train,train,0
f1e1b6601e83059b,f1e1b6601e83059b,fake,adm,ADM,train,train,0
f220c4f35dc4a429,f220c4f35dc4a429,real,real,ADM,test,test,0
f23a58fdc3cafa7b,f23a58fdc3cafa7b,fake,adm,ADM,train,train,0
f244e3fe3fd45cdb,f244e3fe3fd45cdb,real,real,BigGAN,train,train,0
f250491911fe1d35,f250491911fe1d35,real,real,ADM,train,train,0
f25c166185321205,f25c166185321205,fake,adm,ADM,train,train,0
f2725ac99857bccc,f2725ac99857bccc,real,real,stable_diffusion_v_1_4,test,test,0
f27e2af106dc3772,f27e2af106dc3772,fake,sd_v1_4,stable_diffusion_v_1_4,test,test,0
f2bc128161a94438,f2bc128161a94438,fake,adm,ADM,test,test,0
f2bec793a007e80c,f2bec793a007e80c,fake,biggan,BigGAN,test,test,0
f2c99167f97291e7,f2c99167f97291e7,fake,biggan,BigGAN,train,train,0
f2ccc168e3215d5a,f2ccc168e3215d5a,real,real,stable_diffusion_v_1_4,val,val,0
f302749543f1b39f,f302749543f1b39f,real,real,BigGAN,train,train,0
f30e343943e52a94,f30e343943e52a94,fake,adm,ADM,test,test,0
f3258f4728c7f142,f3258f4728c7f142,fake,sd_v1_4,stable_diffusion_v_1_4,val,unused,1
f348986a215c3c6d,f348986a215c3c6d,real,real,ADM,test,test,0
f3556322a74d52f9,f3556322a74d52f9,real,real,ADM,train,train,0
f36fd5678f8165df,f36fd5678f8165df,fake,sd_v1_4,stable_diffusion_v_1_4,test,test,0
f3a9dc092243bd98,f3a9dc092243bd98,real,real,BigGAN,val,val,0
f3bab005fbdec864,f3bab005fbdec864,fake,biggan,BigGAN,test,test,0
f3cdce574744a5f5,f3cdce574744a5f5,fake,sd_v1_4,stable_diffusion_v_1_4,test,test,0
f3cf2ffc5a97bbb0,f3cf2ffc5a97bbb0,fake,sd_v1_4,stable_diffusion_v_1_4,train,unused,0
f3d5fd79b62e0e8a,f3d5fd79b62e0e8a,fake,biggan,BigGAN,train,train,1
f3d799463741c3a7,f3d799463741c3a7,fake,adm,ADM,val,val,1
f4140504d9e9d14f,f4140504d9e9d14f,real,real,ADM,train,train,0
f44d7205cf6a6f9d,f44d7205cf6a6f9d,real,real,BigGAN,train,train,0
f4576ec0f14165d9,f4576ec0f14165d9,real,real,ADM,train,train,0
f464d35662443bbd,f464d35662443bbd,real,real,ADM,test,test,0
f496091e8ad055ef,f496091e8ad055ef,fake,biggan,BigGAN,val,val,0
f4a117203150e018,f4a117203150e018,real,real,BigGAN,train,train,0
f4c61706cdc952df,f4c61706cdc952df,real,real,stable_diffusion_v_1_4,train,train,0
f4d957dc396eb252,f4d957dc396eb252,real,real,BigGAN,val,val,0
f4f5855cb9c9b131,f4f5855cb9c9b131,real,real,stable_diffusion_v_1_4,train,train,0
f50ac9e218d8128c,f50ac9e218d8128c,fake,sd_v1_4,stable_diffusion_v_1_4,train,unused,0
f5119fee8665ca7c,f5119fee8665ca7c,fake,adm,ADM,train,train,0
f51224197a5254e4,f51224197a5254e4,real,real,ADM,test,test,0
f534dd955bc1033b,f534dd955bc1033b,real,real,BigGAN,train,train,0
f53bc7d9fda36e2c,f53bc7d9fda36e2c,real,real,BigGAN,train,train,0
f562696145428e5f,f562696145428e5f,fake,adm,ADM,test,test,0
f56ea0132206bccf,f56ea0132206bccf,real,real,ADM,val,val,0
f5973a4693ec1543,f5973a4693ec1543,fake,sd_v1_4,stable_diffusion_v_1_4,train,unused,0
f59e3ad94fd456b0,f59e3ad94fd456b0,real,real,stable_diffusion_v_1_4,test,test,0
f5bcef121e9912a4,f5bcef121e9912a4,fake,adm,ADM,test,test,0
f5c9725a012ebf53,f5c9725a012ebf53,real,real,stable_diffusion_v_1_4,test,test,0
f5fcc694246cb525,f5fcc694246cb525,real,real,stable_diffusion_v_1_4,train,train,0
f60cd2a1e7bb104a,f60cd2a1e7bb104a,real,real,stable_diffusion_v_1_4,train,train,0
f63a5fceaa36e5e7,f63a5fceaa36e5e7,real,real,stable_diffusion_v_1_4,val,val,0
f64cd123c57f4d73,f64cd123c57f4d73,fake,biggan,BigGAN,train,train,0
f6537ef664eb0f6a,f6537ef664eb0f6a,fake,biggan,BigGAN,test,test,0
f658cd9d1e9b371f,f658cd9d1e9b371f,fake,biggan,BigGAN,train,train,0
f660762b87206677,f660762b87206677,fake,biggan,BigGAN,test,test,0
f6962d32a3c8b769,f6962d32a3c8b769,real,real,BigGAN,train,train,0
f6d19a7558e741c1,f6d19a7558e741c1,fake,adm,ADM,test,test,0
f6dd51e55ffacaaa,f6dd51e55ffacaaa,real,real,stable_diffusion_v_1_4,test,test,0
f6eba1ff8feaea66,f6eba1ff8feaea66,fake,sd_v1_4,stable_diffusion_v_1_4,val,unused,0
f7027334419851b0,f7027334419851b0,fake,biggan,BigGAN,val,val,0
f7111b9dc100972c,f7111b9dc100972c,real,real,ADM,train,train,0
f722b3f959d843ea,f722b3f959d843ea,real,real,stable_diffusion_v_1_4,train,train,0
f73165217caa0b7e,f73165217caa0b7e,fake,adm,ADM,train,train,0
f74815501a91d5e2,f74815501a91d5e2,real,real,stable_diffusion_v_1_4,train,train,0
f74dfa3076b659d3,f74dfa3076b659d3,fake,biggan,BigGAN,val,val,0
f750ad5ea72ab685,f750ad5ea72ab685,real,real,stable_diffusion_v_1_4,val,val,0
f75b63c53493b893,f75b63c53493b893,fake,sd_v1_4,stable_diffusion_v_1_4,val,unused,0
f780b86357b364e7,f780b86357b364e7,real,real,ADM,train,train,0
f7a3359eef90933a,f7a3359eef90933a,fake,adm,ADM,val,val,0
f7a7511a5870b3ef,f7a7511a5870b3ef,real,real,BigGAN,test,test,0
f7b14c53a1bd2a0c,f7b14c53a1bd2a0c,fake,sd_v1_4,stable_diffusion_v_1_4,train,unused,0
f7f60ec937d310c0,f7f60ec937d310c0,real,real,stable_diffusion_v_1_4,train,train,1
f8119644826b1661,f8119644826b1661,real,real,stable_diffusion_v_1_4,val,val,0
f81792a4a719ea81,f81792a4a719ea81,real,real,BigGAN,train,train,0
f8205b44ff7437b0,f8205b44ff7437b0,fake,sd_v1_4,stable_diffusion_v_1_4,train,unused,0
f823634c3fe89bbf,f823634c3fe89bbf,fake,sd_v1_4,stable_diffusion_v_1_4,test,test,0
f82bc58628653d62,f82bc58628653d62,fake,adm,ADM,train,train,0
f82f41387183f58a,f82f41387183f58a,fake,adm,ADM,train,train,0
f835ce8e9ad1f404,f835ce8e9ad1f404,fake,biggan,BigGAN,train,train,1
f86c63d2902bc886,f86c63d2902bc886,real,real,ADM,train,train,0
f8925f89f3d4ca24,f8925f89f3d4ca24,real,real,BigGAN,train,train,0
f911c52fe54b8f0f,f911c52fe54b8f0f,real,real,ADM,train,train,0
f914fc615ea9bfec,f914fc615ea9bfec,fake,sd_v1_4,stable_diffusion_v_1_4,val,unused,1
f91d6de694dda6f9,f91d6de694dda6f9,fake,biggan,BigGAN,train,train,0
f94a3dc16bed9976,f94a3dc16bed9976,fake,sd_v1_4,stable_diffusion_v_1_4,train,unused,0
f96aa779d3202fb6,f96aa779d3202fb6,fake,sd_v1_4,stable_diffusion_v_1_4,train,unused,1
f96d9d472f9e43f3,f96d9d472f9e43f3,fake,sd_v1_4,stable_diffusion_v_1_4,train,unused,0
f98205e4bc631432,f98205e4bc631432,real,real,stable_diffusion_v_1_4,train,train,0
f98781d429c103c8,f98781d429c103c8,fake,biggan,BigGAN,val,val,0
f9a310c991d24e0b,f9a310c991d24e0b,real,real,stable_diffusion_v_1_4,train,train,0
f9a322f01845bbd3,f9a322f01845bbd3,real,real,stable_diffusion_v_1_4,train,train,0
f9b7212fcd443521,f9b7212fcd443521,real,real,ADM,train,train,0
f9d6ca314414c165,f9d6ca314414c165,fake,biggan,BigGAN,val,val,0
f9db1ad983efb125,f9db1ad983efb125,real,real,ADM,val,val,0
f9e8f6d0e2403bc0,f9e8f6d0e2403bc0,fake,sd_v1_4,stable_diffusion_v_1_4,train,unused,1
f9fb9a25552ea0c5,f9fb9a25552ea0c5,real,real,stable_diffusion_v_1_4,val,val,0
f9fdf18d1150b5d2,f9fdf18d1150b5d2,real,real,BigGAN,train,train,0
fa04d3e4fd77c95c,fa04d3e4fd77c95c,fake,biggan,BigGAN,train,train,0
fa0f8b1eb44f4fff,fa0f8b1eb44f4fff,real,real,BigGAN,val,val,0
fa41f5f649ef8088,fa41f5f649ef8088,fake,sd_v1_4,stable_diffusion_v_1_4,train,unused,0
fa46c04cef864ec9,fa46c04cef864ec9,real,real,ADM,train,train,0
fa50251654065fa0,fa50251654065fa0,fake,adm,ADM,test,test,0
fa6abbbb7fdc3c84,fa6abbbb7fdc3c84,real,real,stable_diffusion_v_1_4,val,val,0
fa6cfb2f971f4002,fa6cfb2f971f4002,real,real,BigGAN,train,train,0
fa86a8bb2d5cecc3,fa86a8bb2d5cecc3,fake,sd_v1_4,stable_diffusion_v_1_4,train,unused,0
fa9dab8b975e2576,fa9dab8b975e2576,real,real,ADM,train,train,0
faa8dca27d270c2a,faa8dca27d270c2a,real,real,stable_diffusion_v_1_4,val,val,0
fab7615d0ec1471a,fab7615d0ec1471a,fake,biggan,BigGAN,test,test,0
fae04fbb9bcf30d3,fae04fbb9bcf30d3,fake,adm,ADM,val,val,0
fb08df204b10233f,fb08df204b10233f,fake,adm,ADM,train,train,0
fb1e4bbb0ef0020c,fb1e4bbb0ef0020c,real,real,ADM,train,train,0
fb1fbcdd796999b2,fb1fbcdd796999b2,fake,adm,ADM,train,train,0
fb37f0614dafbe45,fb37f0614dafbe45,fake,adm,ADM,train,train,0
fb6a301f0dd65c18,fb6a301f0dd65c18,real,real,BigGAN,train,train,0
fb88b2791d4bdf02,fb88b2791d4bdf02,fake,biggan,BigGAN,train,train,1
fb914b377979ac5a,fb914b377979ac5a,real,real,ADM,train,train,0
fb976a22a6e95420,fb976a22a6e95420,fake,adm,ADM,train,train,0
fb9e3d35f05f1dce,fb9e3d35f05f1dce,real,real,stable_diffusion_v_1_4,train,train,0
fba30f6b5d2d714c,fba30f6b5d2d714c,fake,adm,ADM,train,train,0
fba8e3cdb4d97609,fba8e3cdb4d97609,fake,adm,ADM,test,test,0
fbae6a04654b0f03,fbae6a04654b0f03,fake,biggan,BigGAN,train,train,1
fbf98e32d6368898,fbf98e32d6368898,fake,biggan,BigGAN,test,test,1
fc0ec0954ba6b7df,fc0ec0954ba6b7df,real,real,stable_diffusion_v_1_4,train,train,0
fc18aa8e0bd2029e,fc18aa8e0bd2029e,fake,sd_v1_4,stable_diffusion_v_1_4,train,unused,0
fc220e4a794e9567,fc220e4a794e9567,fake,biggan,BigGAN,train,train,0
fc47fb2be85b0e74,fc47fb2be85b0e74,real,real,ADM,test,test,0
fc57ce062ccb342a,fc57ce062ccb342a,fake,adm,ADM,train,train,0
fc633e80623880f1,fc633e80623880f1,fake,adm,ADM,test,test,0
fc660aa35cd18833,fc660aa35cd18833,real,real,stable_diffusion_v_1_4,test,test,0
fc734595e721affd,fc734595e721affd,real,real,stable_diffusion_v_1_4,train,train,1
fca64ff83cdd1436,fca64ff83cdd1436,fake,sd_v1_4,stable_diffusion_v_1_4,train,unused,0
fce4db39e063e1ba,fce4db39e063e1ba,fake,biggan,BigGAN,val,val,0
fcec828f46dedb78,fcec828f46dedb78,fake,adm,ADM,test,test,1
fcf1fba870baeea7,fcf1fba870baeea7,real,real,BigGAN,train,train,1
fd2ac6ac232bab38,fd2ac6ac232bab38,real,real,ADM,val,val,0
fd6536efde1410e5,fd6536efde1410e5,real,real,stable_diffusion_v_1_4,val,val,0
fd6a9a1d5aa72570,fd6a9a1d5aa72570,real,real,BigGAN,train,train,1
fd8a81d99a25a1bf,fd8a81d99a25a1bf,real,real,BigGAN,test,test,1
fd94738f2226a3dd,fd94738f2226a3dd,fake,sd_v1_4,stable_diffusion_v_1_4,train,unused,0
fda14846bfd262bb,fda14846bfd262bb,real,real,ADM,train,train,0
fda80dfea75981cd,fda80dfea75981cd,fake,sd_v1_4,stable_diffusion_v_1_4,train,unused,0
fdc1683d841122be,fdc1683d841122be,fake,sd_v1_4,stable_diffusion_v_1_4,train,unused,0
fddcf9f95a82d669,fddcf9f95a82d669,real,real,BigGAN,train,train,0
fde300735085f43c,fde300735085f43c,real,real,BigGAN,val,val,0
fe04a0cd0ba41f5d,fe04a0cd0ba41f5d,fake,adm,ADM,test,test,0
fe3f5ff22301d596,fe3f5ff22301d596,fake,biggan,BigGAN,train,train,0
fe3fb945d065c591,fe3fb945d065c591,real,real,BigGAN,val,val,0
fe51eef0a3e9fbf5,fe51eef0a3e9fbf5,real,real,BigGAN,val,val,0
fe5b228ec661a3cf,fe5b228ec661a3cf,real,real,stable_diffusion_v_1_4,train,train,0
fe5d3ba25d8e5b62,fe5d3ba25d8e5b62,fake,adm,ADM,val,val,0
fea37da5790594ba,fea37da5790594ba,real,real,BigGAN,val,val,0
fea49c273849620e,fea49c273849620e,real,real,ADM,train,train,0
fea58ae5a36c9edb,fea58ae5a36c9edb,real,real,BigGAN,train,train,0
feb4542612a5d5d5,feb4542612a5d5d5,fake,biggan,BigGAN,val,val,0
feca7e0104fa1e5d,feca7e0104fa1e5d,fake,biggan,BigGAN,train,train,0
feda47ec99e03879,feda47ec99e03879,fake,sd_v1_4,stable_diffusion_v_1_4,train,unused,0
fef73c21cae36965,fef73c21cae36965,fake,sd_v1_4,stable_diffusion_v_1_4,val,unused,0
ff0ad406febaba0c,ff0ad406febaba0c,fake,biggan,BigGAN,train,train,0
ff2691d08958c41d,ff2691d08958c41d,fake,adm,ADM,train,train,0
ff5448861f7e95fa,ff5448861f7e95fa,real,real,stable_diffusion_v_1_4,val,val,0
ff6960cc043690dd,ff6960cc043690dd,fake,biggan,BigGAN,train,train,0
ff7c94487d9cfa6e,ff7c94487d9cfa6e,fake,sd_v1_4,stable_diffusion_v_1_4,train,unused,0
ff82f97c4ce2bb0c,ff82f97c4ce2bb0c,real,real,BigGAN,train,train,0
ff84d3ffa29fe352,ff84d3ffa29fe352,real,real,ADM,val,val,1
ffa909b0800f9472,ffa909b0800f9472,fake,adm,ADM,train,train,1
ffdcacb145f53b2a,ffdcacb145f53b2a,real,real,BigGAN,train,train,0
ffdd901913050673,ffdd901913050673,fake,adm,ADM,val,val,0
